-- phpMyAdmin SQL Dump
-- version 4.5.2
-- http://www.phpmyadmin.net
--
-- Host: localhost
-- Generation Time: Aug 18, 2017 at 05:29 AM
-- Server version: 10.1.10-MariaDB
-- PHP Version: 7.0.2

SET SQL_MODE = "NO_AUTO_VALUE_ON_ZERO";
SET time_zone = "+00:00";


/*!40101 SET @OLD_CHARACTER_SET_CLIENT=@@CHARACTER_SET_CLIENT */;
/*!40101 SET @OLD_CHARACTER_SET_RESULTS=@@CHARACTER_SET_RESULTS */;
/*!40101 SET @OLD_COLLATION_CONNECTION=@@COLLATION_CONNECTION */;
/*!40101 SET NAMES utf8mb4 */;

--
-- Database: `greatbtp_db_bus_project`
--

-- --------------------------------------------------------

--
-- Table structure for table `bus`
--

CREATE TABLE `bus` (
  `ID` int(11) NOT NULL,
  `ID_user` int(11) NOT NULL,
  `plat_nomer` varchar(10) NOT NULL,
  `nonaktif` tinyint(1) NOT NULL
) ENGINE=InnoDB DEFAULT CHARSET=latin1;

--
-- Dumping data for table `bus`
--

INSERT INTO `bus` (`ID`, `ID_user`, `plat_nomer`, `nonaktif`) VALUES
(1, 1, 'B 2678 AD', 0),
(2, 1, 'B 2278 AD', 0),
(3, 1, 'B 4578 AD', 0),
(4, 1, 'B 5201 D', 0),
(5, 1, 'NH 9100 KK', 0),
(6, 1, 'BC 2010 NA', 0),
(7, 1, 'BZ 2001 NK', 0),
(9, 2, 'BK 1234 RT', 0),
(10, 1, 'BK 1019 KK', 0),
(11, 1, 'AD 4325 TR', 0);

--
-- Triggers `bus`
--
DELIMITER $$
CREATE TRIGGER `trigg_after_add_bus` AFTER INSERT ON `bus` FOR EACH ROW begin
   insert into raw_track_data set ID_bus=new.ID, date_time=now();
   update t_version set version=version+1 where ID_user = new.ID_user;
end
$$
DELIMITER ;
DELIMITER $$
CREATE TRIGGER `trigg_after_edit_bus` AFTER UPDATE ON `bus` FOR EACH ROW update `t_version` set `t_version`.`version` = `t_version`.`version` + 1
$$
DELIMITER ;

-- --------------------------------------------------------

--
-- Table structure for table `harga_lokasi_trayek`
--

CREATE TABLE `harga_lokasi_trayek` (
  `ID_lokasi_asal` int(11) NOT NULL,
  `ID_lokasi_tujuan` int(11) NOT NULL,
  `harga` int(11) NOT NULL,
  `ID_trayek` int(11) NOT NULL,
  `urutan_trayek` int(2) NOT NULL
) ENGINE=InnoDB DEFAULT CHARSET=latin1;

--
-- Dumping data for table `harga_lokasi_trayek`
--

INSERT INTO `harga_lokasi_trayek` (`ID_lokasi_asal`, `ID_lokasi_tujuan`, `harga`, `ID_trayek`, `urutan_trayek`) VALUES
(1, 2, 20000, 1, 1),
(2, 1, 15000, 2, 4),
(2, 3, 11000, 1, 2),
(3, 2, 14000, 2, 3),
(3, 4, 14000, 1, 3),
(3, 8, 2456, 9, 2),
(4, 3, 11000, 2, 2),
(4, 5, 15000, 1, 4),
(5, 6, 4000, 1, 5),
(5, 8, 234, 10, 2),
(6, 3, 1234, 9, 1),
(6, 7, 3000, 1, 6),
(7, 8, 2000, 1, 7),
(8, 9, 3000, 1, 8),
(8, 9, 222, 9, 3),
(9, 5, 456, 10, 1),
(9, 10, 6000, 1, 9),
(10, 11, 5000, 1, 10),
(11, 12, 2000, 1, 11),
(12, 13, 2000, 1, 12),
(13, 14, 2000, 1, 13),
(14, 15, 5000, 1, 14),
(15, 16, 3000, 1, 15),
(16, 17, 5000, 1, 16),
(17, 18, 2000, 1, 17),
(18, 19, 4000, 1, 18),
(19, 20, 3000, 1, 19),
(20, 4, 20000, 2, 1),
(21, 22, 5000, 4, 2),
(22, 23, 1000, 4, 3),
(23, 24, 2000, 4, 4),
(24, 25, 1000, 4, 5),
(25, 26, 4000, 4, 6),
(26, 27, 3000, 4, 7),
(27, 28, 1000, 4, 8),
(28, 29, 1000, 4, 9),
(29, 30, 4000, 4, 10),
(30, 31, 3000, 4, 11),
(31, 32, 2000, 4, 12),
(32, 34, 1000, 4, 13),
(33, 21, 1000, 4, 1),
(34, 35, 1000, 3, 1),
(35, 36, 1500, 3, 2),
(36, 37, 1200, 3, 3),
(37, 38, 5000, 3, 4),
(38, 39, 4000, 3, 5),
(39, 40, 2050, 3, 6),
(40, 41, 5000, 3, 7),
(41, 42, 3000, 3, 8),
(42, 43, 1000, 3, 9),
(43, 44, 1000, 3, 10),
(43, 44, 5500, 8, 4),
(43, 45, 2230, 7, 2),
(44, 43, 2000, 7, 1),
(44, 45, 5000, 3, 11),
(45, 43, 600, 8, 3),
(45, 46, 4000, 3, 12),
(45, 46, 700, 7, 3),
(46, 45, 3000, 8, 2),
(46, 47, 4000, 3, 13),
(46, 47, 77, 7, 4),
(47, 33, 5000, 3, 14),
(47, 46, 200, 8, 1);

--
-- Triggers `harga_lokasi_trayek`
--
DELIMITER $$
CREATE TRIGGER `trigg_after_add_harga_lokasi_trayek` AFTER INSERT ON `harga_lokasi_trayek` FOR EACH ROW update `t_version` set `t_version`.`version` = `t_version`.`version` + 1
$$
DELIMITER ;
DELIMITER $$
CREATE TRIGGER `trigg_after_edit_harga_lokasi_trayek` AFTER UPDATE ON `harga_lokasi_trayek` FOR EACH ROW update `t_version` set `t_version`.`version` = `t_version`.`version` + 1
$$
DELIMITER ;

-- --------------------------------------------------------

--
-- Table structure for table `lokasi`
--

CREATE TABLE `lokasi` (
  `ID` int(11) NOT NULL,
  `nama_lokasi` varchar(64) NOT NULL,
  `ID_user` int(11) NOT NULL,
  `latitude` double NOT NULL,
  `longitude` double NOT NULL
) ENGINE=InnoDB DEFAULT CHARSET=latin1;

--
-- Dumping data for table `lokasi`
--

INSERT INTO `lokasi` (`ID`, `nama_lokasi`, `ID_user`, `latitude`, `longitude`) VALUES
(1, 'Start', 1, -6.974828, 107.630304),
(2, 'Pool Kendaraan Berat', 1, -6.970123, 107.637038),
(3, 'POM Bensin', 1, -6.960704, 107.638985),
(4, 'POM Bensin Skelimus', 1, -6.952275, 107.637604),
(5, 'RM Cibiuk', 1, -6.947132, 107.636237),
(6, 'UIN', 1, -6.944556, 107.644358),
(7, 'Pengkolan ke PINDAD', 1, -6.942087, 107.652076),
(8, 'SMK Deket MTC', 1, -6.939568, 107.660415),
(9, 'RS Al Islam', 1, -6.938633, 107.6692),
(10, 'Riung Bandung', 1, -6.938053, 107.6774),
(11, 'DAMRI', 1, -6.937393, 107.6864),
(12, 'Depan Pertamina', 1, -6.936796, 107.6942),
(13, 'Tulisan POLISI', 1, -6.936186, 107.7035),
(14, 'Puteran ke-2 setelah kantor polisi', 1, -6.935462, 107.7134),
(15, 'Puskesmas Cibiru', 1, -6.934314, 107.7213),
(16, 'Pool Bis kanan jalan', 1, -6.935426, 107.7283),
(17, 'Persimpangan jalan terpisah', 1, -6.939466, 107.739),
(18, 'Ketemu jalan yang terpisah', 1, -6.94006, 107.75),
(19, 'Pajajaran Plasa', 1, -6.937676, 107.7581),
(20, 'Finish (Klinik Pajajaran)', 1, -6.931333, 107.7716),
(21, 'Bojonegoro', 1, -7.14, 111.87),
(22, 'Ngawi', 1, -7.4, 111.44),
(23, 'Sragen', 1, -7.4, 110.93),
(24, 'Surakarta', 1, -7.55, 110.82),
(25, 'Klaten', 1, -7.7, 110.59),
(26, 'Yogyakarta', 1, -7.8, 110.37),
(27, 'Purworejo', 1, -7.71, 110),
(28, 'Kebumen', 1, -7.65, 109.61),
(29, 'Purwokerto', 1, -7.43, 109.24),
(30, 'Banjar', 1, -7.35, 108.53),
(31, 'Tasikmalaya', 1, -7.31, 108.21),
(32, 'Nagrek', 1, -7.02, 107.89),
(33, 'Tuban', 1, -6.88, 112.02),
(34, 'Bandung', 1, -6.92, 107.6),
(35, 'Sumedang', 1, -6.82, 107.96),
(36, 'Cirebon', 1, -6.7, 108.56),
(37, 'Brebes', 1, -6.86, 109.05),
(38, 'Tegal', 1, -6.84, 109.14),
(39, 'Pemalang', 1, -6.88, 109.37),
(40, 'Pekalongan', 1, -6.87, 109.67),
(41, 'Kendal', 1, -6.92, 110.2),
(42, 'Semarang', 1, -6.96, 110.41),
(43, 'Demak', 1, -6.88, 110.64),
(44, 'Kudus', 1, -6.8, 110.83),
(45, 'Pati', 1, -6.74, 111.03),
(46, 'Rembang', 1, -6.7, 111.33),
(47, 'Lasem', 1, -6.69, 111.44),
(48, 'Ujung Kulon', 1, 12.345, -123.123),
(49, 'medan', 1, -123.456, 123.56),
(50, '', 1, 0, 0),
(51, 'Bandung Selatan', 1, 123, -123);

-- --------------------------------------------------------

--
-- Table structure for table `pengemudi`
--

CREATE TABLE `pengemudi` (
  `ID` int(11) NOT NULL,
  `nama_pengemudi` varchar(128) NOT NULL
) ENGINE=InnoDB DEFAULT CHARSET=latin1;

--
-- Dumping data for table `pengemudi`
--

INSERT INTO `pengemudi` (`ID`, `nama_pengemudi`) VALUES
(1, 'Jan'),
(2, 'Feb');

-- --------------------------------------------------------

--
-- Table structure for table `pengemudi_bus`
--

CREATE TABLE `pengemudi_bus` (
  `ID_pengemudi` int(11) NOT NULL,
  `ID_bus` int(11) NOT NULL,
  `date_time` datetime NOT NULL
) ENGINE=InnoDB DEFAULT CHARSET=latin1;

--
-- Dumping data for table `pengemudi_bus`
--

INSERT INTO `pengemudi_bus` (`ID_pengemudi`, `ID_bus`, `date_time`) VALUES
(1, 1, '2013-11-21 11:33:45'),
(1, 2, '2013-11-26 00:00:00');

-- --------------------------------------------------------

--
-- Table structure for table `raw_track_data`
--

CREATE TABLE `raw_track_data` (
  `ID_Bus` int(11) NOT NULL,
  `date_time` datetime NOT NULL,
  `latitude` double NOT NULL,
  `longitude` double NOT NULL
) ENGINE=InnoDB DEFAULT CHARSET=latin1;

--
-- Dumping data for table `raw_track_data`
--

INSERT INTO `raw_track_data` (`ID_Bus`, `date_time`, `latitude`, `longitude`) VALUES
(1, '2014-06-18 04:41:44', 0.6700000166893005, 0.5),
(2, '2014-07-16 01:51:50', 0.5, 0.9200000166893005),
(3, '2015-07-02 01:46:02', -1, -1),
(4, '2015-09-17 13:11:05', -6.9707317, 107.6306),
(5, '2015-07-06 01:38:14', -1, -1),
(6, '2015-06-30 22:49:40', -6.699999809265137, 108.55999755859375),
(7, '2014-09-15 02:39:40', -6.7, 108.56),
(9, '2014-07-15 01:08:13', 0.9399999976158142, 0.699999988079071),
(10, '2014-07-20 07:13:58', -6.97544, 107.63094),
(11, '2014-07-15 01:15:31', 0.38999998569488525, 0.30000001192092896);

-- --------------------------------------------------------

--
-- Table structure for table `server_config`
--

CREATE TABLE `server_config` (
  `update_interval` int(11) DEFAULT NULL
) ENGINE=InnoDB DEFAULT CHARSET=latin1;

--
-- Dumping data for table `server_config`
--

INSERT INTO `server_config` (`update_interval`) VALUES
(1);

-- --------------------------------------------------------

--
-- Table structure for table `tipe_akun_admin`
--

CREATE TABLE `tipe_akun_admin` (
  `ID` int(11) NOT NULL,
  `nama_tipe` varchar(255) NOT NULL,
  `limit_reporting` enum('tahunan','bulanan','mingguan','harian') NOT NULL,
  `limit_jumlah_rute` int(11) NOT NULL,
  `limit_jumlah_bus` int(11) NOT NULL
) ENGINE=InnoDB DEFAULT CHARSET=latin1;

--
-- Dumping data for table `tipe_akun_admin`
--

INSERT INTO `tipe_akun_admin` (`ID`, `nama_tipe`, `limit_reporting`, `limit_jumlah_rute`, `limit_jumlah_bus`) VALUES
(0, 'Super Admin', 'tahunan', -1, -1),
(1, 'Normal', 'harian', 1, 1),
(2, 'Platinum', 'mingguan', 5, 5),
(3, 'Gold', 'bulanan', 15, 15),
(4, 'Diamond', 'tahunan', 100, 100);

-- --------------------------------------------------------

--
-- Table structure for table `transaksi`
--

CREATE TABLE `transaksi` (
  `ID` int(11) NOT NULL,
  `ID_user` int(11) NOT NULL,
  `ID_bus` int(11) NOT NULL,
  `ID_trayek` int(11) NOT NULL,
  `ID_lokasi_asal` int(11) NOT NULL,
  `ID_lokasi_tujuan` int(11) NOT NULL,
  `longitude` float NOT NULL,
  `latitude` float NOT NULL,
  `jumlah_tiket` int(11) NOT NULL,
  `harga_total` int(11) NOT NULL,
  `date_time` datetime NOT NULL
) ENGINE=InnoDB DEFAULT CHARSET=latin1;

--
-- Dumping data for table `transaksi`
--

INSERT INTO `transaksi` (`ID`, `ID_user`, `ID_bus`, `ID_trayek`, `ID_lokasi_asal`, `ID_lokasi_tujuan`, `longitude`, `latitude`, `jumlah_tiket`, `harga_total`, `date_time`) VALUES
(1, 1, 1, 1, 2, 4, 6.6123, -107.312, 2, 7000, '2013-12-16 15:29:58'),
(5, 1, 2, 3, 39, 40, 109.37, -6.88, 1, 2050, '2013-12-17 16:53:33'),
(6, 1, 2, 3, 39, 40, 109.37, -6.88, 1, 2050, '2013-12-17 17:15:23'),
(7, 1, 2, 3, 39, 40, 109.37, -6.88, 1, 2050, '2013-12-17 17:15:37'),
(8, 1, 2, 3, 39, 42, 109.37, -6.88, 1, 10050, '2013-12-17 17:19:01'),
(9, 1, 2, 3, 39, 42, 109.37, -6.88, 1, 10050, '2013-12-17 18:00:00'),
(10, 1, 2, 3, 39, 33, 109.37, -6.88, 1, 30050, '2013-12-17 18:00:01'),
(11, 1, 2, 3, 39, 41, 109.37, -6.88, 1, 7050, '2013-12-17 18:00:02'),
(12, 1, 2, 3, 39, 42, 109.37, -6.88, 1, 10050, '2013-12-17 18:00:03'),
(13, 1, 2, 3, 39, 43, 109.37, -6.88, 1, 11050, '2013-12-17 19:12:48'),
(14, 1, 2, 3, 39, 33, 109.37, -6.88, 1, 30050, '2013-12-17 19:09:46'),
(15, 1, 4, 1, 1, 2, 0, 0, 1, 20000, '2013-12-18 16:00:43'),
(16, 1, 1, 3, 34, 35, 0, 0, 1, 1000, '2013-12-18 16:41:55'),
(17, 1, 4, 2, 3, 2, 109.67, -6.87, 1, 14000, '2013-12-18 17:08:55'),
(18, 1, 2, 3, 46, 47, 111.33, -6.7, 1, 4000, '2013-12-19 13:29:40'),
(19, 1, 3, 3, 34, 36, 107.6, -6.92, 2, 5000, '2013-12-19 13:37:39'),
(20, 1, 3, 3, 34, 35, 107.6, -6.92, 1, 1000, '2013-12-19 13:38:22'),
(21, 1, 3, 3, 34, 44, 107.6, -6.92, 1, 24750, '2013-12-19 13:39:54'),
(22, 1, 6, 3, 34, 38, 0, 0, 2, 17400, '2013-12-19 14:07:13'),
(24, 1, 6, 3, 34, 35, 107.6, -6.92, 1, 1000, '2013-12-19 14:08:53'),
(25, 1, 6, 3, 35, 36, 107.96, -6.82, 11, 16500, '2013-12-19 14:09:45'),
(26, 1, 6, 3, 35, 36, 107.96, -6.82, 1, 1500, '2013-12-19 14:09:48'),
(27, 1, 6, 3, 34, 35, 107.6, -6.92, 1, 1000, '2013-12-19 14:11:06'),
(29, 1, 10, 3, 34, 35, 107.6, -6.92, 1, 1000, '2013-12-19 14:14:12'),
(30, 1, 10, 3, 36, 43, 108.56, -6.7, 1, 21250, '2013-12-23 21:25:38'),
(32, 1, 6, 3, 34, 39, 0, 0, 1, 12700, '2013-12-23 21:28:11'),
(33, 1, 6, 3, 47, 33, 111.44, -6.69, 1, 5000, '2013-12-23 21:43:43'),
(34, 1, 6, 3, 36, 37, 108.56, -6.7, 1, 1200, '2013-12-23 21:45:59'),
(35, 1, 10, 3, 38, 39, 109.14, -6.84, 1, 4000, '2013-12-23 21:59:15'),
(36, 1, 6, 3, 34, 36, 0, 0, 1, 2500, '2013-12-23 22:07:26'),
(37, 1, 6, 3, 34, 36, 0, 0, 1, 2500, '2013-12-23 22:58:50'),
(38, 1, 1, 3, 35, 36, 107.96, -6.82, 1, 1500, '2013-12-30 11:38:03'),
(39, 1, 1, 3, 35, 36, 107.96, -6.82, 2, 3000, '2013-12-30 11:40:29'),
(40, 1, 1, 1, 2, 1, 22, 23, 2, 20000, '2014-07-14 02:20:31'),
(41, 1, 1, 1, 2, 1, 22, 23, 2, 20000, '2014-07-14 02:21:16'),
(42, 1, 4, 4, 30, 34, 108.53, -7.35, 1, 6000, '2014-07-14 03:07:07'),
(43, 1, 4, 4, 30, 31, 108.53, -7.35, 1, 3000, '2014-07-14 03:07:43'),
(44, 1, 4, 4, 30, 32, 108.53, -7.35, 1, 5000, '2014-07-14 03:30:13'),
(45, 1, 4, 4, 30, 34, 108.53, -7.35, 1, 6000, '2014-07-14 03:31:38'),
(46, 1, 9, 1, 1, 20, 0, 0, 1, 111000, '2014-07-15 01:07:59'),
(47, 1, 2, 1, 3, 9, 107.639, -6.9607, 1, 41000, '2014-07-15 01:09:13'),
(48, 1, 3, 1, 1, 9, 0, 0, 1, 72000, '2014-07-16 01:57:06'),
(49, 1, 3, 1, 1, 4, 0, 0, 1, 45000, '2014-07-16 01:59:17'),
(50, 1, 3, 1, 4, 18, 107.638, -6.95228, 1, 59000, '2014-07-16 02:02:14'),
(51, 1, 3, 1, 4, 14, 107.638, -6.95228, 1, 44000, '2014-07-16 02:03:05'),
(52, 1, 3, 1, 4, 12, 107.638, -6.95228, 1, 40000, '2014-07-16 02:06:17'),
(53, 1, 3, 1, 4, 9, 107.638, -6.95228, 1, 27000, '2014-07-16 02:33:48'),
(54, 1, 3, 1, 7, 11, 107.652, -6.94209, 1, 16000, '2014-07-16 02:43:03'),
(55, 1, 3, 1, 7, 10, 107.652, -6.94209, 1, 11000, '2014-07-16 02:45:59'),
(56, 1, 7, 1, 7, 20, 107.652, -6.94209, 2, 88000, '2014-07-16 02:57:50'),
(57, 1, 7, 1, 8, 11, 107.66, -6.93957, 4, 56000, '2014-07-16 02:58:20'),
(58, 1, 7, 1, 8, 19, 107.66, -6.93957, 12, 468000, '2014-07-16 02:58:40'),
(59, 1, 7, 1, 8, 19, 107.66, -6.93957, 12, 468000, '2014-07-16 02:58:51'),
(60, 1, 7, 1, 8, 18, 107.66, -6.93957, 1, 35000, '2014-07-16 03:30:58'),
(61, 1, 7, 1, 19, 20, 107.758, -6.93768, 1, 3000, '2014-07-16 03:31:36'),
(62, 1, 7, 2, 20, 1, 107.772, -6.93133, 2, 120000, '2014-07-16 03:31:55'),
(63, 1, 4, 4, 30, 31, 108.53, -7.35, 1, 3000, '2014-07-16 03:38:05'),
(64, 1, 6, 4, 30, 31, 108.53, -7.35, 1, 3000, '2014-07-16 03:41:59'),
(65, 1, 6, 4, 30, 31, 108.53, -7.35, 1, 3000, '2014-07-16 03:51:05'),
(66, 1, 6, 4, 30, 32, 108.53, -7.35, 1, 5000, '2014-07-16 03:51:12'),
(67, 1, 7, 2, 20, 4, 107.772, -6.93133, 1, 20000, '2014-07-16 03:54:35'),
(68, 1, 7, 1, 10, 18, 107.677, -6.93805, 1, 26000, '2014-07-16 03:55:11'),
(69, 1, 7, 1, 10, 19, 107.677, -6.93805, 1, 30000, '2014-07-16 03:57:45'),
(70, 1, 7, 2, 20, 1, 107.772, -6.93133, 1, 60000, '2014-07-16 03:58:00'),
(71, 1, 7, 2, 20, 4, 107.772, -6.93133, 1, 20000, '2014-07-16 03:59:47'),
(72, 1, 6, 7, 17, 20, 0.36, 0.46, 6, 42000, '2014-07-16 04:28:19'),
(73, 2, 9, 3, 4, 4, 0.67, 0.75, 9, 0, '2014-07-16 04:28:19'),
(74, 2, 9, 3, 4, 4, 0.13, 0.86, 10, 0, '2014-07-16 04:28:19'),
(75, 2, 9, 3, 20, 4, 0.43, 0.49, 6, 0, '2014-07-16 04:28:19'),
(77, 2, 9, 4, 3, 4, 0.54, 0.49, 4, 60000, '2014-07-16 04:28:19'),
(78, 2, 9, 4, 20, 4, 0.65, 0.01, 7, 0, '2014-07-16 04:28:19'),
(79, 2, 9, 4, 3, 4, 0.18, 0.52, 8, 120000, '2014-07-16 04:28:19'),
(80, 1, 1, 1, 4, 20, 0.1, 0.42, 8, 408000, '2014-07-16 04:28:19'),
(82, 2, 9, 4, 4, 4, 0.56, 0.03, 6, 0, '2014-07-16 04:28:19'),
(83, 2, 9, 4, 4, 4, 0.07, 0.28, 5, 0, '2014-07-16 04:28:19'),
(86, 2, 9, 3, 4, 4, 0.1, 0.99, 5, 0, '2014-07-16 04:28:19'),
(87, 2, 9, 3, 3, 4, 0.31, 0.15, 7, 105000, '2014-07-16 04:28:19'),
(88, 2, 9, 4, 20, 4, 0.48, 0.96, 10, 0, '2014-07-16 04:28:19'),
(89, 2, 9, 4, 3, 4, 0.43, 0.59, 1, 15000, '2014-07-16 04:28:19'),
(91, 2, 9, 3, 4, 4, 0.49, 0.24, 7, 0, '2014-07-16 04:28:19'),
(92, 1, 11, 8, 18, 2, 0.85, 0.93, 2, 0, '2014-07-16 04:28:19'),
(93, 1, 10, 8, 12, 16, 0.59, 0.67, 8, 120000, '2014-07-16 04:28:19'),
(94, 1, 2, 8, 1, 13, 0.4, 0.6, 5, 345000, '2014-07-16 04:28:19'),
(95, 2, 9, 3, 3, 4, 0.3, 0.47, 7, 105000, '2014-07-16 04:28:19'),
(97, 1, 10, 2, 13, 17, 0.86, 0.47, 7, 105000, '2014-07-16 04:28:19'),
(98, 2, 9, 4, 4, 4, 0.25, 0, 7, 0, '2014-07-16 04:28:19'),
(100, 1, 10, 2, 11, 17, 0.09, 0.13, 9, 171000, '2014-07-16 04:28:19'),
(101, 2, 9, 4, 20, 4, 0.01, 0.94, 2, 0, '2014-07-16 04:28:19'),
(103, 2, 9, 4, 20, 4, 0.89, 0.67, 7, 0, '2014-07-16 04:28:19'),
(104, 2, 9, 3, 20, 4, 0.35, 0.04, 10, 0, '2014-07-16 04:28:19'),
(105, 2, 9, 3, 3, 4, 0.16, 1, 10, 150000, '2014-07-16 04:28:19'),
(106, 2, 9, 3, 4, 4, 0.76, 0.62, 1, 0, '2014-07-16 04:28:19'),
(107, 1, 3, 1, 6, 10, 0.75, 0.98, 10, 160000, '2014-07-16 04:28:19'),
(108, 2, 9, 3, 3, 4, 0.14, 0.68, 3, 45000, '2014-07-16 04:28:19'),
(109, 2, 9, 3, 4, 4, 0.05, 0.29, 9, 0, '2014-07-16 04:28:19'),
(110, 2, 9, 3, 20, 4, 0.01, 0.02, 1, 0, '2014-07-16 04:28:19'),
(112, 2, 9, 3, 20, 4, 0.96, 0.34, 3, 0, '2014-07-16 04:28:19'),
(113, 2, 9, 4, 3, 4, 0.91, 0.73, 2, 30000, '2014-07-16 04:28:19'),
(114, 1, 2, 2, 5, 9, 0.2, 0.33, 5, 70000, '2014-07-16 04:28:19'),
(115, 1, 7, 7, 3, 7, 0.12, 0.69, 7, 168000, '2014-07-16 04:28:19'),
(116, 2, 9, 4, 20, 4, 0.16, 0.34, 8, 0, '2014-07-16 04:28:19'),
(117, 2, 9, 4, 20, 4, 0.45, 0.21, 1, 0, '2014-07-16 04:28:19'),
(118, 2, 9, 3, 3, 4, 0.63, 0.14, 9, 135000, '2014-07-16 04:28:19'),
(119, 1, 11, 1, 9, 12, 0.73, 0.18, 7, 63000, '2014-07-16 04:28:19'),
(120, 2, 9, 4, 4, 4, 0, 0.44, 8, 0, '2014-07-16 04:28:19'),
(121, 2, 9, 4, 3, 4, 1, 0.87, 2, 30000, '2014-07-16 04:28:19'),
(122, 1, 2, 8, 18, 2, 0.05, 0.86, 2, 0, '2014-07-16 04:28:19'),
(124, 2, 9, 4, 3, 4, 0.4, 0.74, 4, 60000, '2014-07-16 04:28:19'),
(125, 2, 9, 3, 20, 4, 0.02, 0.34, 9, 0, '2014-07-16 04:28:19'),
(126, 1, 3, 8, 18, 2, 0.73, 0.13, 4, 0, '2014-07-16 04:28:19'),
(127, 2, 9, 3, 20, 4, 0.15, 0.55, 5, 0, '2014-07-16 04:28:19'),
(128, 2, 9, 3, 3, 4, 0.13, 0.26, 5, 75000, '2014-07-16 04:28:19'),
(129, 2, 9, 4, 20, 4, 0.97, 0.07, 7, 0, '2014-07-16 04:28:19'),
(132, 2, 9, 4, 4, 4, 0.18, 0.94, 7, 0, '2014-07-16 04:28:19'),
(133, 2, 9, 4, 20, 4, 0.91, 0.65, 8, 0, '2014-07-16 04:28:19'),
(134, 2, 9, 3, 4, 4, 0.15, 0.82, 5, 0, '2014-07-16 04:28:19'),
(136, 2, 9, 3, 3, 4, 0.39, 0.52, 7, 105000, '2014-07-16 04:28:19'),
(137, 2, 9, 4, 4, 4, 0.34, 0.22, 2, 0, '2014-07-16 04:28:19'),
(138, 2, 9, 4, 4, 4, 0.46, 0.01, 2, 0, '2014-07-16 04:28:19'),
(139, 2, 9, 3, 20, 4, 0.02, 0.16, 5, 0, '2014-07-16 04:28:19'),
(140, 2, 9, 3, 3, 4, 0.8, 0.63, 10, 150000, '2014-07-16 04:28:19'),
(142, 1, 2, 7, 16, 20, 0.81, 0.98, 5, 45000, '2014-07-16 04:28:19'),
(144, 1, 6, 8, 8, 14, 0.57, 0.38, 6, 132000, '2014-07-16 04:28:19'),
(145, 2, 9, 4, 4, 4, 0.51, 0.79, 7, 0, '2014-07-16 04:28:19'),
(146, 2, 9, 4, 20, 4, 0.5, 0.74, 8, 0, '2014-07-16 04:28:19'),
(147, 2, 9, 4, 4, 4, 0.97, 0.62, 6, 0, '2014-07-16 04:28:19'),
(148, 2, 9, 4, 3, 4, 0.33, 0.52, 1, 15000, '2014-07-16 04:28:19'),
(150, 2, 9, 3, 20, 4, 0.75, 0.06, 10, 0, '2014-07-16 04:28:19'),
(152, 2, 9, 3, 3, 4, 0.73, 0.88, 3, 45000, '2014-07-16 04:28:19'),
(153, 1, 4, 8, 5, 18, 0.23, 0.93, 7, 308000, '2014-07-16 04:28:19'),
(154, 1, 11, 1, 9, 18, 0.07, 0.37, 8, 240000, '2014-07-16 04:28:19'),
(155, 2, 9, 3, 4, 4, 0.82, 0.71, 9, 0, '2014-07-16 04:28:20'),
(156, 2, 9, 4, 4, 4, 0.57, 0.87, 9, 0, '2014-07-16 04:28:20'),
(157, 1, 7, 1, 15, 20, 0.02, 0.49, 1, 14000, '2014-07-16 04:28:20'),
(158, 2, 9, 4, 4, 4, 0.9, 0.42, 4, 0, '2014-07-16 04:28:20'),
(159, 2, 9, 4, 3, 4, 0.53, 0.74, 9, 135000, '2014-07-16 04:28:20'),
(161, 1, 1, 7, 2, 6, 0.29, 0.17, 1, 36000, '2014-07-16 04:28:20'),
(162, 2, 9, 4, 4, 4, 0.13, 0.71, 5, 0, '2014-07-16 04:28:20'),
(163, 2, 9, 3, 3, 4, 0.06, 0.7, 6, 90000, '2014-07-16 04:28:20'),
(165, 2, 9, 4, 3, 4, 0.87, 0.85, 4, 60000, '2014-07-16 04:28:20'),
(166, 2, 9, 4, 20, 4, 0.46, 0.59, 3, 0, '2014-07-16 04:28:20'),
(167, 2, 9, 3, 20, 4, 0.85, 0.55, 5, 0, '2014-07-16 04:28:20'),
(168, 1, 2, 8, 10, 18, 0.49, 0.09, 4, 100000, '2014-07-16 04:28:20'),
(169, 2, 9, 3, 4, 4, 0.01, 0.8, 3, 0, '2014-07-16 04:28:20'),
(170, 2, 9, 3, 20, 4, 0.97, 0.55, 1, 0, '2014-07-16 04:28:20'),
(171, 2, 9, 3, 3, 4, 0.6, 0.34, 6, 90000, '2014-07-16 04:28:20'),
(172, 2, 9, 3, 4, 4, 0.16, 0.88, 7, 0, '2014-07-16 04:28:20'),
(173, 2, 9, 3, 4, 4, 0.82, 0.81, 7, 0, '2014-07-16 04:28:20'),
(174, 1, 2, 8, 7, 11, 0.44, 0.39, 1, 16000, '2014-07-16 04:28:20'),
(175, 1, 4, 8, 13, 16, 0.26, 0.27, 8, 104000, '2014-07-16 04:28:20'),
(176, 2, 9, 3, 4, 4, 0.15, 0.01, 5, 0, '2014-07-16 04:28:20'),
(177, 1, 1, 1, 5, 19, 0.86, 0.87, 3, 141000, '2014-07-16 04:28:20'),
(179, 1, 2, 1, 9, 16, 0.32, 0.27, 1, 24000, '2014-07-16 04:28:20'),
(180, 2, 9, 3, 20, 4, 0.45, 0.61, 10, 0, '2014-07-16 04:28:20'),
(181, 1, 6, 1, 7, 15, 0.03, 0.58, 6, 168000, '2014-07-16 04:28:20'),
(182, 2, 9, 4, 3, 4, 0.02, 0.33, 7, 105000, '2014-07-16 04:28:20'),
(183, 1, 4, 1, 12, 19, 0.39, 0.69, 4, 96000, '2014-07-16 04:28:20'),
(184, 2, 9, 4, 4, 4, 0.13, 0.57, 1, 0, '2014-07-16 04:28:20'),
(185, 2, 9, 3, 20, 4, 0, 0.83, 6, 0, '2014-07-16 04:28:20'),
(188, 1, 10, 1, 16, 20, 0.71, 0.96, 8, 72000, '2014-07-16 04:28:20'),
(189, 1, 4, 1, 4, 12, 0.88, 0.74, 6, 162000, '2014-07-16 04:28:20'),
(190, 1, 3, 8, 2, 7, 0.02, 0.92, 4, 152000, '2014-07-16 04:28:20'),
(192, 2, 9, 4, 4, 4, 0.73, 0.32, 5, 0, '2014-07-16 04:28:20'),
(194, 2, 9, 4, 3, 4, 0.73, 0.18, 3, 45000, '2014-07-16 04:28:20'),
(195, 1, 5, 8, 13, 17, 0.15, 0.61, 9, 135000, '2014-07-16 04:28:20'),
(197, 1, 6, 7, 6, 20, 0.8, 0, 7, 308000, '2014-07-16 04:28:20'),
(198, 2, 9, 3, 3, 4, 0.62, 0.21, 7, 105000, '2014-07-16 04:28:20'),
(200, 1, 6, 2, 9, 14, 0.25, 0.72, 3, 48000, '2014-07-16 04:28:20'),
(201, 2, 9, 4, 3, 4, 0.59, 0.51, 1, 15000, '2014-07-16 04:28:20'),
(202, 1, 11, 1, 17, 20, 0.25, 0.59, 8, 56000, '2014-07-16 04:28:20'),
(203, 1, 11, 1, 14, 20, 0.37, 0.54, 4, 68000, '2014-07-16 04:28:20'),
(204, 2, 9, 4, 20, 4, 0.55, 0.5, 10, 0, '2014-07-16 04:28:20'),
(205, 2, 9, 4, 20, 4, 0.32, 0.3, 1, 0, '2014-07-16 04:28:20'),
(206, 1, 4, 8, 15, 19, 0.58, 0.57, 1, 14000, '2014-07-16 04:28:20'),
(207, 2, 9, 4, 4, 4, 0.3, 0.85, 1, 0, '2014-07-16 04:28:20'),
(208, 1, 7, 2, 4, 10, 0.74, 0.17, 3, 69000, '2014-07-16 04:28:20'),
(209, 2, 9, 3, 4, 4, 0.72, 0.56, 6, 0, '2014-07-16 04:28:20'),
(211, 2, 9, 3, 3, 4, 0.05, 0.83, 9, 135000, '2014-07-16 04:28:20'),
(212, 2, 9, 3, 3, 4, 0.25, 0.16, 7, 105000, '2014-07-16 04:28:20'),
(213, 1, 6, 1, 10, 15, 0.69, 0.11, 4, 56000, '2014-07-16 04:28:20'),
(214, 1, 5, 1, 7, 15, 0.69, 0.06, 2, 56000, '2014-07-16 04:28:20'),
(215, 1, 3, 8, 16, 19, 0.8, 0.71, 1, 9000, '2014-07-16 04:28:20'),
(216, 2, 9, 3, 4, 4, 0.17, 0.29, 3, 0, '2014-07-16 04:28:20'),
(217, 2, 9, 4, 20, 4, 0.93, 0.42, 4, 0, '2014-07-16 04:28:20'),
(218, 1, 4, 7, 17, 20, 0.79, 0.13, 3, 21000, '2014-07-16 04:28:20'),
(219, 1, 1, 1, 7, 20, 0.81, 0.42, 8, 336000, '2014-07-16 04:28:20'),
(220, 2, 9, 3, 4, 4, 0.73, 0.9, 4, 0, '2014-07-16 04:28:20'),
(222, 1, 3, 1, 8, 11, 0.14, 0.65, 2, 26000, '2014-07-16 04:28:20'),
(224, 1, 4, 7, 18, 2, 0.67, 0.34, 3, 0, '2014-07-16 04:28:20'),
(226, 1, 1, 2, 9, 13, 0.93, 0.65, 5, 55000, '2014-07-16 04:28:20'),
(227, 2, 9, 4, 20, 4, 0.55, 0.37, 5, 0, '2014-07-16 04:28:20'),
(228, 2, 9, 3, 20, 4, 0.79, 0.26, 2, 0, '2014-07-16 04:28:20'),
(229, 2, 9, 3, 20, 4, 0.25, 0.02, 3, 0, '2014-07-16 04:28:20'),
(230, 1, 3, 7, 10, 14, 0.38, 0.01, 10, 110000, '2014-07-16 04:28:20'),
(231, 2, 9, 3, 4, 4, 0.5, 0.12, 2, 0, '2014-07-16 04:28:20'),
(232, 2, 9, 3, 4, 4, 0.4, 0.65, 10, 0, '2014-07-16 04:28:20'),
(233, 1, 10, 1, 18, 2, 0.07, 0.23, 5, 0, '2014-07-16 04:28:20'),
(234, 1, 11, 8, 11, 16, 0.99, 0.51, 9, 153000, '2014-07-16 04:28:20'),
(235, 2, 9, 4, 3, 4, 0.66, 0.93, 8, 120000, '2014-07-16 04:28:20'),
(236, 1, 1, 2, 11, 17, 0.89, 0.5, 7, 133000, '2014-07-16 04:28:20'),
(237, 2, 9, 4, 3, 4, 0.86, 0.25, 1, 15000, '2014-07-16 04:28:20'),
(238, 2, 9, 4, 20, 4, 0.11, 0.04, 9, 0, '2014-07-16 04:28:20'),
(239, 2, 9, 4, 3, 4, 0.58, 0.67, 5, 75000, '2014-07-16 04:28:20'),
(240, 2, 9, 3, 20, 4, 0.57, 0.72, 6, 0, '2014-07-16 04:28:20'),
(242, 2, 9, 3, 20, 4, 0.21, 0.89, 3, 0, '2014-07-16 04:28:20'),
(243, 2, 9, 3, 20, 4, 0.78, 0.51, 8, 0, '2014-07-16 04:28:20'),
(244, 2, 9, 4, 4, 4, 0.55, 0, 3, 0, '2014-07-16 04:28:20'),
(245, 2, 9, 4, 20, 4, 0.74, 0.06, 8, 0, '2014-07-16 04:28:20'),
(246, 1, 3, 7, 11, 17, 0.72, 0.79, 3, 57000, '2014-07-16 04:28:20'),
(247, 1, 11, 2, 7, 17, 0.78, 0.09, 4, 140000, '2014-07-16 04:28:20'),
(248, 1, 11, 8, 10, 16, 0.85, 0.77, 4, 76000, '2014-07-16 04:28:20'),
(250, 2, 9, 3, 20, 4, 0.96, 0.4, 8, 0, '2014-07-16 04:28:20'),
(251, 2, 9, 3, 4, 4, 0.2, 0.89, 8, 0, '2014-07-16 04:28:20'),
(252, 1, 7, 2, 12, 18, 0.07, 1, 8, 168000, '2014-07-16 04:28:20'),
(253, 2, 9, 4, 4, 4, 0.9, 0.95, 7, 0, '2014-07-16 04:28:20'),
(254, 2, 9, 4, 20, 4, 0.24, 0.93, 10, 0, '2014-07-16 04:28:20'),
(255, 2, 9, 3, 4, 4, 0.34, 0.14, 4, 0, '2014-07-16 04:28:20'),
(256, 1, 5, 8, 12, 18, 0.99, 0.43, 4, 84000, '2014-07-16 04:28:20'),
(257, 1, 4, 7, 7, 12, 0.64, 0.03, 10, 180000, '2014-07-16 04:28:20'),
(258, 2, 9, 3, 3, 4, 0.06, 0.75, 1, 15000, '2014-07-16 04:28:20'),
(260, 2, 9, 3, 4, 4, 0.68, 0.82, 1, 0, '2014-07-16 04:28:20'),
(262, 1, 4, 7, 9, 16, 0.48, 0.47, 6, 144000, '2014-07-16 04:28:20'),
(263, 2, 9, 4, 20, 4, 0.57, 0.82, 3, 0, '2014-07-16 04:28:20'),
(264, 1, 1, 7, 17, 20, 0.55, 0.98, 9, 63000, '2014-07-16 04:28:20'),
(265, 1, 4, 1, 4, 19, 0.4, 0.12, 3, 153000, '2014-07-16 04:28:20'),
(266, 2, 9, 4, 20, 4, 0.17, 0.85, 1, 0, '2014-07-16 04:28:20'),
(267, 1, 7, 2, 6, 12, 0.03, 0.6, 6, 120000, '2014-07-16 04:28:20'),
(269, 2, 9, 3, 3, 4, 0.29, 0.98, 1, 15000, '2014-07-16 04:28:20'),
(270, 1, 7, 2, 9, 19, 0.16, 0.49, 9, 297000, '2014-07-16 04:28:20'),
(271, 2, 9, 3, 20, 4, 0.79, 0.75, 9, 0, '2014-07-16 04:28:20'),
(272, 1, 2, 7, 1, 14, 0.43, 0.96, 5, 370000, '2014-07-16 04:28:20'),
(273, 1, 2, 2, 9, 15, 0.18, 0.51, 6, 114000, '2014-07-16 04:28:20'),
(274, 2, 9, 3, 3, 4, 0.55, 0.58, 9, 135000, '2014-07-16 04:28:20'),
(275, 1, 7, 1, 1, 13, 0.84, 0.88, 7, 483000, '2014-07-16 04:28:20'),
(276, 1, 6, 7, 12, 15, 0.66, 0.12, 3, 30000, '2014-07-16 04:28:20'),
(277, 2, 9, 4, 20, 4, 0.27, 0.77, 4, 0, '2014-07-16 04:28:20'),
(278, 1, 10, 1, 2, 10, 0.68, 1, 7, 364000, '2014-07-16 04:28:20'),
(281, 1, 2, 1, 11, 17, 0.78, 0.96, 6, 114000, '2014-07-16 04:28:20'),
(282, 2, 9, 4, 3, 4, 0.67, 0.59, 2, 30000, '2014-07-16 04:28:20'),
(283, 2, 9, 3, 3, 4, 0.89, 0.63, 9, 135000, '2014-07-16 04:28:20'),
(284, 1, 3, 1, 6, 20, 0.44, 0.12, 1, 44000, '2014-07-16 04:28:20'),
(285, 2, 9, 4, 20, 4, 0.53, 0.69, 5, 0, '2014-07-16 04:28:20'),
(286, 2, 9, 3, 20, 4, 0.03, 0.51, 8, 0, '2014-07-16 04:28:20'),
(288, 1, 10, 1, 5, 11, 0.28, 0.28, 10, 210000, '2014-07-16 04:28:20'),
(289, 1, 10, 1, 6, 13, 0.73, 0.81, 10, 220000, '2014-07-16 04:28:20'),
(290, 1, 3, 2, 3, 10, 0.79, 0.91, 6, 228000, '2014-07-16 04:28:20'),
(292, 1, 1, 1, 10, 15, 0.32, 0.45, 8, 112000, '2014-07-16 04:28:20'),
(293, 1, 5, 1, 10, 14, 0.89, 0.52, 4, 44000, '2014-07-16 04:28:20'),
(295, 2, 9, 3, 20, 4, 0.04, 0.94, 2, 0, '2014-07-16 04:28:20'),
(296, 1, 11, 7, 9, 14, 0.15, 0.23, 5, 80000, '2014-07-16 04:28:20'),
(297, 2, 9, 3, 3, 4, 0.55, 0.17, 4, 60000, '2014-07-16 04:28:20'),
(298, 1, 6, 7, 17, 20, 0.79, 0.99, 7, 49000, '2014-07-16 04:28:20'),
(299, 1, 2, 8, 6, 11, 0.78, 0.5, 3, 54000, '2014-07-16 04:28:20'),
(300, 2, 9, 4, 20, 4, 1, 0.53, 10, 0, '2014-07-16 04:28:20'),
(301, 1, 6, 8, 9, 12, 0.03, 0.82, 5, 45000, '2014-07-16 04:28:20'),
(302, 2, 9, 3, 4, 4, 0.35, 0.28, 8, 0, '2014-07-16 04:28:20'),
(303, 1, 2, 1, 12, 20, 0.54, 0.93, 7, 168000, '2014-07-16 04:28:20'),
(304, 2, 9, 4, 20, 4, 0.23, 0.1, 10, 0, '2014-07-16 04:28:20'),
(305, 2, 9, 3, 3, 4, 0.27, 0.33, 7, 105000, '2014-07-16 04:28:20'),
(306, 2, 9, 3, 20, 4, 0.55, 1, 6, 0, '2014-07-16 04:28:20'),
(307, 2, 9, 3, 4, 4, 0.08, 0.23, 4, 0, '2014-07-16 04:28:20'),
(308, 2, 9, 3, 4, 4, 0.53, 0.44, 10, 0, '2014-07-16 04:28:20'),
(309, 1, 11, 8, 9, 13, 0.17, 0.14, 1, 11000, '2014-07-16 04:28:20'),
(310, 2, 9, 3, 3, 4, 0.28, 0.44, 7, 105000, '2014-07-16 04:28:20'),
(311, 1, 6, 2, 17, 20, 0.44, 0.24, 5, 35000, '2014-07-16 04:28:20'),
(312, 1, 7, 8, 10, 14, 0.36, 0.48, 7, 77000, '2014-07-16 04:28:20'),
(313, 1, 3, 2, 8, 15, 0.33, 0.47, 4, 100000, '2014-07-16 04:28:20'),
(314, 2, 9, 3, 3, 4, 0.72, 0.33, 4, 60000, '2014-07-16 04:28:20'),
(315, 1, 5, 2, 1, 20, 0.54, 0.46, 4, 364000, '2014-07-16 04:28:20'),
(316, 1, 4, 8, 8, 18, 0.36, 0.12, 1, 36000, '2014-07-16 04:28:20'),
(317, 2, 9, 3, 20, 4, 0.92, 0.53, 4, 0, '2014-07-16 04:28:20'),
(318, 2, 9, 3, 3, 4, 0.42, 0.1, 9, 135000, '2014-07-16 04:28:20'),
(319, 2, 9, 4, 3, 4, 0.31, 0.28, 2, 30000, '2014-07-16 04:28:20'),
(320, 2, 9, 4, 4, 4, 0.71, 0.47, 2, 0, '2014-07-16 04:28:20'),
(322, 2, 9, 3, 20, 4, 0.34, 0.07, 6, 0, '2014-07-16 04:28:20'),
(323, 2, 9, 3, 3, 4, 0.77, 0.85, 10, 150000, '2014-07-16 04:28:20'),
(324, 2, 9, 3, 4, 4, 0.85, 0.64, 2, 0, '2014-07-16 04:28:20'),
(325, 2, 9, 4, 4, 4, 0.89, 0.09, 6, 0, '2014-07-16 04:28:20'),
(326, 1, 3, 7, 11, 18, 0.91, 0.15, 5, 115000, '2014-07-16 04:28:20'),
(327, 2, 9, 3, 20, 4, 0.96, 1, 4, 0, '2014-07-16 04:28:20'),
(328, 1, 4, 7, 10, 14, 0.39, 0.67, 10, 110000, '2014-07-16 04:28:20'),
(330, 1, 7, 1, 13, 19, 0.17, 0.11, 5, 110000, '2014-07-16 04:28:20'),
(331, 2, 9, 3, 20, 4, 0.49, 0.51, 6, 0, '2014-07-16 04:28:20'),
(332, 2, 9, 3, 20, 4, 0.77, 0.1, 1, 0, '2014-07-16 04:28:20'),
(333, 1, 7, 2, 12, 17, 0.18, 0.04, 4, 68000, '2014-07-16 04:28:20'),
(334, 2, 9, 3, 4, 4, 0.19, 0.93, 1, 0, '2014-07-16 04:28:20'),
(335, 1, 4, 2, 11, 20, 0.74, 0.18, 8, 208000, '2014-07-16 04:28:20'),
(336, 2, 9, 4, 4, 4, 1, 0.69, 4, 0, '2014-07-16 04:28:20'),
(337, 2, 9, 4, 20, 4, 0.99, 0.43, 1, 0, '2014-07-16 04:28:20'),
(339, 2, 9, 4, 3, 4, 0.92, 0.59, 4, 60000, '2014-07-16 04:28:20'),
(340, 1, 5, 8, 5, 14, 0.64, 0.54, 2, 60000, '2014-07-16 04:28:20'),
(341, 2, 9, 3, 3, 4, 0.62, 0.89, 6, 90000, '2014-07-16 04:28:20'),
(342, 1, 5, 7, 15, 20, 0.16, 0.96, 9, 126000, '2014-07-16 04:28:20'),
(343, 2, 9, 4, 20, 4, 0.22, 0.34, 9, 0, '2014-07-16 04:28:20'),
(344, 2, 9, 3, 20, 4, 0.59, 0.32, 6, 0, '2014-07-16 04:28:20'),
(346, 2, 9, 3, 4, 4, 0.05, 0.47, 8, 0, '2014-07-16 04:28:20'),
(347, 2, 9, 4, 4, 4, 0.18, 0.14, 1, 0, '2014-07-16 04:28:20'),
(348, 1, 2, 2, 8, 18, 0.52, 0.98, 9, 324000, '2014-07-16 04:28:20'),
(350, 1, 5, 1, 7, 16, 0.48, 0.17, 4, 132000, '2014-07-16 04:28:20'),
(351, 2, 9, 4, 3, 4, 0.84, 0.93, 7, 105000, '2014-07-16 04:28:20'),
(352, 1, 2, 1, 15, 19, 0.03, 0.64, 7, 98000, '2014-07-16 04:28:20'),
(353, 1, 1, 8, 1, 11, 0.29, 0.39, 8, 520000, '2014-07-16 04:28:20'),
(354, 2, 9, 3, 4, 4, 0.32, 0.79, 5, 0, '2014-07-16 04:28:20'),
(356, 1, 3, 1, 1, 8, 0.79, 0.71, 7, 364000, '2014-07-16 04:28:20'),
(357, 2, 9, 4, 20, 4, 0.06, 0.04, 7, 0, '2014-07-16 04:28:20'),
(358, 1, 2, 1, 7, 15, 0.92, 0.82, 9, 252000, '2014-07-16 04:28:20'),
(360, 2, 9, 4, 20, 4, 0.63, 0.7, 9, 0, '2014-07-16 04:28:20'),
(361, 1, 4, 1, 1, 11, 0.11, 0.7, 10, 650000, '2014-07-16 04:28:20'),
(362, 1, 10, 2, 16, 20, 0.08, 0.7, 2, 18000, '2014-07-16 04:28:20'),
(363, 1, 1, 8, 14, 19, 0.93, 0.64, 4, 68000, '2014-07-16 04:28:20'),
(366, 2, 9, 3, 4, 4, 0, 0.81, 5, 0, '2014-07-16 04:28:20'),
(367, 1, 7, 2, 13, 18, 0.86, 0.06, 8, 152000, '2014-07-16 04:28:20'),
(368, 1, 5, 8, 11, 18, 0.79, 0.97, 1, 23000, '2014-07-16 04:28:20'),
(369, 2, 9, 3, 3, 4, 0.9, 0.39, 4, 60000, '2014-07-16 04:28:20'),
(370, 1, 7, 8, 5, 16, 0.81, 0.7, 8, 304000, '2014-07-16 04:28:20'),
(372, 2, 9, 4, 4, 4, 0.76, 0.7, 3, 0, '2014-07-16 04:28:20'),
(373, 1, 7, 1, 10, 18, 0.56, 0.88, 7, 175000, '2014-07-16 04:28:20'),
(374, 1, 10, 8, 17, 20, 0.6, 0.7, 2, 14000, '2014-07-16 04:28:20'),
(375, 2, 9, 3, 20, 4, 1, 0.5, 7, 0, '2014-07-16 04:28:20'),
(376, 2, 9, 3, 20, 4, 0.96, 0.26, 2, 0, '2014-07-16 04:28:20'),
(377, 2, 9, 4, 4, 4, 0.58, 0, 3, 0, '2014-07-16 04:28:20'),
(378, 1, 11, 1, 3, 13, 0.87, 0.27, 1, 44000, '2014-07-16 04:28:20'),
(379, 1, 5, 2, 12, 17, 0.83, 0.31, 1, 17000, '2014-07-16 04:28:20'),
(380, 1, 6, 1, 4, 14, 0.39, 0.37, 3, 102000, '2014-07-16 04:28:20'),
(381, 2, 9, 4, 3, 4, 0.56, 0.02, 1, 15000, '2014-07-16 04:28:20'),
(382, 1, 2, 2, 18, 2, 0.49, 0.99, 1, 0, '2014-07-16 04:28:20'),
(383, 2, 9, 4, 4, 4, 0.05, 0.55, 3, 0, '2014-07-16 04:28:20'),
(384, 2, 9, 3, 20, 4, 0.85, 0.35, 10, 0, '2014-07-16 04:28:20'),
(385, 2, 9, 4, 4, 4, 0.73, 0.66, 10, 0, '2014-07-16 04:28:20'),
(386, 2, 9, 4, 3, 4, 0.89, 0.05, 4, 60000, '2014-07-16 04:28:20'),
(387, 1, 10, 7, 6, 19, 0.36, 0.61, 5, 220000, '2014-07-16 04:28:20'),
(389, 2, 9, 3, 4, 4, 0.05, 0.28, 5, 0, '2014-07-16 04:28:20'),
(390, 2, 9, 3, 20, 4, 0.44, 0.67, 3, 0, '2014-07-16 04:28:20'),
(392, 1, 2, 1, 4, 8, 0.07, 0.02, 10, 120000, '2014-07-16 04:28:20'),
(393, 2, 9, 3, 20, 4, 0.55, 0.7, 5, 0, '2014-07-16 04:28:20'),
(394, 2, 9, 4, 3, 4, 0.4, 0.05, 8, 120000, '2014-07-16 04:28:20'),
(395, 2, 9, 4, 3, 4, 0.37, 0.62, 2, 30000, '2014-07-16 04:28:20'),
(396, 1, 6, 2, 11, 19, 0.32, 0.52, 6, 156000, '2014-07-16 04:28:20'),
(397, 2, 9, 4, 20, 4, 0.53, 0.65, 1, 0, '2014-07-16 04:28:20'),
(398, 2, 9, 4, 20, 4, 0.93, 0.9, 7, 0, '2014-07-16 04:28:20'),
(399, 2, 9, 3, 4, 4, 0.99, 0.51, 7, 0, '2014-07-16 04:28:20'),
(400, 2, 9, 3, 4, 4, 0.7, 0.9, 9, 0, '2014-07-16 04:28:20'),
(401, 1, 7, 1, 16, 19, 0.75, 0.92, 9, 81000, '2014-07-16 04:28:20'),
(402, 1, 10, 8, 17, 20, 0.89, 0.56, 3, 21000, '2014-07-16 04:28:20'),
(403, 2, 9, 4, 3, 4, 0.2, 0.32, 6, 90000, '2014-07-16 04:28:20'),
(404, 1, 5, 8, 3, 9, 0.81, 0.99, 7, 231000, '2014-07-16 04:28:20'),
(405, 2, 9, 4, 3, 4, 0.45, 0.65, 10, 150000, '2014-07-16 04:28:20'),
(406, 1, 6, 8, 18, 2, 0.41, 0.26, 2, 0, '2014-07-16 04:28:20'),
(407, 1, 11, 8, 5, 10, 0.2, 0.81, 2, 38000, '2014-07-16 04:28:20'),
(408, 2, 9, 3, 3, 4, 0.26, 0.61, 1, 15000, '2014-07-16 04:28:20'),
(409, 1, 2, 8, 4, 15, 0.49, 0.11, 9, 333000, '2014-07-16 04:28:20'),
(410, 1, 11, 7, 13, 17, 0.07, 0.83, 8, 120000, '2014-07-16 04:28:20'),
(411, 1, 7, 8, 4, 19, 0.8, 0.34, 7, 357000, '2014-07-16 04:28:20'),
(412, 2, 9, 4, 20, 4, 0.14, 0.09, 3, 0, '2014-07-16 04:28:20'),
(414, 1, 5, 2, 16, 20, 0.05, 0.59, 7, 63000, '2014-07-16 04:28:20'),
(415, 2, 9, 4, 4, 4, 0.17, 0.28, 9, 0, '2014-07-16 04:28:20'),
(416, 2, 9, 4, 3, 4, 0.01, 0.93, 3, 45000, '2014-07-16 04:28:20'),
(417, 2, 9, 3, 4, 4, 0.86, 0.95, 4, 0, '2014-07-16 04:28:20'),
(418, 1, 2, 2, 1, 8, 0.78, 0.65, 1, 52000, '2014-07-16 04:28:20'),
(419, 1, 5, 7, 14, 19, 0.96, 0.61, 5, 85000, '2014-07-16 04:28:20'),
(420, 2, 9, 3, 3, 4, 0.04, 0.99, 5, 75000, '2014-07-16 04:28:20'),
(421, 1, 2, 8, 4, 20, 0.83, 0.54, 4, 204000, '2014-07-16 04:28:20'),
(423, 2, 9, 4, 20, 4, 0.19, 0.58, 7, 0, '2014-07-16 04:28:20'),
(424, 2, 9, 3, 20, 4, 0.37, 0.76, 2, 0, '2014-07-16 04:28:20'),
(425, 1, 6, 2, 9, 16, 0.87, 0.84, 5, 120000, '2014-07-16 04:28:20'),
(426, 2, 9, 4, 20, 4, 1, 0.97, 8, 0, '2014-07-16 04:28:20'),
(427, 2, 9, 4, 3, 4, 0.48, 0.47, 5, 75000, '2014-07-16 04:28:20'),
(428, 1, 10, 7, 17, 20, 0.5, 0.05, 8, 56000, '2014-07-16 04:28:20'),
(429, 1, 4, 2, 11, 15, 0.02, 0.08, 9, 108000, '2014-07-16 04:28:20'),
(430, 1, 10, 8, 10, 19, 0.92, 0.25, 8, 224000, '2014-07-16 04:28:20'),
(432, 2, 9, 4, 20, 4, 0.81, 0.86, 1, 0, '2014-07-16 04:28:20'),
(433, 1, 1, 7, 9, 12, 0.76, 0.3, 4, 36000, '2014-07-16 04:28:20'),
(434, 2, 9, 4, 4, 4, 0.07, 0.16, 7, 0, '2014-07-16 04:28:20'),
(435, 1, 7, 8, 16, 20, 0.55, 0.66, 7, 63000, '2014-07-16 04:28:20'),
(436, 2, 9, 4, 3, 4, 0.66, 0.97, 5, 75000, '2014-07-16 04:28:20'),
(437, 2, 9, 4, 3, 4, 0.15, 0.09, 10, 150000, '2014-07-16 04:28:20'),
(439, 1, 1, 1, 1, 14, 0.71, 0.7, 7, 518000, '2014-07-16 04:28:20'),
(442, 2, 9, 4, 4, 4, 0.97, 0.83, 7, 0, '2014-07-16 04:28:20'),
(443, 1, 10, 7, 13, 18, 0.37, 0.33, 7, 133000, '2014-07-16 04:28:20'),
(444, 2, 9, 3, 20, 4, 0.75, 0.92, 5, 0, '2014-07-16 04:28:20'),
(445, 1, 5, 8, 2, 9, 0.47, 0.21, 10, 470000, '2014-07-16 04:28:20'),
(448, 2, 9, 3, 20, 4, 0.21, 0.67, 7, 0, '2014-07-16 04:28:20'),
(449, 2, 9, 4, 20, 4, 0.88, 0.98, 5, 0, '2014-07-16 04:28:20'),
(450, 2, 9, 3, 3, 4, 0.47, 0.68, 2, 30000, '2014-07-16 04:28:20'),
(451, 1, 4, 8, 16, 19, 0.46, 0.12, 2, 18000, '2014-07-16 04:28:20'),
(452, 2, 9, 3, 20, 4, 0.02, 0.88, 5, 0, '2014-07-16 04:28:20'),
(453, 2, 9, 3, 3, 4, 0.43, 0.23, 3, 45000, '2014-07-16 04:28:20'),
(454, 2, 9, 4, 3, 4, 0.64, 0.97, 4, 60000, '2014-07-16 04:28:20'),
(455, 2, 9, 3, 20, 4, 0.31, 0.47, 4, 0, '2014-07-16 04:28:20'),
(456, 2, 9, 4, 4, 4, 0.51, 0.79, 6, 0, '2014-07-16 04:28:20'),
(457, 1, 3, 2, 9, 18, 0.56, 0.7, 7, 210000, '2014-07-16 04:28:20'),
(458, 2, 9, 3, 3, 4, 0.42, 0.09, 3, 45000, '2014-07-16 04:28:20'),
(460, 2, 9, 4, 3, 4, 0.52, 0.26, 3, 45000, '2014-07-16 04:28:20'),
(461, 2, 9, 4, 4, 4, 0.4, 0.07, 1, 0, '2014-07-16 04:28:20'),
(462, 1, 5, 8, 7, 20, 0.94, 0.66, 3, 126000, '2014-07-16 04:28:20'),
(463, 1, 3, 8, 15, 18, 0.05, 0.17, 2, 22000, '2014-07-16 04:28:20'),
(464, 2, 9, 4, 3, 4, 0.19, 0.19, 2, 30000, '2014-07-16 04:28:20'),
(465, 2, 9, 4, 3, 4, 0.71, 0, 4, 60000, '2014-07-16 04:28:20'),
(466, 1, 10, 7, 4, 17, 0.4, 0.51, 1, 44000, '2014-07-16 04:28:20'),
(467, 2, 9, 4, 3, 4, 1, 0.15, 4, 60000, '2014-07-16 04:28:20'),
(468, 2, 9, 3, 20, 4, 0.45, 0.5, 1, 0, '2014-07-16 04:28:20'),
(469, 1, 2, 1, 12, 20, 0.01, 0.02, 1, 24000, '2014-07-16 04:28:20'),
(470, 2, 9, 3, 4, 4, 0.82, 0.63, 9, 0, '2014-07-16 04:28:20'),
(471, 1, 5, 7, 16, 19, 0.94, 0.17, 4, 36000, '2014-07-16 04:28:20'),
(472, 1, 4, 7, 6, 19, 0.17, 0.39, 3, 132000, '2014-07-16 04:28:20'),
(473, 1, 4, 8, 3, 12, 0.9, 0.26, 3, 126000, '2014-07-16 04:28:20'),
(474, 2, 9, 4, 3, 4, 0.53, 0.66, 7, 105000, '2014-07-16 04:28:20'),
(475, 2, 9, 4, 4, 4, 0.73, 0.8, 5, 0, '2014-07-16 04:28:20'),
(476, 1, 5, 7, 1, 14, 0.11, 0.23, 10, 740000, '2014-07-16 04:28:20'),
(477, 2, 9, 3, 3, 4, 0.38, 0.18, 7, 105000, '2014-07-16 04:28:20'),
(478, 2, 9, 3, 4, 4, 0.13, 0.03, 7, 0, '2014-07-16 04:28:20'),
(479, 2, 9, 3, 3, 4, 0.85, 0.34, 5, 75000, '2014-07-16 04:28:20'),
(481, 2, 9, 4, 3, 4, 0.8, 0.48, 4, 60000, '2014-07-16 04:28:20'),
(482, 2, 9, 4, 4, 4, 0.73, 0.09, 7, 0, '2014-07-16 04:28:20'),
(484, 1, 6, 2, 4, 12, 0.2, 0.89, 3, 81000, '2014-07-16 04:28:20'),
(485, 1, 5, 1, 12, 16, 0.51, 0.01, 2, 30000, '2014-07-16 04:28:20'),
(487, 2, 9, 3, 3, 4, 0.56, 0.22, 9, 135000, '2014-07-16 04:28:20'),
(488, 1, 5, 1, 11, 18, 0.93, 0.78, 10, 230000, '2014-07-16 04:28:20'),
(491, 1, 11, 1, 6, 14, 0.26, 0.14, 7, 189000, '2014-07-16 04:28:20'),
(492, 2, 9, 3, 4, 4, 0.03, 0.42, 6, 0, '2014-07-16 04:28:20'),
(493, 2, 9, 3, 20, 4, 0.08, 0.96, 10, 0, '2014-07-16 04:28:20'),
(494, 2, 9, 4, 3, 4, 0.2, 0.99, 4, 60000, '2014-07-16 04:28:20'),
(495, 1, 1, 7, 12, 16, 0.83, 0.34, 1, 15000, '2014-07-16 04:28:20'),
(497, 2, 9, 4, 4, 4, 0.6, 0.5, 6, 0, '2014-07-16 04:28:20'),
(498, 2, 9, 3, 3, 4, 0.4, 0.21, 6, 90000, '2014-07-16 04:28:20'),
(499, 1, 11, 2, 13, 19, 0.52, 0.79, 8, 176000, '2014-07-16 04:28:20'),
(500, 1, 3, 8, 14, 18, 0.54, 0.24, 3, 42000, '2014-07-16 04:28:20'),
(501, 1, 11, 7, 8, 15, 0.33, 0, 4, 100000, '2014-07-16 04:28:20'),
(502, 2, 9, 3, 3, 4, 0.44, 0.43, 3, 45000, '2014-07-16 04:28:20'),
(503, 1, 6, 8, 2, 6, 0.76, 0.8, 3, 108000, '2014-07-16 04:28:20'),
(504, 1, 6, 8, 7, 12, 0.24, 0.62, 7, 126000, '2014-07-16 04:28:20'),
(505, 1, 4, 1, 12, 19, 0.08, 0.02, 3, 72000, '2014-07-16 04:28:20'),
(506, 2, 9, 3, 20, 4, 0.61, 0.58, 1, 0, '2014-07-16 04:28:20'),
(507, 1, 5, 1, 7, 13, 0.88, 0.58, 4, 80000, '2014-07-16 04:28:20'),
(508, 2, 9, 4, 3, 4, 0.37, 0.4, 10, 150000, '2014-07-16 04:28:20'),
(509, 2, 9, 4, 4, 4, 0.6, 0.87, 1, 0, '2014-07-16 04:28:20'),
(510, 2, 9, 3, 4, 4, 0.98, 0.55, 9, 0, '2014-07-16 04:28:20'),
(511, 2, 9, 3, 3, 4, 0.79, 0.2, 1, 15000, '2014-07-16 04:28:20'),
(512, 1, 11, 7, 4, 11, 0.2, 0.14, 2, 50000, '2014-07-16 04:28:20'),
(513, 2, 9, 4, 20, 4, 0.6, 0.31, 2, 0, '2014-07-16 04:28:20'),
(514, 2, 9, 4, 20, 4, 0.23, 0.16, 3, 0, '2014-07-16 04:28:20'),
(515, 2, 9, 3, 4, 4, 0.24, 0.43, 6, 0, '2014-07-16 04:28:20'),
(516, 1, 3, 7, 10, 16, 0.86, 0.68, 2, 38000, '2014-07-16 04:28:20'),
(517, 2, 9, 3, 3, 4, 0.67, 0.03, 7, 105000, '2014-07-16 04:28:20'),
(518, 1, 7, 8, 2, 20, 0.11, 0.28, 9, 720000, '2014-07-16 04:28:20'),
(519, 1, 3, 2, 12, 18, 0.64, 0.18, 8, 168000, '2014-07-16 04:28:20'),
(520, 2, 9, 3, 20, 4, 0.97, 0.44, 4, 0, '2014-07-16 04:28:20'),
(521, 1, 10, 2, 8, 15, 0.26, 0.04, 9, 225000, '2014-07-16 04:28:20'),
(522, 2, 9, 4, 3, 4, 0.19, 0.77, 6, 90000, '2014-07-16 04:28:20'),
(523, 2, 9, 3, 20, 4, 0.43, 0.81, 5, 0, '2014-07-16 04:28:20'),
(524, 1, 1, 7, 2, 5, 0.23, 0.44, 5, 165000, '2014-07-16 04:28:20'),
(525, 1, 7, 7, 10, 20, 0.88, 0.35, 10, 280000, '2014-07-16 04:28:20'),
(526, 2, 9, 4, 3, 4, 0.62, 0.58, 10, 150000, '2014-07-16 04:28:20'),
(527, 2, 9, 3, 20, 4, 0.83, 0.67, 6, 0, '2014-07-16 04:28:20'),
(528, 2, 9, 4, 3, 4, 0.13, 0.4, 8, 120000, '2014-07-16 04:28:20'),
(529, 2, 9, 3, 3, 4, 0.59, 0.66, 10, 150000, '2014-07-16 04:28:20'),
(530, 2, 9, 4, 20, 4, 0.52, 0.3, 8, 0, '2014-07-16 04:28:20'),
(531, 1, 3, 8, 11, 15, 0.59, 0.19, 1, 12000, '2014-07-16 04:28:20'),
(532, 1, 10, 1, 14, 17, 0.45, 0.51, 9, 90000, '2014-07-16 04:28:20'),
(533, 2, 9, 4, 3, 4, 0.22, 0.73, 2, 30000, '2014-07-16 04:28:20'),
(534, 2, 9, 4, 3, 4, 0.83, 0.62, 6, 90000, '2014-07-16 04:28:20'),
(535, 1, 5, 1, 6, 10, 0.33, 0.4, 2, 32000, '2014-07-16 04:28:20'),
(536, 1, 5, 8, 5, 19, 0.47, 0.06, 6, 282000, '2014-07-16 04:28:20'),
(537, 1, 6, 2, 11, 19, 0.06, 0.76, 6, 156000, '2014-07-16 04:28:20'),
(538, 2, 9, 3, 3, 4, 0.09, 0.47, 3, 45000, '2014-07-16 04:28:20'),
(539, 2, 9, 4, 3, 4, 0.99, 0.95, 2, 30000, '2014-07-16 04:28:20'),
(541, 1, 3, 1, 17, 20, 0.92, 0.51, 1, 7000, '2014-07-16 04:28:20'),
(542, 1, 11, 8, 6, 9, 0.43, 0.56, 8, 88000, '2014-07-16 04:28:20'),
(544, 1, 5, 8, 13, 20, 0.78, 0.29, 1, 22000, '2014-07-16 04:28:20'),
(545, 1, 5, 8, 6, 13, 0.44, 0.32, 6, 132000, '2014-07-16 04:28:20'),
(546, 1, 3, 8, 10, 18, 0.41, 0.21, 8, 200000, '2014-07-16 04:28:20'),
(547, 2, 9, 4, 3, 4, 0.83, 0.23, 4, 60000, '2014-07-16 04:28:20'),
(548, 1, 2, 1, 5, 19, 0.38, 0.27, 9, 423000, '2014-07-16 04:28:20'),
(549, 2, 9, 3, 20, 4, 0.51, 0.76, 1, 0, '2014-07-16 04:28:20'),
(550, 2, 9, 4, 4, 4, 0.79, 0.25, 6, 0, '2014-07-16 04:28:20'),
(551, 1, 11, 2, 10, 19, 0.48, 0.93, 2, 56000, '2014-07-16 04:28:20'),
(552, 2, 9, 3, 4, 4, 0.65, 0.4, 3, 0, '2014-07-16 04:28:20'),
(553, 2, 9, 3, 4, 4, 0.17, 0.57, 9, 0, '2014-07-16 04:28:20'),
(554, 2, 9, 3, 3, 4, 0.66, 0.37, 5, 75000, '2014-07-16 04:28:20'),
(555, 2, 9, 4, 4, 4, 0.86, 0.55, 8, 0, '2014-07-16 04:28:20'),
(556, 2, 9, 3, 20, 4, 0.62, 0.47, 5, 0, '2014-07-16 04:28:20'),
(557, 1, 11, 8, 6, 9, 0.5, 0.22, 9, 99000, '2014-07-16 04:28:20'),
(558, 2, 9, 4, 4, 4, 0.01, 1, 10, 0, '2014-07-16 04:28:20'),
(559, 2, 9, 3, 3, 4, 0.9, 0.43, 7, 105000, '2014-07-16 04:28:20'),
(560, 2, 9, 4, 4, 4, 0.38, 0.84, 5, 0, '2014-07-16 04:28:20'),
(561, 1, 7, 7, 7, 13, 0.01, 0.18, 10, 200000, '2014-07-16 04:28:20'),
(562, 2, 9, 4, 3, 4, 0.53, 0.85, 5, 75000, '2014-07-16 04:28:20'),
(563, 1, 2, 2, 5, 9, 0.62, 0.92, 10, 140000, '2014-07-16 04:28:20'),
(564, 1, 10, 2, 10, 14, 0.15, 0, 5, 55000, '2014-07-16 04:28:20'),
(565, 2, 9, 4, 20, 4, 0, 0.13, 5, 0, '2014-07-16 04:28:20'),
(566, 2, 9, 3, 3, 4, 0.21, 0.13, 7, 105000, '2014-07-16 04:28:20'),
(567, 1, 3, 8, 9, 20, 0.83, 0.39, 3, 99000, '2014-07-16 04:28:20'),
(568, 2, 9, 4, 3, 4, 0.75, 0.36, 8, 120000, '2014-07-16 04:28:20'),
(569, 2, 9, 4, 4, 4, 0.13, 0.82, 1, 0, '2014-07-16 04:28:20'),
(570, 2, 9, 4, 3, 4, 0.83, 0.65, 9, 135000, '2014-07-16 04:28:20'),
(571, 1, 6, 2, 2, 11, 0.69, 0.29, 1, 54000, '2014-07-16 04:28:20'),
(572, 1, 1, 8, 5, 18, 0.28, 0.05, 4, 176000, '2014-07-16 04:28:20'),
(573, 1, 1, 7, 13, 16, 0.52, 0.7, 10, 130000, '2014-07-16 04:28:20'),
(574, 2, 9, 4, 20, 4, 0.61, 0.92, 4, 0, '2014-07-16 04:28:20'),
(576, 2, 9, 4, 4, 4, 0.62, 0.92, 3, 0, '2014-07-16 04:28:20'),
(577, 2, 9, 4, 3, 4, 0.67, 0.81, 9, 135000, '2014-07-16 04:28:20'),
(578, 1, 7, 8, 6, 13, 0.86, 0.65, 6, 132000, '2014-07-16 04:28:20'),
(579, 1, 1, 1, 18, 2, 0.72, 0.28, 7, 0, '2014-07-16 04:28:20'),
(580, 1, 10, 2, 2, 12, 0.14, 0.39, 2, 112000, '2014-07-16 04:28:20'),
(581, 2, 9, 4, 3, 4, 0.76, 0.73, 1, 15000, '2014-07-16 04:28:20'),
(582, 2, 9, 3, 3, 4, 0.01, 0.45, 7, 105000, '2014-07-16 04:28:20'),
(584, 2, 9, 4, 20, 4, 0.02, 0.28, 8, 0, '2014-07-16 04:28:20'),
(587, 1, 10, 8, 14, 19, 0.59, 0.29, 4, 68000, '2014-07-16 04:28:20'),
(589, 1, 10, 7, 1, 8, 0.19, 0.57, 4, 208000, '2014-07-16 04:28:20'),
(590, 1, 11, 8, 17, 20, 0.1, 0.88, 4, 28000, '2014-07-16 04:28:20'),
(591, 2, 9, 3, 4, 4, 0.37, 0.89, 9, 0, '2014-07-16 04:28:20'),
(592, 1, 4, 2, 5, 10, 0.54, 0.56, 3, 57000, '2014-07-16 04:28:20'),
(593, 1, 3, 2, 12, 17, 0.86, 0.97, 6, 102000, '2014-07-16 04:28:20'),
(594, 2, 9, 3, 3, 4, 0.29, 0.08, 9, 135000, '2014-07-16 04:28:20'),
(596, 2, 9, 3, 3, 4, 0.62, 0.13, 7, 105000, '2014-07-16 04:28:20'),
(597, 2, 9, 3, 4, 4, 0.32, 0.89, 2, 0, '2014-07-16 04:28:20'),
(598, 1, 3, 8, 4, 15, 0.95, 0.03, 8, 296000, '2014-07-16 04:28:20'),
(599, 1, 4, 2, 12, 19, 0.7, 0.47, 4, 96000, '2014-07-16 04:28:20'),
(600, 1, 5, 2, 14, 17, 0.39, 0.44, 1, 10000, '2014-07-16 04:28:20'),
(601, 2, 9, 3, 20, 4, 0.33, 0.2, 4, 0, '2014-07-16 04:28:20'),
(602, 2, 9, 3, 20, 4, 0.52, 0.95, 2, 0, '2014-07-16 04:28:20'),
(603, 2, 9, 4, 4, 4, 0.23, 0.01, 4, 0, '2014-07-16 04:28:20'),
(604, 2, 9, 3, 3, 4, 0.55, 1, 5, 75000, '2014-07-16 04:28:20'),
(606, 2, 9, 4, 3, 4, 0.55, 0.92, 8, 120000, '2014-07-16 04:28:20'),
(607, 2, 9, 3, 3, 4, 0.39, 0.03, 7, 105000, '2014-07-16 04:28:20'),
(608, 2, 9, 4, 20, 4, 0.6, 0.77, 1, 0, '2014-07-16 04:28:20'),
(610, 2, 9, 4, 4, 4, 0.55, 0.12, 1, 0, '2014-07-16 04:28:20'),
(611, 1, 5, 7, 3, 19, 0.81, 0.82, 6, 396000, '2014-07-16 04:28:20'),
(612, 2, 9, 4, 4, 4, 0.63, 0.69, 1, 0, '2014-07-16 04:28:20'),
(613, 2, 9, 4, 3, 4, 0.02, 0.8, 1, 15000, '2014-07-16 04:28:20'),
(614, 2, 9, 3, 20, 4, 0.59, 0.24, 3, 0, '2014-07-16 04:28:20'),
(616, 2, 9, 3, 4, 4, 0.11, 0.69, 10, 0, '2014-07-16 04:28:20'),
(617, 1, 5, 8, 15, 19, 0.75, 0.91, 4, 56000, '2014-07-16 04:28:20'),
(619, 2, 9, 3, 4, 4, 0.61, 0.39, 5, 0, '2014-07-16 04:28:20'),
(620, 1, 10, 1, 2, 19, 0.79, 0.04, 3, 240000, '2014-07-16 04:28:20'),
(621, 1, 11, 1, 17, 20, 0.97, 0.26, 10, 70000, '2014-07-16 04:28:20'),
(622, 1, 10, 1, 6, 15, 0.48, 0.36, 4, 120000, '2014-07-16 04:28:20'),
(623, 1, 4, 8, 2, 5, 0.33, 0.58, 1, 33000, '2014-07-16 04:28:20'),
(624, 1, 7, 1, 2, 12, 0.16, 0.32, 8, 448000, '2014-07-16 04:28:20'),
(625, 1, 4, 7, 17, 20, 0.96, 0.85, 7, 49000, '2014-07-16 04:28:20'),
(626, 2, 9, 4, 20, 4, 0.34, 0.64, 7, 0, '2014-07-16 04:28:20'),
(627, 2, 9, 4, 3, 4, 0.31, 0.83, 1, 15000, '2014-07-16 04:28:20'),
(628, 2, 9, 3, 4, 4, 0.46, 0.25, 3, 0, '2014-07-16 04:28:20'),
(629, 2, 9, 3, 20, 4, 0.01, 0.87, 7, 0, '2014-07-16 04:28:20'),
(630, 2, 9, 4, 4, 4, 0.57, 0.02, 10, 0, '2014-07-16 04:28:20'),
(631, 1, 7, 7, 2, 5, 0.54, 0.13, 1, 33000, '2014-07-16 04:28:20'),
(633, 2, 9, 4, 4, 4, 0.6, 0.23, 10, 0, '2014-07-16 04:28:21'),
(635, 1, 3, 8, 4, 18, 0.09, 0.23, 3, 144000, '2014-07-16 04:28:21'),
(636, 1, 7, 8, 2, 12, 0.69, 0.65, 3, 168000, '2014-07-16 04:28:21'),
(637, 2, 9, 4, 3, 4, 0.03, 0.68, 5, 75000, '2014-07-16 04:28:21'),
(638, 1, 1, 1, 17, 20, 0.62, 0.84, 6, 42000, '2014-07-16 04:28:21'),
(639, 2, 9, 4, 3, 4, 1, 0.98, 3, 45000, '2014-07-16 04:28:21'),
(640, 2, 9, 3, 20, 4, 0.99, 0.43, 3, 0, '2014-07-16 04:28:21'),
(641, 1, 3, 8, 7, 12, 0.59, 0.81, 5, 90000, '2014-07-16 04:28:21'),
(642, 2, 9, 3, 20, 4, 0.25, 0.63, 4, 0, '2014-07-16 04:28:21'),
(643, 1, 4, 1, 17, 20, 0.03, 0.18, 2, 14000, '2014-07-16 04:28:21'),
(644, 2, 9, 3, 4, 4, 0.77, 0.59, 9, 0, '2014-07-16 04:28:21'),
(645, 1, 5, 2, 5, 9, 0.05, 0.74, 8, 112000, '2014-07-16 04:28:21'),
(646, 2, 9, 4, 4, 4, 0.42, 0.77, 5, 0, '2014-07-16 04:28:21'),
(647, 2, 9, 3, 20, 4, 0.56, 0.3, 8, 0, '2014-07-16 04:28:21'),
(648, 1, 6, 1, 11, 16, 0.71, 0.47, 5, 85000, '2014-07-16 04:28:21'),
(649, 1, 7, 7, 6, 18, 0.41, 0.01, 7, 287000, '2014-07-16 04:28:21'),
(650, 2, 9, 3, 3, 4, 0.87, 0.41, 1, 15000, '2014-07-16 04:28:21'),
(651, 2, 9, 3, 4, 4, 0.53, 0.31, 5, 0, '2014-07-16 04:28:21'),
(652, 1, 4, 1, 11, 14, 0.5, 1, 4, 36000, '2014-07-16 04:28:21'),
(655, 2, 9, 4, 20, 4, 0.26, 0.59, 7, 0, '2014-07-16 04:28:21'),
(656, 2, 9, 3, 3, 4, 0.22, 0.15, 4, 60000, '2014-07-16 04:28:21'),
(657, 2, 9, 3, 3, 4, 0.03, 0.65, 9, 135000, '2014-07-16 04:28:21'),
(658, 2, 9, 4, 4, 4, 0.23, 0.89, 1, 0, '2014-07-16 04:28:21'),
(659, 1, 10, 2, 12, 15, 0.84, 0.29, 8, 80000, '2014-07-16 04:28:21'),
(661, 2, 9, 4, 3, 4, 0.3, 0.81, 1, 15000, '2014-07-16 04:28:21'),
(662, 2, 9, 4, 3, 4, 0.5, 0.95, 8, 120000, '2014-07-16 04:28:21'),
(664, 1, 10, 1, 17, 20, 0.91, 0.6, 2, 14000, '2014-07-16 04:28:21'),
(665, 1, 3, 1, 7, 15, 0.88, 0.48, 2, 56000, '2014-07-16 04:28:21'),
(666, 1, 1, 8, 14, 19, 0.91, 0.49, 10, 170000, '2014-07-16 04:28:21'),
(668, 1, 6, 7, 17, 20, 0.26, 0.05, 7, 49000, '2014-07-16 04:28:21'),
(669, 2, 9, 3, 20, 4, 0.53, 0.15, 3, 0, '2014-07-16 04:28:21'),
(670, 2, 9, 4, 20, 4, 0.45, 0.11, 2, 0, '2014-07-16 04:28:21'),
(671, 1, 5, 2, 16, 20, 0.85, 0.57, 4, 36000, '2014-07-16 04:28:21'),
(672, 1, 3, 2, 1, 12, 0.33, 0.69, 1, 67000, '2014-07-16 04:28:21'),
(673, 1, 7, 1, 9, 14, 0.21, 0.66, 9, 144000, '2014-07-16 04:28:21'),
(674, 1, 6, 1, 6, 9, 0.2, 0.44, 4, 44000, '2014-07-16 04:28:21'),
(675, 2, 9, 3, 4, 4, 0.81, 1, 10, 0, '2014-07-16 04:28:21'),
(676, 1, 3, 1, 10, 17, 0.71, 0.55, 1, 21000, '2014-07-16 04:28:21'),
(678, 2, 9, 3, 3, 4, 0.91, 0.24, 6, 90000, '2014-07-16 04:28:21'),
(679, 2, 9, 3, 20, 4, 0.21, 0.09, 4, 0, '2014-07-16 04:28:21'),
(680, 1, 2, 8, 2, 18, 0.41, 0.17, 3, 231000, '2014-07-16 04:28:21'),
(681, 1, 7, 1, 16, 20, 0.62, 0.99, 7, 63000, '2014-07-16 04:28:21'),
(683, 1, 1, 1, 10, 14, 0.13, 0.83, 8, 88000, '2014-07-16 04:28:21'),
(684, 1, 7, 8, 2, 6, 0.02, 0.34, 2, 72000, '2014-07-16 04:28:21'),
(685, 2, 9, 4, 4, 4, 0.96, 0.26, 3, 0, '2014-07-16 04:28:21'),
(687, 1, 7, 2, 11, 20, 0.14, 0.34, 2, 52000, '2014-07-16 04:28:21'),
(688, 2, 9, 3, 3, 4, 0.53, 0.06, 10, 150000, '2014-07-16 04:28:21'),
(689, 2, 9, 4, 3, 4, 0.79, 0.12, 4, 60000, '2014-07-16 04:28:21'),
(690, 2, 9, 3, 20, 4, 0.87, 0.94, 4, 0, '2014-07-16 04:28:21'),
(691, 2, 9, 4, 4, 4, 0.28, 0.59, 3, 0, '2014-07-16 04:28:21'),
(692, 1, 7, 1, 13, 17, 0.22, 0.61, 2, 30000, '2014-07-16 04:28:21'),
(693, 1, 2, 1, 5, 19, 0.12, 0.64, 6, 282000, '2014-07-16 04:28:21'),
(694, 2, 9, 4, 3, 4, 0.58, 0.09, 3, 45000, '2014-07-16 04:28:21'),
(695, 2, 9, 4, 20, 4, 0.34, 0.45, 8, 0, '2014-07-16 04:28:21'),
(698, 2, 9, 3, 4, 4, 0.33, 0.74, 7, 0, '2014-07-16 04:28:21'),
(699, 1, 5, 8, 13, 20, 0.36, 0.5, 10, 220000, '2014-07-16 04:28:21'),
(700, 2, 9, 3, 3, 4, 0.94, 0.92, 3, 45000, '2014-07-16 04:28:21'),
(701, 2, 9, 3, 20, 4, 0.05, 0.72, 1, 0, '2014-07-16 04:28:21'),
(703, 2, 9, 3, 4, 4, 0.86, 0.46, 2, 0, '2014-07-16 04:28:21'),
(704, 2, 9, 4, 3, 4, 0.88, 0.15, 3, 45000, '2014-07-16 04:28:21'),
(706, 1, 10, 1, 8, 11, 0.01, 0.09, 8, 104000, '2014-07-16 04:28:21'),
(707, 2, 9, 3, 3, 4, 0.77, 0.07, 2, 30000, '2014-07-16 04:28:21'),
(708, 2, 9, 3, 20, 4, 0.17, 0.58, 1, 0, '2014-07-16 04:28:21'),
(709, 2, 9, 3, 4, 4, 0.81, 0.32, 5, 0, '2014-07-16 04:28:21'),
(710, 2, 9, 4, 3, 4, 0.96, 0.55, 3, 45000, '2014-07-16 04:28:21'),
(711, 1, 10, 2, 13, 19, 0.27, 0.85, 3, 66000, '2014-07-16 04:28:21'),
(713, 1, 6, 1, 9, 16, 0.47, 0.88, 2, 48000, '2014-07-16 04:28:21'),
(714, 2, 9, 4, 4, 4, 0.46, 0.65, 2, 0, '2014-07-16 04:28:21'),
(715, 1, 10, 7, 18, 2, 0.68, 0.17, 5, 0, '2014-07-16 04:28:21'),
(716, 2, 9, 4, 4, 4, 0.88, 0.37, 10, 0, '2014-07-16 04:28:21'),
(717, 2, 9, 3, 20, 4, 0.33, 0.14, 10, 0, '2014-07-16 04:28:21'),
(718, 1, 1, 2, 15, 19, 0.95, 0.89, 9, 126000, '2014-07-16 04:28:21'),
(719, 2, 9, 4, 3, 4, 0.97, 0.35, 10, 150000, '2014-07-16 04:28:21'),
(720, 2, 9, 4, 4, 4, 0.9, 0.48, 5, 0, '2014-07-16 04:28:21'),
(722, 2, 9, 3, 20, 4, 0, 0.97, 4, 0, '2014-07-16 04:28:21'),
(723, 2, 9, 3, 20, 4, 0.62, 0.05, 4, 0, '2014-07-16 04:28:21'),
(724, 2, 9, 4, 4, 4, 0.33, 0.89, 9, 0, '2014-07-16 04:28:21'),
(725, 1, 3, 2, 10, 19, 0.56, 0.85, 5, 140000, '2014-07-16 04:28:21'),
(727, 1, 3, 7, 1, 19, 0.85, 0.41, 6, 546000, '2014-07-16 04:28:21'),
(728, 1, 3, 8, 17, 20, 0.88, 0.79, 9, 63000, '2014-07-16 04:28:21'),
(731, 2, 9, 3, 4, 4, 0.41, 0.09, 9, 0, '2014-07-16 04:28:21'),
(732, 2, 9, 4, 20, 4, 0.58, 0.13, 2, 0, '2014-07-16 04:28:21'),
(733, 2, 9, 3, 20, 4, 0.68, 1, 10, 0, '2014-07-16 04:28:21'),
(734, 2, 9, 3, 4, 4, 0.88, 0.43, 6, 0, '2014-07-16 04:28:21'),
(735, 1, 4, 1, 17, 20, 0.22, 0.83, 6, 42000, '2014-07-16 04:28:21'),
(736, 1, 6, 7, 5, 10, 0.95, 0.39, 9, 171000, '2014-07-16 04:28:21'),
(737, 1, 6, 1, 4, 10, 0.07, 0.11, 1, 23000, '2014-07-16 04:28:21'),
(740, 2, 9, 4, 20, 4, 0.14, 0.95, 10, 0, '2014-07-16 04:28:21'),
(741, 2, 9, 3, 3, 4, 0.21, 0.98, 6, 90000, '2014-07-16 04:28:21'),
(742, 1, 5, 8, 8, 14, 0.75, 0.96, 8, 176000, '2014-07-16 04:28:21'),
(743, 2, 9, 4, 3, 4, 0.62, 0.42, 7, 105000, '2014-07-16 04:28:21'),
(744, 1, 2, 7, 11, 16, 0.68, 0.51, 1, 17000, '2014-07-16 04:28:21'),
(745, 2, 9, 4, 3, 4, 0.96, 0.38, 3, 45000, '2014-07-16 04:28:21'),
(747, 1, 4, 7, 14, 20, 0.08, 0.34, 2, 34000, '2014-07-16 04:28:21'),
(748, 1, 1, 7, 11, 19, 0.22, 0.63, 5, 130000, '2014-07-16 04:28:21'),
(749, 2, 9, 3, 3, 4, 0.62, 0.9, 10, 150000, '2014-07-16 04:28:21'),
(750, 2, 9, 4, 3, 4, 0.19, 0.66, 2, 30000, '2014-07-16 04:28:21'),
(751, 2, 9, 4, 4, 4, 0.23, 0.66, 7, 0, '2014-07-16 04:28:21'),
(752, 1, 4, 2, 1, 14, 0.91, 0.47, 5, 370000, '2014-07-16 04:28:21'),
(753, 2, 9, 3, 20, 4, 0.02, 0.02, 3, 0, '2014-07-16 04:28:21'),
(754, 2, 9, 3, 3, 4, 0.81, 0.89, 5, 75000, '2014-07-16 04:28:21'),
(755, 1, 7, 1, 10, 13, 0.7, 0.24, 4, 24000, '2014-07-16 04:28:21'),
(757, 2, 9, 4, 3, 4, 0, 0.07, 9, 135000, '2014-07-16 04:28:21'),
(758, 2, 9, 4, 3, 4, 0.42, 0.18, 2, 30000, '2014-07-16 04:28:21'),
(759, 1, 2, 7, 4, 19, 0.95, 0.5, 10, 510000, '2014-07-16 04:28:21'),
(761, 2, 9, 3, 20, 4, 0.09, 0.02, 6, 0, '2014-07-16 04:28:21'),
(762, 1, 6, 2, 6, 20, 0.41, 0.47, 2, 88000, '2014-07-16 04:28:21'),
(763, 2, 9, 3, 4, 4, 0.88, 0.53, 6, 0, '2014-07-16 04:28:21'),
(764, 2, 9, 3, 4, 4, 0.26, 0.53, 9, 0, '2014-07-16 04:28:21'),
(765, 1, 5, 1, 16, 20, 0.12, 0.38, 10, 90000, '2014-07-16 04:28:21'),
(766, 2, 9, 3, 4, 4, 0.75, 0.84, 7, 0, '2014-07-16 04:28:21'),
(767, 2, 9, 3, 20, 4, 0.73, 0.63, 9, 0, '2014-07-16 04:28:21'),
(768, 2, 9, 3, 3, 4, 0.7, 0.71, 5, 75000, '2014-07-16 04:28:21'),
(769, 1, 10, 2, 17, 20, 0.64, 0.85, 7, 49000, '2014-07-16 04:28:21'),
(770, 1, 2, 2, 5, 19, 0.11, 0.93, 8, 376000, '2014-07-16 04:28:21'),
(771, 1, 2, 8, 8, 19, 0.47, 0.23, 8, 312000, '2014-07-16 04:28:21'),
(772, 2, 9, 4, 3, 4, 0.28, 0.32, 4, 60000, '2014-07-16 04:28:21'),
(773, 1, 6, 2, 1, 7, 0.09, 0.62, 5, 245000, '2014-07-16 04:28:21'),
(774, 1, 11, 7, 2, 5, 0.66, 0.87, 4, 132000, '2014-07-16 04:28:21'),
(775, 2, 9, 4, 4, 4, 1, 0.41, 8, 0, '2014-07-16 04:28:21'),
(777, 2, 9, 3, 3, 4, 1, 0.21, 5, 75000, '2014-07-16 04:28:21'),
(778, 2, 9, 4, 3, 4, 0.37, 0.22, 4, 60000, '2014-07-16 04:28:21'),
(779, 1, 11, 1, 5, 20, 0.45, 0, 4, 188000, '2014-07-16 04:28:21'),
(780, 1, 6, 8, 13, 19, 0.77, 0.07, 2, 44000, '2014-07-16 04:28:21'),
(781, 2, 9, 4, 20, 4, 0.14, 0.53, 4, 0, '2014-07-16 04:28:21'),
(782, 1, 1, 2, 13, 18, 0.44, 0.06, 6, 114000, '2014-07-16 04:28:21'),
(783, 1, 1, 7, 8, 16, 0.78, 0.8, 10, 300000, '2014-07-16 04:28:21'),
(784, 1, 7, 7, 2, 12, 0.78, 0.25, 4, 224000, '2014-07-16 04:28:21'),
(786, 1, 2, 1, 9, 17, 0.16, 0.96, 1, 26000, '2014-07-16 04:28:21'),
(788, 2, 9, 3, 4, 4, 0.27, 0.82, 6, 0, '2014-07-16 04:28:21'),
(789, 1, 3, 2, 15, 18, 0.17, 0.2, 4, 44000, '2014-07-16 04:28:21'),
(790, 1, 3, 7, 1, 11, 0.74, 0.12, 8, 520000, '2014-07-16 04:28:21'),
(792, 2, 9, 3, 20, 4, 0.2, 0.69, 7, 0, '2014-07-16 04:28:21'),
(794, 2, 9, 3, 4, 4, 0.58, 0.14, 1, 0, '2014-07-16 04:28:21'),
(795, 1, 7, 1, 3, 6, 0.97, 0.05, 10, 220000, '2014-07-16 04:28:21'),
(796, 2, 9, 3, 20, 4, 0.79, 0.75, 2, 0, '2014-07-16 04:28:21'),
(797, 2, 9, 4, 3, 4, 0.02, 0.1, 8, 120000, '2014-07-16 04:28:21'),
(798, 2, 9, 3, 4, 4, 0.36, 0.62, 4, 0, '2014-07-16 04:28:21'),
(800, 2, 9, 4, 4, 4, 0.35, 0.79, 7, 0, '2014-07-16 04:28:21'),
(801, 2, 9, 3, 4, 4, 0.4, 0.19, 7, 0, '2014-07-16 04:28:21'),
(802, 2, 9, 3, 20, 4, 0.8, 0.47, 9, 0, '2014-07-16 04:28:21'),
(803, 1, 11, 8, 2, 13, 0.99, 0.61, 6, 348000, '2014-07-16 04:28:21'),
(804, 1, 2, 1, 2, 14, 0.95, 0.71, 2, 126000, '2014-07-16 04:28:21'),
(805, 2, 9, 4, 4, 4, 0.72, 0.03, 4, 0, '2014-07-16 04:28:21'),
(807, 2, 9, 4, 4, 4, 0.18, 0.93, 8, 0, '2014-07-16 04:28:21'),
(808, 1, 1, 8, 18, 2, 0.57, 0.09, 7, 0, '2014-07-16 04:28:21'),
(809, 2, 9, 3, 3, 4, 0.11, 0.33, 5, 75000, '2014-07-16 04:28:21'),
(810, 1, 10, 2, 7, 18, 0.02, 0.82, 7, 273000, '2014-07-16 04:28:21'),
(811, 2, 9, 3, 20, 4, 0.99, 0.04, 10, 0, '2014-07-16 04:28:21'),
(812, 1, 11, 8, 2, 12, 0.02, 0.79, 1, 56000, '2014-07-16 04:28:21'),
(813, 2, 9, 3, 3, 4, 0.34, 0.39, 4, 60000, '2014-07-16 04:28:21'),
(815, 2, 9, 4, 4, 4, 0.72, 0.4, 7, 0, '2014-07-16 04:28:21'),
(816, 2, 9, 4, 20, 4, 0.56, 0.15, 10, 0, '2014-07-16 04:28:21'),
(817, 1, 2, 8, 8, 16, 0.33, 0.7, 7, 210000, '2014-07-16 04:28:21'),
(819, 2, 9, 3, 4, 4, 0.51, 0.01, 2, 0, '2014-07-16 04:28:21'),
(820, 2, 9, 3, 20, 4, 0.46, 0.18, 8, 0, '2014-07-16 04:28:21'),
(821, 2, 9, 3, 20, 4, 0.85, 0.82, 5, 0, '2014-07-16 04:28:21'),
(822, 1, 4, 2, 1, 12, 0.45, 0.7, 3, 201000, '2014-07-16 04:28:21'),
(825, 2, 9, 4, 20, 4, 0.44, 0.6, 7, 0, '2014-07-16 04:28:21'),
(826, 2, 9, 4, 20, 4, 0.38, 0.55, 7, 0, '2014-07-16 04:28:21'),
(828, 2, 9, 4, 3, 4, 0.22, 0.31, 3, 45000, '2014-07-16 04:28:21'),
(829, 2, 9, 3, 20, 4, 0.99, 0.97, 3, 0, '2014-07-16 04:28:21'),
(830, 2, 9, 4, 20, 4, 0.08, 0.84, 3, 0, '2014-07-16 04:28:21'),
(831, 1, 4, 7, 16, 20, 0.42, 0.93, 10, 90000, '2014-07-16 04:28:21'),
(832, 1, 7, 7, 2, 19, 0.08, 0.35, 8, 640000, '2014-07-16 04:28:21'),
(833, 1, 7, 1, 8, 18, 1, 0.61, 6, 216000, '2014-07-16 04:28:21'),
(834, 2, 9, 4, 4, 4, 0.61, 0.87, 5, 0, '2014-07-16 04:28:21'),
(835, 2, 9, 3, 3, 4, 0.22, 0.86, 5, 75000, '2014-07-16 04:28:21'),
(836, 2, 9, 4, 3, 4, 0.93, 0.54, 8, 120000, '2014-07-16 04:28:21'),
(837, 2, 9, 3, 4, 4, 0.74, 0.96, 3, 0, '2014-07-16 04:28:21'),
(838, 2, 9, 4, 20, 4, 0.74, 0.51, 4, 0, '2014-07-16 04:28:21'),
(839, 1, 10, 2, 7, 10, 0.07, 0.85, 10, 140000, '2014-07-16 04:28:21'),
(840, 2, 9, 4, 4, 4, 0.27, 0.12, 1, 0, '2014-07-16 04:28:21'),
(841, 2, 9, 3, 4, 4, 0.35, 0.64, 9, 0, '2014-07-16 04:28:21'),
(842, 1, 5, 8, 8, 13, 0.48, 0.74, 6, 102000, '2014-07-16 04:28:21'),
(843, 1, 11, 8, 6, 9, 0.78, 0.24, 8, 88000, '2014-07-16 04:28:21'),
(844, 1, 11, 1, 11, 15, 0.24, 0.57, 1, 12000, '2014-07-16 04:28:21'),
(846, 2, 9, 4, 3, 4, 0.57, 0.49, 2, 30000, '2014-07-16 04:28:21'),
(847, 2, 9, 3, 4, 4, 0.65, 0.25, 5, 0, '2014-07-16 04:28:21'),
(848, 2, 9, 4, 3, 4, 0.53, 0.96, 1, 15000, '2014-07-16 04:28:21'),
(850, 1, 1, 2, 3, 15, 0.69, 0.22, 2, 104000, '2014-07-16 04:28:21'),
(851, 1, 6, 7, 6, 12, 0.94, 0.71, 10, 200000, '2014-07-16 04:28:21'),
(852, 1, 7, 7, 17, 20, 0.74, 0, 7, 49000, '2014-07-16 04:28:21'),
(854, 2, 9, 4, 4, 4, 0.18, 0.56, 2, 0, '2014-07-16 04:28:21'),
(855, 2, 9, 3, 20, 4, 0.12, 0, 5, 0, '2014-07-16 04:28:21'),
(856, 2, 9, 3, 20, 4, 0.4, 0.7, 8, 0, '2014-07-16 04:28:21'),
(857, 2, 9, 4, 4, 4, 0.68, 0.4, 8, 0, '2014-07-16 04:28:21'),
(858, 1, 4, 1, 1, 13, 0.71, 0.11, 4, 276000, '2014-07-16 04:28:21'),
(859, 2, 9, 3, 20, 4, 0.49, 0.61, 5, 0, '2014-07-16 04:28:21'),
(861, 1, 1, 8, 6, 18, 0.35, 0.05, 8, 328000, '2014-07-16 04:28:21'),
(862, 2, 9, 4, 20, 4, 0.87, 0.66, 9, 0, '2014-07-16 04:28:21'),
(863, 1, 2, 8, 1, 14, 0.61, 0.49, 10, 740000, '2014-07-16 04:28:21'),
(864, 2, 9, 4, 20, 4, 0.21, 0.41, 5, 0, '2014-07-16 04:28:21'),
(865, 1, 4, 7, 1, 16, 0.83, 0.79, 5, 410000, '2014-07-16 04:28:21'),
(866, 1, 5, 7, 17, 20, 0.38, 0.81, 9, 63000, '2014-07-16 04:28:21'),
(867, 2, 9, 4, 20, 4, 0.35, 0.07, 1, 0, '2014-07-16 04:28:21'),
(868, 1, 7, 1, 8, 20, 0.45, 0.86, 3, 117000, '2014-07-16 04:28:21'),
(869, 2, 9, 3, 4, 4, 0.09, 0.96, 5, 0, '2014-07-16 04:28:21'),
(870, 2, 9, 3, 20, 4, 0.23, 0.87, 6, 0, '2014-07-16 04:28:21'),
(871, 1, 7, 7, 9, 12, 0.84, 0.47, 4, 36000, '2014-07-16 04:28:21'),
(872, 2, 9, 4, 4, 4, 0.62, 0.87, 8, 0, '2014-07-16 04:28:21'),
(873, 1, 2, 2, 13, 17, 0.25, 0.19, 10, 150000, '2014-07-16 04:28:21'),
(874, 2, 9, 4, 3, 4, 0.83, 0.59, 9, 135000, '2014-07-16 04:28:21'),
(875, 2, 9, 3, 4, 4, 0.82, 0.99, 8, 0, '2014-07-16 04:28:21'),
(877, 1, 4, 2, 13, 18, 0.51, 0.58, 6, 114000, '2014-07-16 04:28:21'),
(880, 1, 10, 7, 12, 15, 0.74, 0.23, 5, 50000, '2014-07-16 04:28:21'),
(881, 1, 5, 1, 13, 16, 0.71, 0.21, 2, 26000, '2014-07-16 04:28:21'),
(882, 1, 7, 2, 12, 20, 0.07, 0.54, 4, 96000, '2014-07-16 04:28:21'),
(883, 1, 1, 8, 7, 16, 0.38, 0.77, 9, 297000, '2014-07-16 04:28:21'),
(885, 1, 10, 8, 6, 15, 0.17, 0.49, 8, 240000, '2014-07-16 04:28:21'),
(886, 2, 9, 3, 3, 4, 0.93, 0.09, 1, 15000, '2014-07-16 04:28:21'),
(887, 2, 9, 3, 4, 4, 0.2, 0.42, 7, 0, '2014-07-16 04:28:21'),
(888, 2, 9, 4, 3, 4, 0.49, 0.11, 9, 135000, '2014-07-16 04:28:21'),
(889, 1, 1, 1, 15, 18, 0.63, 0.56, 2, 22000, '2014-07-16 04:28:21'),
(890, 1, 11, 8, 1, 18, 0.02, 0.09, 9, 792000, '2014-07-16 04:28:21'),
(892, 2, 9, 3, 4, 4, 0.35, 0.2, 7, 0, '2014-07-16 04:28:21'),
(894, 1, 10, 2, 16, 20, 0.4, 0.75, 9, 81000, '2014-07-16 04:28:21'),
(895, 2, 9, 3, 4, 4, 0.49, 0.05, 9, 0, '2014-07-16 04:28:21'),
(896, 1, 3, 2, 15, 19, 0.39, 0.5, 1, 14000, '2014-07-16 04:28:21'),
(897, 2, 9, 4, 3, 4, 0.59, 0.99, 1, 15000, '2014-07-16 04:28:21'),
(898, 1, 3, 8, 4, 16, 0.67, 0.07, 7, 294000, '2014-07-16 04:28:21'),
(899, 2, 9, 3, 3, 4, 0.36, 0.75, 4, 60000, '2014-07-16 04:28:21'),
(900, 2, 9, 3, 20, 4, 0.67, 0.36, 1, 0, '2014-07-16 04:28:21'),
(901, 2, 9, 4, 3, 4, 0.78, 0.75, 1, 15000, '2014-07-16 04:28:21'),
(902, 1, 7, 2, 15, 19, 0.34, 0.42, 2, 28000, '2014-07-16 04:28:21');
INSERT INTO `transaksi` (`ID`, `ID_user`, `ID_bus`, `ID_trayek`, `ID_lokasi_asal`, `ID_lokasi_tujuan`, `longitude`, `latitude`, `jumlah_tiket`, `harga_total`, `date_time`) VALUES
(903, 2, 9, 3, 3, 4, 0.87, 0.12, 8, 120000, '2014-07-16 04:28:21'),
(904, 2, 9, 3, 20, 4, 0.38, 0.2, 7, 0, '2014-07-16 04:28:21'),
(905, 1, 11, 2, 4, 17, 0.08, 0.25, 9, 396000, '2014-07-16 04:28:21'),
(906, 2, 9, 4, 20, 4, 0.05, 0.28, 7, 0, '2014-07-16 04:28:21'),
(907, 2, 9, 3, 3, 4, 0.55, 0.59, 1, 15000, '2014-07-16 04:28:21'),
(908, 2, 9, 3, 3, 4, 0.39, 0.44, 5, 75000, '2014-07-16 04:28:21'),
(910, 1, 6, 7, 6, 17, 0.98, 0.96, 5, 185000, '2014-07-16 04:28:21'),
(911, 1, 4, 2, 12, 20, 0.9, 0.7, 8, 192000, '2014-07-16 04:28:21'),
(912, 2, 9, 4, 4, 4, 0.04, 0.97, 7, 0, '2014-07-16 04:28:21'),
(913, 2, 9, 4, 3, 4, 0.81, 0.28, 10, 150000, '2014-07-16 04:28:21'),
(914, 1, 11, 2, 2, 20, 0.19, 0.55, 4, 320000, '2014-07-16 04:28:21'),
(915, 2, 9, 4, 4, 4, 0.67, 0.29, 3, 0, '2014-07-16 04:28:21'),
(916, 2, 9, 4, 3, 4, 0.72, 0.49, 8, 120000, '2014-07-16 04:28:21'),
(918, 2, 9, 4, 4, 4, 0.19, 0.97, 9, 0, '2014-07-16 04:28:21'),
(919, 1, 11, 2, 15, 19, 0.62, 0.05, 2, 28000, '2014-07-16 04:28:21'),
(920, 2, 9, 4, 4, 4, 0.46, 0.18, 9, 0, '2014-07-16 04:28:21'),
(921, 2, 9, 4, 3, 4, 0.56, 0.38, 10, 150000, '2014-07-16 04:28:21'),
(922, 2, 9, 4, 3, 4, 0.58, 0.7, 3, 45000, '2014-07-16 04:28:21'),
(923, 2, 9, 3, 20, 4, 0.11, 0.25, 2, 0, '2014-07-16 04:28:21'),
(924, 2, 9, 4, 4, 4, 0.79, 0.32, 5, 0, '2014-07-16 04:28:21'),
(925, 1, 1, 2, 13, 19, 0.69, 0.66, 3, 66000, '2014-07-16 04:28:21'),
(926, 2, 9, 3, 3, 4, 0.81, 0.17, 4, 60000, '2014-07-16 04:28:21'),
(927, 2, 9, 3, 4, 4, 0.72, 0.66, 3, 0, '2014-07-16 04:28:21'),
(928, 2, 9, 4, 4, 4, 0.05, 0.08, 5, 0, '2014-07-16 04:28:21'),
(929, 1, 4, 1, 13, 16, 0.77, 0.96, 8, 104000, '2014-07-16 04:28:21'),
(930, 1, 1, 7, 16, 20, 0.88, 0.23, 8, 72000, '2014-07-16 04:28:21'),
(931, 1, 7, 2, 9, 15, 0.88, 0.74, 4, 76000, '2014-07-16 04:28:21'),
(932, 1, 5, 8, 4, 14, 0.06, 0.6, 7, 238000, '2014-07-16 04:28:21'),
(936, 2, 9, 3, 20, 4, 1, 0.84, 6, 0, '2014-07-16 04:28:21'),
(937, 2, 9, 3, 20, 4, 0.38, 0.68, 9, 0, '2014-07-16 04:28:21'),
(938, 1, 1, 1, 5, 16, 0.14, 0.28, 10, 380000, '2014-07-16 04:28:21'),
(940, 2, 9, 4, 3, 4, 0.69, 0.39, 8, 120000, '2014-07-16 04:28:21'),
(941, 2, 9, 4, 4, 4, 0.59, 0.28, 3, 0, '2014-07-16 04:28:21'),
(942, 2, 9, 3, 20, 4, 0.78, 0.28, 10, 0, '2014-07-16 04:28:21'),
(943, 2, 9, 3, 4, 4, 1, 0.12, 5, 0, '2014-07-16 04:28:21'),
(944, 1, 11, 2, 2, 15, 0.64, 0.82, 6, 396000, '2014-07-16 04:28:21'),
(945, 1, 7, 8, 17, 20, 0.2, 0.15, 10, 70000, '2014-07-16 04:28:21'),
(946, 2, 9, 3, 20, 4, 0.56, 0.12, 10, 0, '2014-07-16 04:28:21'),
(947, 2, 9, 3, 20, 4, 0.55, 0.57, 6, 0, '2014-07-16 04:28:21'),
(948, 2, 9, 4, 20, 4, 0.39, 0.71, 6, 0, '2014-07-16 04:28:21'),
(950, 1, 7, 7, 13, 17, 0.8, 0.67, 8, 120000, '2014-07-16 04:28:21'),
(951, 1, 1, 8, 14, 19, 0.47, 0.24, 2, 34000, '2014-07-16 04:28:21'),
(953, 2, 9, 4, 4, 4, 0.14, 0.98, 8, 0, '2014-07-16 04:28:21'),
(954, 2, 9, 3, 20, 4, 0.08, 0.79, 8, 0, '2014-07-16 04:28:21'),
(956, 2, 9, 3, 3, 4, 0.47, 0.04, 1, 15000, '2014-07-16 04:28:21'),
(958, 1, 10, 7, 12, 20, 0.59, 0.37, 1, 24000, '2014-07-16 04:28:21'),
(959, 1, 10, 8, 8, 16, 0.92, 0.87, 1, 30000, '2014-07-16 04:28:21'),
(960, 1, 1, 7, 13, 18, 0.81, 0.74, 8, 152000, '2014-07-16 04:28:21'),
(961, 2, 9, 3, 4, 4, 0.77, 0.29, 1, 0, '2014-07-16 04:28:21'),
(962, 2, 9, 4, 4, 4, 0.1, 0.48, 10, 0, '2014-07-16 04:28:21'),
(963, 2, 9, 3, 4, 4, 0.26, 0.51, 6, 0, '2014-07-16 04:28:21'),
(964, 1, 3, 2, 15, 18, 0.98, 0.57, 7, 77000, '2014-07-16 04:28:21'),
(965, 1, 11, 2, 4, 17, 0.52, 0.24, 4, 176000, '2014-07-16 04:28:21'),
(966, 2, 9, 4, 20, 4, 0.2, 0.29, 1, 0, '2014-07-16 04:28:21'),
(967, 2, 9, 3, 3, 4, 1, 0.44, 3, 45000, '2014-07-16 04:28:21'),
(968, 1, 7, 1, 7, 17, 0.65, 0.04, 10, 350000, '2014-07-16 04:28:21'),
(969, 2, 9, 3, 4, 4, 0.35, 0.69, 4, 0, '2014-07-16 04:28:21'),
(970, 1, 4, 7, 8, 17, 1, 0.42, 2, 64000, '2014-07-16 04:28:21'),
(971, 2, 9, 3, 4, 4, 0.5, 0.92, 2, 0, '2014-07-16 04:28:21'),
(973, 2, 9, 4, 4, 4, 0.35, 0.01, 6, 0, '2014-07-16 04:28:21'),
(974, 2, 9, 4, 4, 4, 0.36, 0.55, 5, 0, '2014-07-16 04:28:21'),
(975, 1, 6, 1, 3, 7, 0.97, 0.33, 3, 72000, '2014-07-16 04:28:21'),
(976, 2, 9, 3, 4, 4, 0.85, 0.89, 3, 0, '2014-07-16 04:28:21'),
(977, 2, 9, 4, 3, 4, 0.9, 0.46, 7, 105000, '2014-07-16 04:28:21'),
(978, 2, 9, 3, 4, 4, 0.58, 0.75, 1, 0, '2014-07-16 04:28:21'),
(979, 1, 10, 2, 6, 18, 0.53, 0.58, 8, 328000, '2014-07-16 04:28:21'),
(981, 2, 9, 3, 3, 4, 0.62, 0.37, 6, 90000, '2014-07-16 04:28:21'),
(982, 1, 4, 8, 15, 20, 0.6, 0.83, 2, 28000, '2014-07-16 04:28:21'),
(984, 2, 9, 4, 20, 4, 0.86, 0.46, 4, 0, '2014-07-16 04:28:21'),
(985, 2, 9, 3, 3, 4, 0.37, 0.25, 3, 45000, '2014-07-16 04:28:21'),
(986, 2, 9, 3, 3, 4, 0.87, 0.93, 1, 15000, '2014-07-16 04:28:21'),
(987, 2, 9, 3, 4, 4, 0.18, 0.35, 2, 0, '2014-07-16 04:28:21'),
(990, 2, 9, 3, 4, 4, 0.09, 0.68, 8, 0, '2014-07-16 04:28:21'),
(991, 1, 11, 1, 18, 2, 0.51, 0.11, 6, 0, '2014-07-16 04:28:21'),
(992, 2, 9, 4, 4, 4, 0.82, 0.39, 9, 0, '2014-07-16 04:28:21'),
(994, 2, 9, 3, 4, 4, 0.92, 0.1, 10, 0, '2014-07-16 04:28:21'),
(995, 2, 9, 4, 3, 4, 0.98, 0.59, 4, 60000, '2014-07-16 04:28:21'),
(996, 1, 2, 8, 16, 20, 0.34, 0.73, 1, 9000, '2014-07-16 04:28:21'),
(997, 1, 3, 7, 1, 17, 0.93, 0.66, 3, 252000, '2014-07-16 04:28:21'),
(1000, 1, 2, 7, 6, 14, 0.51, 0.36, 8, 216000, '2014-07-16 04:28:21'),
(1001, 2, 9, 4, 4, 4, 0.42, 0.89, 4, 0, '2014-07-16 04:28:21'),
(1002, 1, 5, 8, 3, 10, 0.56, 0.78, 4, 152000, '2014-07-16 04:28:21'),
(1003, 1, 4, 1, 8, 17, 0.31, 0.35, 1, 32000, '2014-07-16 04:28:21'),
(1005, 2, 9, 3, 3, 4, 0.91, 0.22, 2, 30000, '2014-07-16 04:28:21'),
(1006, 1, 2, 2, 14, 20, 1, 0.11, 8, 136000, '2014-07-16 04:28:21'),
(1007, 1, 3, 2, 2, 13, 0.57, 0.16, 10, 580000, '2014-07-16 04:28:21'),
(1008, 2, 9, 4, 4, 4, 0.48, 0.8, 2, 0, '2014-07-16 04:28:21'),
(1009, 2, 9, 3, 4, 4, 0.29, 0.77, 2, 0, '2014-07-16 04:28:21'),
(1010, 1, 11, 8, 5, 20, 0.05, 0.02, 5, 235000, '2014-07-16 04:28:21'),
(1012, 1, 7, 8, 10, 14, 0.66, 0.67, 1, 11000, '2014-07-16 04:28:21'),
(1013, 1, 7, 7, 4, 7, 0.47, 0.38, 6, 54000, '2014-07-16 04:28:21'),
(1014, 1, 4, 7, 8, 14, 0.82, 0.84, 7, 154000, '2014-07-16 04:28:21'),
(1016, 1, 3, 7, 6, 19, 0.44, 0.33, 4, 176000, '2014-07-16 04:28:21'),
(1019, 2, 9, 3, 4, 4, 0.64, 0.88, 5, 0, '2014-07-16 04:28:21'),
(1020, 2, 9, 4, 3, 4, 0.04, 0.14, 3, 45000, '2014-07-16 04:28:21'),
(1022, 2, 9, 4, 20, 4, 0.02, 0.53, 9, 0, '2014-07-16 04:28:21'),
(1023, 2, 9, 3, 20, 4, 0.32, 0.72, 4, 0, '2014-07-16 04:28:21'),
(1024, 2, 9, 3, 20, 4, 0.22, 0.34, 6, 0, '2014-07-16 04:28:21'),
(1025, 2, 9, 3, 4, 4, 0.75, 0.56, 9, 0, '2014-07-16 04:28:21'),
(1026, 2, 9, 4, 3, 4, 0.53, 0.78, 2, 30000, '2014-07-16 04:28:21'),
(1028, 2, 9, 4, 20, 4, 0.93, 0.65, 4, 0, '2014-07-16 04:28:21'),
(1029, 2, 9, 4, 3, 4, 0.48, 0.7, 3, 45000, '2014-07-16 04:28:21'),
(1030, 2, 9, 3, 3, 4, 0.01, 0.1, 6, 90000, '2014-07-16 04:28:21'),
(1031, 1, 6, 2, 15, 20, 0.39, 0.29, 4, 56000, '2014-07-16 04:28:21'),
(1032, 2, 9, 3, 3, 4, 0.11, 0.24, 6, 90000, '2014-07-16 04:28:21'),
(1033, 2, 9, 3, 4, 4, 0.1, 0.76, 4, 0, '2014-07-16 04:28:21'),
(1034, 2, 9, 3, 20, 4, 0.32, 0.57, 3, 0, '2014-07-16 04:28:21'),
(1035, 2, 9, 3, 3, 4, 0.33, 0.05, 9, 135000, '2014-07-16 04:28:21'),
(1036, 1, 5, 7, 1, 14, 0.98, 0.58, 6, 444000, '2014-07-16 04:28:21'),
(1037, 1, 11, 1, 14, 17, 0.81, 0.08, 9, 90000, '2014-07-16 04:28:21'),
(1038, 2, 9, 4, 3, 4, 0.5, 0.08, 6, 90000, '2014-07-16 04:28:21'),
(1039, 1, 2, 2, 12, 17, 0.26, 0.46, 7, 119000, '2014-07-16 04:28:21'),
(1040, 2, 9, 4, 4, 4, 0.27, 0, 4, 0, '2014-07-16 04:28:21'),
(1041, 1, 1, 1, 7, 19, 0.16, 0.25, 7, 294000, '2014-07-16 04:28:21'),
(1043, 2, 9, 4, 20, 4, 0.17, 0.81, 9, 0, '2014-07-16 04:28:21'),
(1044, 1, 5, 2, 11, 19, 0.32, 0.88, 1, 26000, '2014-07-16 04:28:21'),
(1046, 2, 9, 4, 4, 4, 0.31, 0.55, 7, 0, '2014-07-16 04:28:21'),
(1047, 1, 3, 7, 5, 13, 0.55, 0.13, 8, 200000, '2014-07-16 04:28:21'),
(1050, 2, 9, 3, 4, 4, 0.72, 0.16, 1, 0, '2014-07-16 04:28:22'),
(1051, 2, 9, 3, 4, 4, 0.42, 0.18, 6, 0, '2014-07-16 04:28:22'),
(1052, 2, 9, 3, 4, 4, 0.16, 0.81, 10, 0, '2014-07-16 04:28:22'),
(1053, 1, 2, 2, 5, 13, 0.14, 0.94, 1, 25000, '2014-07-16 04:28:22'),
(1054, 2, 9, 4, 4, 4, 0.81, 0.65, 8, 0, '2014-07-16 04:28:22'),
(1055, 2, 9, 3, 20, 4, 0.35, 0.69, 3, 0, '2014-07-16 04:28:22'),
(1056, 2, 9, 4, 4, 4, 0.69, 0.59, 6, 0, '2014-07-16 04:28:22'),
(1057, 2, 9, 4, 4, 4, 0.75, 0.42, 7, 0, '2014-07-16 04:28:22'),
(1058, 2, 9, 3, 3, 4, 0.94, 0.45, 6, 90000, '2014-07-16 04:28:22'),
(1059, 2, 9, 4, 20, 4, 0.45, 0.44, 9, 0, '2014-07-16 04:28:22'),
(1061, 2, 9, 3, 3, 4, 0.65, 0.58, 7, 105000, '2014-07-16 04:28:22'),
(1062, 2, 9, 3, 4, 4, 0.72, 0.17, 7, 0, '2014-07-16 04:28:22'),
(1063, 1, 11, 8, 6, 13, 0.34, 0.18, 9, 198000, '2014-07-16 04:28:22'),
(1064, 2, 9, 3, 3, 4, 0.67, 0.56, 7, 105000, '2014-07-16 04:28:22'),
(1065, 2, 9, 4, 4, 4, 0.16, 0.02, 2, 0, '2014-07-16 04:28:22'),
(1066, 1, 3, 7, 16, 19, 0.89, 0.54, 4, 36000, '2014-07-16 04:28:22'),
(1067, 2, 9, 4, 20, 4, 0.87, 0.06, 5, 0, '2014-07-16 04:28:22'),
(1068, 2, 9, 3, 20, 4, 0.67, 1, 9, 0, '2014-07-16 04:28:22'),
(1069, 1, 6, 2, 16, 20, 0.34, 0, 8, 72000, '2014-07-16 04:28:22'),
(1070, 2, 9, 4, 4, 4, 0.16, 0.01, 5, 0, '2014-07-16 04:28:22'),
(1071, 2, 9, 4, 4, 4, 0.71, 0.84, 2, 0, '2014-07-16 04:28:22'),
(1073, 2, 9, 4, 3, 4, 0.95, 0.48, 7, 105000, '2014-07-16 04:28:22'),
(1074, 2, 9, 3, 20, 4, 0.3, 0.7, 9, 0, '2014-07-16 04:28:22'),
(1075, 1, 4, 2, 11, 14, 0.1, 0.68, 3, 27000, '2014-07-16 04:28:22'),
(1076, 1, 1, 7, 13, 18, 0.09, 0.76, 5, 95000, '2014-07-16 04:28:22'),
(1077, 2, 9, 3, 3, 4, 0.69, 0.39, 4, 60000, '2014-07-16 04:28:22'),
(1078, 2, 9, 4, 20, 4, 0.29, 0.95, 10, 0, '2014-07-16 04:28:22'),
(1079, 2, 9, 4, 3, 4, 0.24, 1, 4, 60000, '2014-07-16 04:28:22'),
(1080, 1, 7, 1, 16, 20, 0.82, 0.35, 6, 54000, '2014-07-16 04:28:22'),
(1081, 2, 9, 3, 20, 4, 0.74, 0.5, 1, 0, '2014-07-16 04:28:22'),
(1082, 1, 1, 1, 8, 14, 0.04, 0.39, 1, 22000, '2014-07-16 04:28:22'),
(1083, 1, 11, 7, 11, 15, 0.71, 0.97, 6, 72000, '2014-07-16 04:28:22'),
(1086, 1, 7, 7, 10, 18, 0.21, 0.55, 1, 25000, '2014-07-16 04:28:22'),
(1088, 2, 9, 4, 4, 4, 0.64, 0.79, 5, 0, '2014-07-16 04:28:22'),
(1089, 2, 9, 3, 3, 4, 0.61, 0.29, 6, 90000, '2014-07-16 04:28:22'),
(1090, 1, 1, 1, 2, 9, 0.61, 0.06, 5, 235000, '2014-07-16 04:28:22'),
(1091, 2, 9, 4, 3, 4, 0.78, 0.28, 8, 120000, '2014-07-16 04:28:22'),
(1092, 1, 1, 2, 5, 16, 0.99, 0.67, 6, 228000, '2014-07-16 04:28:22'),
(1094, 2, 9, 4, 20, 4, 0.71, 0.61, 8, 0, '2014-07-16 04:28:22'),
(1096, 2, 9, 4, 4, 4, 0.25, 0.12, 9, 0, '2014-07-16 04:28:22'),
(1097, 2, 9, 4, 20, 4, 0.8, 0.79, 1, 0, '2014-07-16 04:28:22'),
(1098, 1, 4, 2, 18, 2, 0.81, 0.75, 5, 0, '2014-07-16 04:28:22'),
(1099, 1, 4, 1, 9, 14, 0.39, 0.86, 3, 48000, '2014-07-16 04:28:22'),
(1100, 2, 9, 4, 4, 4, 0.91, 0.29, 7, 0, '2014-07-16 04:28:22'),
(1101, 1, 10, 7, 13, 19, 0.62, 0.78, 8, 176000, '2014-07-16 04:28:22'),
(1102, 1, 11, 7, 4, 17, 0.47, 0.68, 1, 44000, '2014-07-16 04:28:22'),
(1103, 2, 9, 4, 20, 4, 0.38, 0.32, 1, 0, '2014-07-16 04:28:22'),
(1104, 2, 9, 3, 4, 4, 0.78, 0.14, 5, 0, '2014-07-16 04:28:22'),
(1105, 2, 9, 3, 20, 4, 0.96, 1, 7, 0, '2014-07-16 04:28:22'),
(1106, 2, 9, 4, 3, 4, 0.5, 0.74, 1, 15000, '2014-07-16 04:28:22'),
(1107, 1, 3, 1, 7, 17, 0.46, 0.41, 5, 175000, '2014-07-16 04:28:22'),
(1108, 2, 9, 3, 4, 4, 0.15, 0.07, 3, 0, '2014-07-16 04:28:22'),
(1110, 1, 2, 8, 8, 17, 0.6, 0.45, 9, 288000, '2014-07-16 04:28:22'),
(1111, 2, 9, 3, 4, 4, 0.67, 0.02, 7, 0, '2014-07-16 04:28:22'),
(1112, 2, 9, 3, 20, 4, 0.29, 0.52, 4, 0, '2014-07-16 04:28:22'),
(1113, 2, 9, 3, 3, 4, 0.35, 0.93, 9, 135000, '2014-07-16 04:28:22'),
(1114, 2, 9, 3, 20, 4, 0.79, 0.06, 3, 0, '2014-07-16 04:28:22'),
(1115, 1, 3, 7, 8, 20, 0.8, 0.04, 6, 234000, '2014-07-16 04:28:22'),
(1116, 2, 9, 4, 20, 4, 0.29, 0.31, 2, 0, '2014-07-16 04:28:22'),
(1117, 1, 3, 8, 1, 15, 0.81, 0.9, 2, 154000, '2014-07-16 04:28:22'),
(1118, 2, 9, 3, 3, 4, 0.41, 0.2, 5, 75000, '2014-07-16 04:28:22'),
(1119, 2, 9, 4, 3, 4, 0.88, 0.27, 7, 105000, '2014-07-16 04:28:22'),
(1121, 1, 7, 7, 17, 20, 0.62, 0.09, 1, 7000, '2014-07-16 04:28:22'),
(1122, 2, 9, 3, 3, 4, 0.26, 0.27, 6, 90000, '2014-07-16 04:28:22'),
(1123, 1, 1, 2, 1, 20, 0.59, 0.65, 2, 182000, '2014-07-16 04:28:22'),
(1124, 2, 9, 4, 3, 4, 0.64, 0.7, 5, 75000, '2014-07-16 04:28:22'),
(1126, 2, 9, 4, 3, 4, 0.05, 0.36, 5, 75000, '2014-07-16 04:28:22'),
(1128, 1, 1, 8, 12, 19, 0.58, 0.13, 1, 24000, '2014-07-16 04:28:22'),
(1129, 1, 5, 8, 1, 20, 0.86, 0.96, 10, 910000, '2014-07-16 04:28:22'),
(1130, 2, 9, 4, 20, 4, 0.03, 0.61, 10, 0, '2014-07-16 04:28:22'),
(1131, 2, 9, 3, 3, 4, 0.33, 0.88, 8, 120000, '2014-07-16 04:28:22'),
(1134, 1, 6, 8, 16, 20, 0.55, 0.79, 5, 45000, '2014-07-16 04:28:22'),
(1135, 2, 9, 3, 3, 4, 0.26, 0.77, 7, 105000, '2014-07-16 04:28:22'),
(1136, 1, 2, 7, 7, 18, 0.95, 0.69, 9, 351000, '2014-07-16 04:28:22'),
(1137, 1, 1, 8, 1, 11, 0.9, 0.88, 6, 390000, '2014-07-16 04:28:22'),
(1138, 2, 9, 3, 20, 4, 0.15, 0.67, 1, 0, '2014-07-16 04:28:22'),
(1139, 1, 1, 1, 4, 11, 0.83, 0.81, 4, 100000, '2014-07-16 04:28:22'),
(1140, 1, 5, 7, 15, 19, 0.36, 0.63, 6, 84000, '2014-07-16 04:28:22'),
(1142, 1, 7, 2, 13, 20, 0.92, 0.73, 9, 198000, '2014-07-16 04:28:22'),
(1143, 2, 9, 3, 20, 4, 0.9, 0.6, 7, 0, '2014-07-16 04:28:22'),
(1145, 2, 9, 4, 20, 4, 0.31, 0.02, 9, 0, '2014-07-16 04:28:22'),
(1147, 2, 9, 3, 4, 4, 0.03, 0.23, 3, 0, '2014-07-16 04:28:22'),
(1148, 1, 6, 1, 17, 20, 0.6, 0, 3, 21000, '2014-07-16 04:28:22'),
(1149, 2, 9, 3, 20, 4, 0.36, 0, 3, 0, '2014-07-16 04:28:22'),
(1150, 2, 9, 3, 3, 4, 0, 0.96, 8, 120000, '2014-07-16 04:28:22'),
(1151, 2, 9, 3, 3, 4, 0.54, 0.9, 8, 120000, '2014-07-16 04:28:22'),
(1153, 2, 9, 3, 3, 4, 0.48, 0.12, 6, 90000, '2014-07-16 04:28:22'),
(1154, 2, 9, 3, 3, 4, 0.28, 0.39, 3, 45000, '2014-07-16 04:28:22'),
(1155, 2, 9, 4, 20, 4, 0.79, 0.8, 5, 0, '2014-07-16 04:28:22'),
(1156, 2, 9, 3, 4, 4, 0.52, 0.74, 7, 0, '2014-07-16 04:28:22'),
(1158, 2, 9, 3, 20, 4, 0.75, 0.51, 7, 0, '2014-07-16 04:28:22'),
(1159, 1, 4, 7, 13, 16, 0.58, 0.12, 10, 130000, '2014-07-16 04:28:22'),
(1161, 1, 4, 8, 2, 5, 0.37, 0.77, 10, 330000, '2014-07-16 04:28:22'),
(1162, 1, 2, 2, 3, 19, 0.79, 0.86, 4, 264000, '2014-07-16 04:28:22'),
(1163, 1, 6, 1, 7, 12, 0.15, 0.36, 3, 54000, '2014-07-16 04:28:22'),
(1164, 2, 9, 3, 4, 4, 0.21, 0.57, 4, 0, '2014-07-16 04:28:22'),
(1165, 2, 9, 3, 4, 4, 0.26, 0.59, 10, 0, '2014-07-16 04:28:22'),
(1166, 1, 10, 1, 5, 16, 0, 0.6, 9, 342000, '2014-07-16 04:28:22'),
(1167, 2, 9, 3, 3, 4, 0.58, 0.09, 4, 60000, '2014-07-16 04:28:22'),
(1168, 1, 5, 8, 7, 17, 0.49, 0.79, 3, 105000, '2014-07-16 04:28:22'),
(1169, 2, 9, 4, 3, 4, 0.45, 0.85, 10, 150000, '2014-07-16 04:28:22'),
(1170, 1, 11, 2, 18, 2, 0.78, 0.83, 7, 0, '2014-07-16 04:28:22'),
(1173, 1, 10, 7, 18, 2, 0.64, 0.9, 7, 0, '2014-07-16 04:28:22'),
(1174, 2, 9, 4, 4, 4, 0.45, 0.24, 3, 0, '2014-07-16 04:28:22'),
(1176, 1, 5, 1, 7, 17, 0.08, 0.31, 1, 35000, '2014-07-16 04:28:22'),
(1177, 2, 9, 3, 20, 4, 0.97, 0.92, 4, 0, '2014-07-16 04:28:22'),
(1178, 1, 5, 8, 17, 20, 0.23, 0.17, 5, 35000, '2014-07-16 04:28:22'),
(1179, 2, 9, 4, 20, 4, 0.7, 0.58, 10, 0, '2014-07-16 04:28:22'),
(1181, 2, 9, 4, 4, 4, 0.89, 0.88, 1, 0, '2014-07-16 04:28:22'),
(1182, 1, 10, 8, 8, 12, 0.11, 0.92, 1, 15000, '2014-07-16 04:28:22'),
(1183, 2, 9, 3, 20, 4, 0.88, 0.23, 5, 0, '2014-07-16 04:28:22'),
(1184, 2, 9, 3, 20, 4, 0.18, 0.98, 10, 0, '2014-07-16 04:28:22'),
(1186, 1, 2, 7, 6, 11, 0.6, 0.37, 10, 180000, '2014-07-16 04:28:22'),
(1187, 1, 7, 2, 6, 15, 0.45, 0.74, 1, 30000, '2014-07-16 04:28:22'),
(1190, 2, 9, 4, 20, 4, 0.94, 0.01, 8, 0, '2014-07-16 04:28:22'),
(1191, 2, 9, 3, 20, 4, 0.85, 0.23, 7, 0, '2014-07-16 04:28:22'),
(1192, 2, 9, 4, 3, 4, 0.13, 0.32, 3, 45000, '2014-07-16 04:28:22'),
(1193, 2, 9, 3, 3, 4, 0.75, 0.07, 4, 60000, '2014-07-16 04:28:22'),
(1194, 2, 9, 3, 4, 4, 0.42, 0.27, 2, 0, '2014-07-16 04:28:22'),
(1195, 2, 9, 3, 20, 4, 0.55, 0.02, 1, 0, '2014-07-16 04:28:22'),
(1196, 1, 11, 1, 2, 6, 0.37, 0.34, 9, 324000, '2014-07-16 04:28:22'),
(1197, 1, 7, 7, 14, 18, 0.81, 0.07, 3, 42000, '2014-07-16 04:28:22'),
(1198, 1, 5, 7, 1, 19, 0.05, 0.17, 6, 546000, '2014-07-16 04:28:22'),
(1199, 1, 5, 8, 13, 16, 0.91, 0.74, 2, 26000, '2014-07-16 04:28:22'),
(1200, 2, 9, 3, 3, 4, 0.63, 0.84, 4, 60000, '2014-07-16 04:28:22'),
(1201, 1, 6, 1, 15, 19, 0.16, 0.09, 9, 126000, '2014-07-16 04:28:22'),
(1202, 2, 9, 4, 4, 4, 0.01, 0.1, 4, 0, '2014-07-16 04:28:22'),
(1203, 2, 9, 3, 4, 4, 0.78, 0.73, 8, 0, '2014-07-16 04:28:22'),
(1204, 2, 9, 4, 3, 4, 0.52, 0.08, 10, 150000, '2014-07-16 04:28:22'),
(1205, 1, 2, 7, 9, 14, 0.89, 0.29, 10, 160000, '2014-07-16 04:28:22'),
(1206, 2, 9, 4, 3, 4, 0.62, 0.03, 7, 105000, '2014-07-16 04:28:22'),
(1207, 2, 9, 3, 4, 4, 0.92, 0.25, 5, 0, '2014-07-16 04:28:22'),
(1208, 2, 9, 3, 4, 4, 0.21, 0.54, 6, 0, '2014-07-16 04:28:22'),
(1209, 1, 3, 1, 13, 17, 0.32, 0.68, 10, 150000, '2014-07-16 04:28:22'),
(1211, 2, 9, 4, 4, 4, 0.17, 1, 3, 0, '2014-07-16 04:28:22'),
(1212, 1, 2, 7, 11, 16, 0.36, 0.12, 8, 136000, '2014-07-16 04:28:22'),
(1213, 2, 9, 3, 3, 4, 0.1, 0.88, 10, 150000, '2014-07-16 04:28:22'),
(1216, 2, 9, 3, 3, 4, 0.43, 0.67, 7, 105000, '2014-07-16 04:28:22'),
(1217, 2, 9, 4, 20, 4, 0.38, 0.96, 5, 0, '2014-07-16 04:28:22'),
(1218, 2, 9, 4, 20, 4, 0.12, 0.02, 4, 0, '2014-07-16 04:28:22'),
(1219, 2, 9, 4, 20, 4, 0.57, 0.94, 7, 0, '2014-07-16 04:28:22'),
(1221, 1, 2, 2, 11, 17, 0.25, 0.06, 5, 95000, '2014-07-16 04:28:22'),
(1222, 2, 9, 4, 3, 4, 0.55, 0.23, 4, 60000, '2014-07-16 04:28:22'),
(1224, 2, 9, 4, 4, 4, 0.41, 0.63, 2, 0, '2014-07-16 04:28:22'),
(1225, 2, 9, 4, 20, 4, 0.82, 0.5, 9, 0, '2014-07-16 04:28:22'),
(1226, 1, 1, 7, 5, 15, 0, 0.62, 7, 231000, '2014-07-16 04:28:22'),
(1227, 1, 2, 7, 13, 19, 0.65, 0.45, 4, 88000, '2014-07-16 04:28:22'),
(1228, 1, 3, 7, 16, 20, 0.39, 0.04, 2, 18000, '2014-07-16 04:28:22'),
(1229, 1, 10, 2, 9, 17, 0.77, 0.36, 2, 52000, '2014-07-16 04:28:22'),
(1230, 2, 9, 3, 4, 4, 0.99, 0.03, 3, 0, '2014-07-16 04:28:22'),
(1231, 1, 10, 8, 15, 19, 0.36, 0.18, 7, 98000, '2014-07-16 04:28:22'),
(1232, 2, 9, 3, 20, 4, 0.53, 0.42, 7, 0, '2014-07-16 04:28:22'),
(1233, 1, 7, 1, 18, 2, 0.51, 0.04, 3, 0, '2014-07-16 04:28:22'),
(1234, 2, 9, 4, 3, 4, 0.63, 1, 6, 90000, '2014-07-16 04:28:22'),
(1236, 1, 1, 1, 15, 19, 0.5, 0.47, 10, 140000, '2014-07-16 04:28:22'),
(1237, 1, 6, 8, 12, 15, 0.9, 0.87, 8, 80000, '2014-07-16 04:28:22'),
(1241, 1, 5, 8, 12, 17, 0.85, 0.38, 8, 136000, '2014-07-16 04:28:22'),
(1244, 2, 9, 3, 20, 4, 0.12, 0.42, 8, 0, '2014-07-16 04:28:22'),
(1245, 2, 9, 3, 20, 4, 0.79, 0.73, 6, 0, '2014-07-16 04:28:22'),
(1246, 2, 9, 4, 20, 4, 0.9, 0.13, 1, 0, '2014-07-16 04:28:22'),
(1248, 2, 9, 4, 20, 4, 0.42, 0.89, 10, 0, '2014-07-16 04:28:22'),
(1249, 2, 9, 4, 20, 4, 0.69, 0.63, 9, 0, '2014-07-16 04:28:22'),
(1250, 2, 9, 3, 4, 4, 0.14, 0.64, 9, 0, '2014-07-16 04:28:22'),
(1251, 2, 9, 4, 3, 4, 0.51, 0.89, 3, 45000, '2014-07-16 04:28:22'),
(1252, 2, 9, 3, 20, 4, 0.24, 0.96, 2, 0, '2014-07-16 04:28:22'),
(1253, 2, 9, 3, 4, 4, 0.84, 0.42, 5, 0, '2014-07-16 04:28:22'),
(1254, 1, 4, 1, 16, 20, 0.67, 0.7, 6, 54000, '2014-07-16 04:28:22'),
(1255, 2, 9, 3, 20, 4, 0.35, 0.44, 8, 0, '2014-07-16 04:28:22'),
(1256, 1, 10, 7, 10, 13, 0.68, 0.69, 6, 36000, '2014-07-16 04:28:22'),
(1257, 2, 9, 3, 20, 4, 0.62, 0.6, 2, 0, '2014-07-16 04:28:22'),
(1258, 1, 6, 8, 12, 16, 0.68, 0.14, 1, 15000, '2014-07-16 04:28:22'),
(1259, 1, 6, 2, 4, 20, 0.63, 0.91, 3, 153000, '2014-07-16 04:28:22'),
(1260, 1, 6, 7, 9, 14, 0.44, 0.06, 10, 160000, '2014-07-16 04:28:22'),
(1261, 1, 3, 1, 2, 19, 0.69, 0.19, 10, 800000, '2014-07-16 04:28:22'),
(1263, 1, 10, 2, 6, 13, 0.14, 0.52, 9, 198000, '2014-07-16 04:28:22'),
(1264, 2, 9, 3, 20, 4, 0.39, 1, 1, 0, '2014-07-16 04:28:22'),
(1265, 2, 9, 3, 4, 4, 0.31, 0.46, 1, 0, '2014-07-16 04:28:22'),
(1269, 2, 9, 3, 4, 4, 0.64, 0.56, 9, 0, '2014-07-16 04:28:22'),
(1270, 2, 9, 3, 4, 4, 0.64, 0.51, 6, 0, '2014-07-16 04:28:22'),
(1271, 1, 11, 8, 2, 18, 0.25, 0.61, 10, 770000, '2014-07-16 04:28:22'),
(1272, 2, 9, 4, 3, 4, 0.85, 0.52, 7, 105000, '2014-07-16 04:28:22'),
(1273, 2, 9, 3, 20, 4, 0.65, 0.19, 10, 0, '2014-07-16 04:28:22'),
(1274, 2, 9, 3, 4, 4, 0.93, 0.86, 4, 0, '2014-07-16 04:28:22'),
(1275, 2, 9, 3, 4, 4, 0.01, 0.64, 10, 0, '2014-07-16 04:28:22'),
(1276, 1, 5, 7, 3, 11, 0.31, 0.76, 4, 160000, '2014-07-16 04:28:22'),
(1278, 1, 7, 7, 6, 16, 0.55, 0.66, 5, 175000, '2014-07-16 04:28:22'),
(1279, 1, 1, 1, 8, 11, 0.77, 0.35, 4, 52000, '2014-07-16 04:28:22'),
(1281, 1, 6, 7, 12, 17, 0.1, 0.98, 7, 119000, '2014-07-16 04:28:22'),
(1282, 2, 9, 4, 4, 4, 0.61, 0, 6, 0, '2014-07-16 04:28:22'),
(1283, 2, 9, 3, 3, 4, 0.36, 0.12, 3, 45000, '2014-07-16 04:28:22'),
(1284, 2, 9, 4, 3, 4, 0.91, 0.4, 1, 15000, '2014-07-16 04:28:22'),
(1285, 2, 9, 4, 3, 4, 0.63, 0.59, 2, 30000, '2014-07-16 04:28:22'),
(1287, 2, 9, 4, 3, 4, 0.72, 0.9, 1, 15000, '2014-07-16 04:28:22'),
(1288, 1, 10, 8, 5, 17, 0.36, 0.3, 3, 120000, '2014-07-16 04:28:22'),
(1289, 2, 9, 3, 3, 4, 0.76, 0.98, 9, 135000, '2014-07-16 04:28:22'),
(1291, 2, 9, 4, 20, 4, 0.62, 0.14, 10, 0, '2014-07-16 04:28:22'),
(1292, 1, 1, 2, 3, 12, 0.5, 0.38, 1, 42000, '2014-07-16 04:28:22'),
(1293, 1, 5, 8, 1, 9, 0.81, 0.9, 7, 406000, '2014-07-16 04:28:22'),
(1294, 1, 3, 1, 13, 20, 0.33, 0.73, 5, 110000, '2014-07-16 04:28:22'),
(1296, 2, 9, 4, 20, 4, 0.01, 0.3, 9, 0, '2014-07-16 04:28:22'),
(1297, 2, 9, 4, 3, 4, 0.78, 0.5, 4, 60000, '2014-07-16 04:28:22'),
(1298, 1, 5, 1, 16, 20, 0.78, 0.34, 1, 9000, '2014-07-16 04:28:22'),
(1299, 1, 11, 8, 6, 17, 0.58, 0.81, 6, 222000, '2014-07-16 04:28:22'),
(1300, 1, 5, 7, 17, 20, 0.11, 0.75, 1, 7000, '2014-07-16 04:28:22'),
(1301, 1, 6, 8, 4, 12, 0.41, 0.56, 5, 135000, '2014-07-16 04:28:22'),
(1302, 2, 9, 3, 3, 4, 0.7, 0.95, 7, 105000, '2014-07-16 04:28:22'),
(1303, 2, 9, 4, 20, 4, 0.73, 0.83, 9, 0, '2014-07-16 04:28:22'),
(1304, 1, 6, 7, 12, 19, 0.52, 0.67, 1, 24000, '2014-07-16 04:28:22'),
(1305, 1, 6, 2, 10, 13, 0.76, 0.03, 10, 60000, '2014-07-16 04:28:22'),
(1306, 1, 4, 8, 14, 17, 0.78, 0.39, 8, 80000, '2014-07-16 04:28:22'),
(1307, 2, 9, 3, 3, 4, 0.86, 0.87, 3, 45000, '2014-07-16 04:28:22'),
(1308, 1, 6, 8, 5, 10, 0.52, 0.26, 4, 76000, '2014-07-16 04:28:22'),
(1309, 1, 5, 8, 3, 9, 0.89, 0.1, 6, 198000, '2014-07-16 04:28:22'),
(1311, 1, 1, 2, 2, 20, 0.15, 0.31, 5, 400000, '2014-07-16 04:28:22'),
(1312, 2, 9, 4, 3, 4, 0.98, 0.25, 9, 135000, '2014-07-16 04:28:22'),
(1313, 1, 2, 8, 12, 15, 0.03, 0.23, 3, 30000, '2014-07-16 04:28:22'),
(1314, 2, 9, 4, 3, 4, 0.72, 0.99, 4, 60000, '2014-07-16 04:28:22'),
(1315, 2, 9, 3, 3, 4, 0.8, 0.24, 3, 45000, '2014-07-16 04:28:22'),
(1316, 2, 9, 3, 4, 4, 0.44, 0.46, 4, 0, '2014-07-16 04:28:22'),
(1317, 2, 9, 3, 4, 4, 0.23, 0.84, 4, 0, '2014-07-16 04:28:22'),
(1318, 2, 9, 3, 20, 4, 0.05, 0.53, 1, 0, '2014-07-16 04:28:22'),
(1319, 1, 1, 7, 14, 20, 0.05, 0, 8, 136000, '2014-07-16 04:28:22'),
(1321, 1, 3, 7, 13, 18, 0.57, 0.09, 4, 76000, '2014-07-16 04:28:22'),
(1323, 1, 1, 2, 16, 19, 0.34, 0.65, 2, 18000, '2014-07-16 04:28:22'),
(1324, 2, 9, 3, 20, 4, 0.42, 0.32, 3, 0, '2014-07-16 04:28:22'),
(1325, 2, 9, 4, 20, 4, 0.05, 0.69, 7, 0, '2014-07-16 04:28:22'),
(1326, 1, 2, 8, 8, 13, 0.16, 0.99, 4, 68000, '2014-07-16 04:28:22'),
(1327, 1, 3, 2, 7, 17, 0.86, 0.53, 2, 70000, '2014-07-16 04:28:22'),
(1328, 2, 9, 3, 3, 4, 0.65, 0.17, 8, 120000, '2014-07-16 04:28:22'),
(1329, 2, 9, 3, 20, 4, 0.79, 0.97, 5, 0, '2014-07-16 04:28:22'),
(1330, 2, 9, 4, 20, 4, 0.83, 0.59, 3, 0, '2014-07-16 04:28:22'),
(1332, 2, 9, 4, 3, 4, 0.68, 0.67, 7, 105000, '2014-07-16 04:28:22'),
(1333, 2, 9, 4, 20, 4, 0.92, 0.43, 6, 0, '2014-07-16 04:28:22'),
(1334, 2, 9, 4, 3, 4, 0.39, 0.08, 3, 45000, '2014-07-16 04:28:22'),
(1335, 1, 7, 1, 15, 20, 0.03, 0.41, 8, 112000, '2014-07-16 04:28:22'),
(1340, 2, 9, 3, 20, 4, 0.16, 0.68, 7, 0, '2014-07-16 04:28:22'),
(1341, 1, 2, 2, 16, 20, 0.38, 0.43, 2, 18000, '2014-07-16 04:28:22'),
(1344, 2, 9, 3, 4, 4, 0.85, 0.17, 4, 0, '2014-07-16 04:28:22'),
(1345, 2, 9, 3, 3, 4, 0.63, 0.06, 2, 30000, '2014-07-16 04:28:22'),
(1346, 1, 4, 7, 14, 18, 0.92, 0.2, 7, 98000, '2014-07-16 04:28:22'),
(1347, 1, 10, 7, 12, 16, 0.58, 0.56, 1, 15000, '2014-07-16 04:28:22'),
(1348, 2, 9, 4, 20, 4, 0.69, 0.35, 6, 0, '2014-07-16 04:28:22'),
(1350, 2, 9, 3, 20, 4, 0.54, 0.95, 2, 0, '2014-07-16 04:28:22'),
(1351, 1, 6, 7, 10, 14, 0.33, 0.55, 10, 110000, '2014-07-16 04:28:22'),
(1352, 1, 1, 8, 12, 19, 0.26, 0.15, 9, 216000, '2014-07-16 04:28:22'),
(1353, 2, 9, 4, 3, 4, 0.8, 0.61, 2, 30000, '2014-07-16 04:28:22'),
(1354, 2, 9, 3, 20, 4, 0.31, 0.42, 9, 0, '2014-07-16 04:28:22'),
(1355, 2, 9, 3, 20, 4, 0.9, 0.02, 6, 0, '2014-07-16 04:28:22'),
(1356, 2, 9, 3, 3, 4, 0.37, 0.55, 1, 15000, '2014-07-16 04:28:22'),
(1357, 2, 9, 3, 20, 4, 0.63, 0.27, 7, 0, '2014-07-16 04:28:22'),
(1358, 2, 9, 4, 20, 4, 0.42, 0.92, 9, 0, '2014-07-16 04:28:22'),
(1359, 2, 9, 4, 20, 4, 0.02, 0.75, 2, 0, '2014-07-16 04:28:22'),
(1360, 2, 9, 4, 20, 4, 0.36, 0.19, 4, 0, '2014-07-16 04:28:22'),
(1361, 2, 9, 3, 3, 4, 0.76, 0.48, 5, 75000, '2014-07-16 04:28:22'),
(1363, 2, 9, 4, 3, 4, 0.43, 0.98, 2, 30000, '2014-07-16 04:28:22'),
(1365, 2, 9, 4, 4, 4, 0.08, 0, 8, 0, '2014-07-16 04:28:22'),
(1366, 2, 9, 3, 4, 4, 0.29, 0.98, 7, 0, '2014-07-16 04:28:22'),
(1367, 2, 9, 3, 3, 4, 0.45, 0.95, 5, 75000, '2014-07-16 04:28:22'),
(1368, 1, 3, 2, 8, 19, 0.32, 0.22, 7, 273000, '2014-07-16 04:28:22'),
(1369, 2, 9, 3, 20, 4, 0.22, 0.95, 5, 0, '2014-07-16 04:28:22'),
(1370, 2, 9, 4, 4, 4, 0.91, 0.28, 9, 0, '2014-07-16 04:28:22'),
(1371, 2, 9, 4, 4, 4, 0.52, 0.13, 5, 0, '2014-07-16 04:28:22'),
(1372, 2, 9, 4, 3, 4, 0.05, 0.32, 6, 90000, '2014-07-16 04:28:22'),
(1373, 2, 9, 4, 3, 4, 0.76, 0.27, 5, 75000, '2014-07-16 04:28:22'),
(1374, 2, 9, 3, 20, 4, 0.43, 0.92, 7, 0, '2014-07-16 04:28:22'),
(1375, 1, 5, 2, 8, 11, 0.46, 0.85, 9, 117000, '2014-07-16 04:28:22'),
(1376, 2, 9, 4, 4, 4, 0.88, 0.1, 7, 0, '2014-07-16 04:28:22'),
(1378, 2, 9, 4, 20, 4, 0.44, 0.68, 5, 0, '2014-07-16 04:28:22'),
(1379, 2, 9, 4, 3, 4, 0.68, 0.8, 4, 60000, '2014-07-16 04:28:22'),
(1380, 1, 4, 7, 2, 8, 0.93, 0.72, 7, 287000, '2014-07-16 04:28:22'),
(1381, 2, 9, 4, 4, 4, 0.47, 0.95, 8, 0, '2014-07-16 04:28:22'),
(1382, 1, 5, 7, 10, 20, 0.4, 0.96, 9, 252000, '2014-07-16 04:28:22'),
(1383, 1, 10, 7, 16, 19, 0.59, 0.18, 9, 81000, '2014-07-16 04:28:22'),
(1384, 2, 9, 4, 20, 4, 0.65, 0.79, 8, 0, '2014-07-16 04:28:22'),
(1385, 2, 9, 3, 4, 4, 0.21, 0.35, 4, 0, '2014-07-16 04:28:22'),
(1386, 2, 9, 4, 4, 4, 0.82, 0.44, 9, 0, '2014-07-16 04:28:22'),
(1387, 2, 9, 4, 20, 4, 0.95, 0.93, 8, 0, '2014-07-16 04:28:22'),
(1388, 2, 9, 4, 3, 4, 0.69, 0.66, 4, 60000, '2014-07-16 04:28:22'),
(1389, 1, 11, 8, 7, 11, 0.27, 0.68, 9, 144000, '2014-07-16 04:28:22'),
(1391, 1, 5, 1, 17, 20, 0.99, 0.68, 4, 28000, '2014-07-16 04:28:22'),
(1392, 2, 9, 3, 4, 4, 0.92, 0.65, 6, 0, '2014-07-16 04:28:22'),
(1393, 2, 9, 4, 3, 4, 0.58, 0.83, 3, 45000, '2014-07-16 04:28:22'),
(1394, 1, 3, 1, 9, 13, 0.74, 0.44, 3, 33000, '2014-07-16 04:28:22'),
(1395, 1, 5, 2, 12, 17, 0.87, 0.01, 4, 68000, '2014-07-16 04:28:22'),
(1396, 1, 3, 7, 13, 16, 0.33, 0.27, 1, 13000, '2014-07-16 04:28:22'),
(1397, 2, 9, 3, 3, 4, 0.86, 0.97, 9, 135000, '2014-07-16 04:28:22'),
(1400, 2, 9, 4, 20, 4, 1, 0.09, 1, 0, '2014-07-16 04:28:22'),
(1401, 1, 2, 7, 17, 20, 0.79, 0.78, 1, 7000, '2014-07-16 04:28:22'),
(1402, 2, 9, 3, 4, 4, 0.86, 0.48, 2, 0, '2014-07-16 04:28:22'),
(1403, 2, 9, 4, 20, 4, 0.07, 0.09, 6, 0, '2014-07-16 04:28:22'),
(1404, 2, 9, 4, 20, 4, 0.7, 0.06, 10, 0, '2014-07-16 04:28:22'),
(1405, 2, 9, 4, 3, 4, 0.68, 0.9, 5, 75000, '2014-07-16 04:28:22'),
(1406, 2, 9, 4, 3, 4, 0.45, 0.86, 7, 105000, '2014-07-16 04:28:22'),
(1407, 2, 9, 4, 20, 4, 0.85, 0.74, 8, 0, '2014-07-16 04:28:22'),
(1408, 2, 9, 4, 4, 4, 0.85, 0.46, 9, 0, '2014-07-16 04:28:22'),
(1409, 2, 9, 4, 4, 4, 0.55, 0.84, 9, 0, '2014-07-16 04:28:22'),
(1410, 2, 9, 4, 3, 4, 0.37, 0.55, 8, 120000, '2014-07-16 04:28:22'),
(1411, 1, 3, 8, 2, 7, 0.73, 0.87, 9, 342000, '2014-07-16 04:28:22'),
(1412, 1, 6, 2, 2, 12, 0.75, 0.97, 3, 168000, '2014-07-16 04:28:22'),
(1414, 1, 5, 8, 10, 19, 0.42, 0.32, 1, 28000, '2014-07-16 04:28:22'),
(1415, 2, 9, 3, 3, 4, 0.01, 0.67, 2, 30000, '2014-07-16 04:28:22'),
(1416, 2, 9, 3, 20, 4, 0.19, 0.37, 9, 0, '2014-07-16 04:28:22'),
(1417, 2, 9, 4, 3, 4, 0.97, 0.95, 7, 105000, '2014-07-16 04:28:22'),
(1418, 1, 10, 2, 6, 11, 0.53, 0.39, 10, 180000, '2014-07-16 04:28:22'),
(1419, 2, 9, 4, 3, 4, 0.5, 0, 3, 45000, '2014-07-16 04:28:22'),
(1421, 2, 9, 3, 20, 4, 0.17, 0.82, 4, 0, '2014-07-16 04:28:22'),
(1422, 2, 9, 4, 20, 4, 0.12, 0.2, 4, 0, '2014-07-16 04:28:22'),
(1423, 2, 9, 3, 20, 4, 0.29, 0.46, 10, 0, '2014-07-16 04:28:22'),
(1424, 2, 9, 3, 3, 4, 0.14, 0.2, 4, 60000, '2014-07-16 04:28:22'),
(1426, 1, 2, 8, 15, 18, 0.04, 0.22, 10, 110000, '2014-07-16 04:28:22'),
(1427, 1, 5, 2, 11, 19, 0.68, 0.58, 4, 104000, '2014-07-16 04:28:22'),
(1428, 2, 9, 3, 20, 4, 0.48, 0.41, 10, 0, '2014-07-16 04:28:22'),
(1429, 2, 9, 3, 4, 4, 0.5, 0.11, 4, 0, '2014-07-16 04:28:22'),
(1430, 2, 9, 3, 3, 4, 0.42, 0.98, 1, 15000, '2014-07-16 04:28:22'),
(1431, 2, 9, 4, 3, 4, 0.24, 0.03, 4, 60000, '2014-07-16 04:28:22'),
(1432, 2, 9, 3, 3, 4, 0.91, 0.86, 8, 120000, '2014-07-16 04:28:22'),
(1433, 2, 9, 3, 3, 4, 0.34, 0.23, 1, 15000, '2014-07-16 04:28:22'),
(1434, 1, 4, 1, 6, 19, 0.06, 0.36, 8, 352000, '2014-07-16 04:28:22'),
(1436, 2, 9, 3, 4, 4, 0.97, 0.35, 7, 0, '2014-07-16 04:28:22'),
(1437, 2, 9, 4, 20, 4, 0.79, 0.36, 3, 0, '2014-07-16 04:28:22'),
(1439, 2, 9, 4, 20, 4, 0.42, 0.42, 8, 0, '2014-07-16 04:28:22'),
(1442, 1, 11, 7, 18, 2, 0.56, 0.72, 7, 0, '2014-07-16 04:28:22'),
(1443, 2, 9, 4, 3, 4, 0.27, 0.58, 5, 75000, '2014-07-16 04:28:22'),
(1444, 2, 9, 4, 20, 4, 0.92, 0.64, 1, 0, '2014-07-16 04:28:22'),
(1445, 2, 9, 3, 3, 4, 0.74, 0.54, 7, 105000, '2014-07-16 04:28:22'),
(1446, 2, 9, 4, 4, 4, 0.33, 0.17, 8, 0, '2014-07-16 04:28:22'),
(1447, 2, 9, 4, 3, 4, 0.13, 0.46, 2, 30000, '2014-07-16 04:28:22'),
(1449, 1, 2, 7, 10, 20, 0.23, 0.21, 6, 168000, '2014-07-16 04:28:22'),
(1450, 1, 10, 1, 5, 10, 0.25, 0.99, 2, 38000, '2014-07-16 04:28:22'),
(1451, 1, 5, 1, 11, 18, 0.56, 0.69, 8, 184000, '2014-07-16 04:28:22'),
(1452, 2, 9, 4, 20, 4, 0.52, 0.88, 5, 0, '2014-07-16 04:28:22'),
(1453, 2, 9, 4, 4, 4, 0.15, 0.23, 3, 0, '2014-07-16 04:28:22'),
(1454, 2, 9, 4, 20, 4, 0.51, 0.28, 9, 0, '2014-07-16 04:28:22'),
(1456, 1, 1, 8, 6, 16, 0.78, 0.72, 4, 140000, '2014-07-16 04:28:22'),
(1457, 1, 6, 8, 3, 18, 0.18, 0.4, 9, 567000, '2014-07-16 04:28:22'),
(1458, 1, 11, 8, 2, 11, 0.25, 0.9, 5, 270000, '2014-07-16 04:28:22'),
(1459, 2, 9, 3, 4, 4, 0.66, 0.36, 7, 0, '2014-07-16 04:28:22'),
(1460, 2, 9, 4, 4, 4, 0.67, 0.69, 4, 0, '2014-07-16 04:28:22'),
(1462, 2, 9, 3, 20, 4, 0.28, 0.76, 9, 0, '2014-07-16 04:28:22'),
(1463, 2, 9, 3, 20, 4, 0.74, 0.69, 4, 0, '2014-07-16 04:28:22'),
(1464, 2, 9, 4, 20, 4, 0.39, 0.44, 7, 0, '2014-07-16 04:28:22'),
(1465, 1, 11, 7, 16, 20, 0.76, 0.19, 8, 72000, '2014-07-16 04:28:22'),
(1466, 2, 9, 3, 3, 4, 0.79, 0.7, 5, 75000, '2014-07-16 04:28:22'),
(1467, 2, 9, 4, 20, 4, 0.2, 0.63, 9, 0, '2014-07-16 04:28:22'),
(1468, 2, 9, 4, 20, 4, 0.29, 0.81, 8, 0, '2014-07-16 04:28:22'),
(1470, 1, 11, 8, 5, 17, 0.64, 0.74, 5, 200000, '2014-07-16 04:28:22'),
(1471, 2, 9, 4, 4, 4, 0.34, 0.32, 3, 0, '2014-07-16 04:28:22'),
(1472, 2, 9, 3, 4, 4, 0.26, 0.17, 8, 0, '2014-07-16 04:28:22'),
(1473, 2, 9, 4, 20, 4, 0.77, 0.28, 1, 0, '2014-07-16 04:28:22'),
(1474, 2, 9, 3, 4, 4, 0.05, 0.84, 6, 0, '2014-07-16 04:28:22'),
(1475, 1, 5, 1, 14, 20, 0.44, 0.05, 6, 102000, '2014-07-16 04:28:22'),
(1476, 2, 9, 4, 20, 4, 0.15, 0.81, 7, 0, '2014-07-16 04:28:22'),
(1477, 2, 9, 4, 4, 4, 0.15, 0.66, 2, 0, '2014-07-16 04:28:22'),
(1479, 2, 9, 3, 3, 4, 0.15, 0.41, 1, 15000, '2014-07-16 04:28:22'),
(1480, 2, 9, 3, 4, 4, 0.9, 0.08, 6, 0, '2014-07-16 04:28:22'),
(1481, 2, 9, 3, 20, 4, 0.77, 0.16, 5, 0, '2014-07-16 04:28:22'),
(1482, 2, 9, 4, 3, 4, 0.59, 0.14, 1, 15000, '2014-07-16 04:28:22'),
(1483, 2, 9, 4, 3, 4, 0.31, 0.95, 1, 15000, '2014-07-16 04:28:22'),
(1484, 2, 9, 4, 20, 4, 0.6, 0.76, 6, 0, '2014-07-16 04:28:22'),
(1485, 2, 9, 4, 4, 4, 0.7, 0.15, 4, 0, '2014-07-16 04:28:22'),
(1486, 1, 11, 2, 10, 16, 0.31, 0.6, 1, 19000, '2014-07-16 04:28:22'),
(1487, 2, 9, 4, 3, 4, 0.93, 0.02, 6, 90000, '2014-07-16 04:28:22'),
(1488, 2, 9, 4, 3, 4, 0.53, 0.41, 7, 105000, '2014-07-16 04:28:22'),
(1491, 2, 9, 3, 4, 4, 0.42, 0.02, 9, 0, '2014-07-16 04:28:22'),
(1492, 2, 9, 4, 20, 4, 0.12, 0.81, 8, 0, '2014-07-16 04:28:22'),
(1493, 1, 2, 7, 13, 19, 0.11, 0.75, 1, 22000, '2014-07-16 04:28:22'),
(1494, 2, 9, 4, 4, 4, 0.89, 1, 3, 0, '2014-07-16 04:28:22'),
(1495, 2, 9, 4, 4, 4, 0.74, 0.43, 8, 0, '2014-07-16 04:28:22'),
(1496, 2, 9, 4, 3, 4, 0.7, 0.56, 4, 60000, '2014-07-16 04:28:22'),
(1497, 2, 9, 3, 4, 4, 0.78, 0.6, 1, 0, '2014-07-16 04:28:22'),
(1499, 1, 6, 8, 15, 18, 0.29, 0.59, 9, 99000, '2014-07-16 04:28:22'),
(1500, 1, 5, 7, 13, 16, 0.24, 0.02, 1, 13000, '2014-07-16 04:28:22'),
(1501, 2, 9, 4, 3, 4, 0.16, 1, 10, 150000, '2014-07-16 04:28:22'),
(1502, 2, 9, 4, 20, 4, 0.44, 0.4, 3, 0, '2014-07-16 04:28:22'),
(1503, 1, 3, 1, 6, 15, 0.68, 0.15, 10, 300000, '2014-07-16 04:28:22'),
(1504, 1, 10, 7, 7, 10, 0.72, 0.37, 7, 98000, '2014-07-16 04:28:22'),
(1505, 2, 9, 4, 4, 4, 0.54, 0.52, 9, 0, '2014-07-16 04:28:22'),
(1506, 1, 1, 8, 8, 16, 0.39, 0.69, 6, 180000, '2014-07-16 04:28:22'),
(1507, 2, 9, 4, 20, 4, 0.03, 0.19, 6, 0, '2014-07-16 04:28:22'),
(1508, 2, 9, 4, 3, 4, 0.3, 0.58, 4, 60000, '2014-07-16 04:28:22'),
(1509, 1, 1, 8, 7, 17, 0.46, 0.19, 9, 315000, '2014-07-16 04:28:22'),
(1510, 2, 9, 3, 20, 4, 0.92, 0.68, 3, 0, '2014-07-16 04:28:23'),
(1511, 2, 9, 3, 20, 4, 0.61, 0.71, 5, 0, '2014-07-16 04:28:23'),
(1514, 2, 9, 4, 4, 4, 0.19, 0.71, 5, 0, '2014-07-16 04:28:23'),
(1515, 2, 9, 4, 4, 4, 0.23, 0.82, 3, 0, '2014-07-16 04:28:23'),
(1516, 2, 9, 3, 3, 4, 0.76, 0.02, 4, 60000, '2014-07-16 04:28:23'),
(1517, 1, 6, 1, 18, 2, 0.7, 0.37, 3, 0, '2014-07-16 04:28:23'),
(1518, 2, 9, 4, 20, 4, 0.45, 0.64, 9, 0, '2014-07-16 04:28:23'),
(1519, 2, 9, 3, 20, 4, 1, 0.55, 3, 0, '2014-07-16 04:28:23'),
(1520, 1, 10, 1, 9, 17, 0.12, 0.85, 8, 208000, '2014-07-16 04:28:23'),
(1521, 2, 9, 4, 20, 4, 0.08, 0.27, 2, 0, '2014-07-16 04:28:23'),
(1522, 2, 9, 3, 20, 4, 0.04, 0.9, 1, 0, '2014-07-16 04:28:23'),
(1524, 2, 9, 4, 4, 4, 0.65, 0.14, 8, 0, '2014-07-16 04:28:23'),
(1525, 2, 9, 4, 20, 4, 0.07, 0.47, 10, 0, '2014-07-16 04:28:23'),
(1526, 1, 10, 8, 11, 20, 0.89, 0.6, 2, 52000, '2014-07-16 04:28:23'),
(1527, 2, 9, 4, 20, 4, 0.6, 0.35, 7, 0, '2014-07-16 04:28:23'),
(1528, 2, 9, 3, 4, 4, 0.21, 0.43, 5, 0, '2014-07-16 04:28:23'),
(1529, 1, 3, 7, 1, 9, 0.17, 0.96, 5, 290000, '2014-07-16 04:28:23'),
(1530, 1, 11, 8, 18, 2, 0.57, 0.11, 8, 0, '2014-07-16 04:28:23'),
(1531, 2, 9, 4, 4, 4, 0.18, 0.09, 1, 0, '2014-07-16 04:28:23'),
(1536, 2, 9, 3, 20, 4, 0.01, 0.65, 10, 0, '2014-07-16 04:28:23'),
(1538, 2, 9, 3, 20, 4, 0.21, 0.41, 5, 0, '2014-07-16 04:28:23'),
(1539, 1, 11, 2, 3, 15, 0.13, 0.51, 5, 260000, '2014-07-16 04:28:23'),
(1540, 2, 9, 4, 20, 4, 0.24, 0.21, 3, 0, '2014-07-16 04:28:23'),
(1541, 1, 10, 8, 18, 2, 0.96, 0.92, 2, 0, '2014-07-16 04:28:23'),
(1543, 2, 9, 4, 4, 4, 0.04, 0.85, 10, 0, '2014-07-16 04:28:23'),
(1544, 1, 4, 2, 2, 16, 0.47, 0.32, 1, 71000, '2014-07-16 04:28:23'),
(1545, 1, 2, 1, 14, 17, 0.94, 0.94, 7, 70000, '2014-07-16 04:28:23'),
(1546, 1, 4, 1, 7, 12, 0.04, 0.79, 1, 18000, '2014-07-16 04:28:23'),
(1548, 2, 9, 3, 4, 4, 0.79, 0.54, 7, 0, '2014-07-16 04:28:23'),
(1549, 2, 9, 3, 20, 4, 0.32, 0.77, 6, 0, '2014-07-16 04:28:23'),
(1550, 2, 9, 4, 3, 4, 0.7, 0.02, 2, 30000, '2014-07-16 04:28:23'),
(1551, 1, 5, 7, 7, 19, 0.34, 0.78, 7, 294000, '2014-07-16 04:28:23'),
(1552, 1, 3, 1, 10, 13, 0.66, 0.11, 1, 6000, '2014-07-16 04:28:23'),
(1553, 1, 5, 2, 13, 20, 0.95, 0.25, 6, 132000, '2014-07-16 04:28:23'),
(1554, 2, 9, 3, 3, 4, 0.49, 0.9, 9, 135000, '2014-07-16 04:28:23'),
(1555, 1, 6, 2, 16, 20, 0.04, 0.53, 2, 18000, '2014-07-16 04:28:23'),
(1556, 1, 6, 7, 6, 12, 0.8, 0.35, 6, 120000, '2014-07-16 04:28:23'),
(1557, 1, 5, 2, 2, 12, 0.5, 0.62, 3, 168000, '2014-07-16 04:28:23'),
(1558, 2, 9, 3, 4, 4, 0.94, 0.43, 6, 0, '2014-07-16 04:28:23'),
(1559, 2, 9, 3, 4, 4, 0, 0.76, 1, 0, '2014-07-16 04:28:23'),
(1560, 2, 9, 3, 3, 4, 0.72, 0.49, 6, 90000, '2014-07-16 04:28:23'),
(1563, 2, 9, 3, 20, 4, 0.92, 0.36, 7, 0, '2014-07-16 04:28:23'),
(1565, 2, 9, 3, 20, 4, 0.43, 0.99, 5, 0, '2014-07-16 04:28:23'),
(1567, 2, 9, 3, 3, 4, 0.59, 0.63, 5, 75000, '2014-07-16 04:28:23'),
(1568, 1, 3, 1, 14, 18, 0.25, 0.44, 3, 42000, '2014-07-16 04:28:23'),
(1569, 1, 10, 2, 3, 10, 0.29, 0.56, 8, 304000, '2014-07-16 04:28:23'),
(1570, 2, 9, 3, 20, 4, 0.31, 0.94, 9, 0, '2014-07-16 04:28:23'),
(1571, 2, 9, 4, 4, 4, 0.39, 0.14, 1, 0, '2014-07-16 04:28:23'),
(1572, 2, 9, 4, 20, 4, 0.25, 0.22, 6, 0, '2014-07-16 04:28:23'),
(1573, 1, 5, 7, 7, 18, 0.25, 0.16, 6, 234000, '2014-07-16 04:28:23'),
(1575, 2, 9, 4, 4, 4, 0.06, 0.49, 7, 0, '2014-07-16 04:28:23'),
(1577, 1, 1, 1, 4, 11, 0.19, 0.76, 6, 150000, '2014-07-16 04:28:23'),
(1578, 2, 9, 4, 4, 4, 0.43, 0.6, 6, 0, '2014-07-16 04:28:23'),
(1579, 1, 5, 8, 1, 13, 0.47, 0.68, 9, 621000, '2014-07-16 04:28:23'),
(1580, 2, 9, 4, 20, 4, 0.08, 0.99, 6, 0, '2014-07-16 04:28:23'),
(1581, 1, 1, 7, 10, 14, 0.57, 0.02, 9, 99000, '2014-07-16 04:28:23'),
(1582, 2, 9, 3, 3, 4, 0.76, 0.31, 1, 15000, '2014-07-16 04:28:23'),
(1583, 1, 3, 1, 16, 20, 0.77, 0.72, 6, 54000, '2014-07-16 04:28:23'),
(1584, 1, 4, 8, 6, 15, 0.85, 0.89, 7, 210000, '2014-07-16 04:28:23'),
(1585, 2, 9, 3, 20, 4, 0.2, 0.89, 2, 0, '2014-07-16 04:28:23'),
(1586, 2, 9, 4, 3, 4, 0.25, 0.9, 1, 15000, '2014-07-16 04:28:23'),
(1587, 2, 9, 4, 20, 4, 0.64, 0.82, 9, 0, '2014-07-16 04:28:23'),
(1588, 1, 7, 1, 11, 17, 0.02, 0.25, 4, 76000, '2014-07-16 04:28:23'),
(1589, 2, 9, 3, 3, 4, 0.34, 0.16, 5, 75000, '2014-07-16 04:28:23'),
(1590, 1, 1, 2, 4, 12, 0.16, 0.28, 9, 243000, '2014-07-16 04:28:23'),
(1591, 1, 2, 2, 17, 20, 0, 0.78, 10, 70000, '2014-07-16 04:28:23'),
(1592, 2, 9, 3, 20, 4, 0.74, 0.6, 7, 0, '2014-07-16 04:28:23'),
(1594, 2, 9, 4, 20, 4, 0.28, 0.19, 9, 0, '2014-07-16 04:28:23'),
(1595, 1, 4, 7, 6, 13, 0.55, 0.24, 1, 22000, '2014-07-16 04:28:23'),
(1596, 1, 7, 2, 8, 15, 0.86, 0.09, 7, 175000, '2014-07-16 04:28:23'),
(1597, 2, 9, 3, 20, 4, 0.69, 0.09, 6, 0, '2014-07-16 04:28:23'),
(1598, 1, 1, 7, 17, 20, 0.01, 0.75, 9, 63000, '2014-07-16 04:28:23'),
(1599, 1, 5, 2, 14, 17, 0.41, 0.81, 6, 60000, '2014-07-16 04:28:23'),
(1600, 1, 1, 8, 11, 20, 0.04, 0.22, 9, 234000, '2014-07-16 04:28:23'),
(1601, 2, 9, 3, 4, 4, 0.22, 0.91, 6, 0, '2014-07-16 04:28:23'),
(1603, 2, 9, 4, 3, 4, 0.67, 0.33, 3, 45000, '2014-07-16 04:28:23'),
(1604, 2, 9, 4, 4, 4, 0.03, 0.49, 2, 0, '2014-07-16 04:28:23'),
(1605, 2, 9, 3, 20, 4, 0.4, 0.63, 2, 0, '2014-07-16 04:28:23'),
(1606, 1, 1, 7, 16, 19, 0.32, 0.98, 1, 9000, '2014-07-16 04:28:23'),
(1607, 2, 9, 4, 20, 4, 0.18, 0.3, 3, 0, '2014-07-16 04:28:23'),
(1608, 1, 2, 8, 15, 18, 0.38, 0.91, 9, 99000, '2014-07-16 04:28:23'),
(1609, 1, 4, 8, 16, 20, 0.54, 1, 10, 90000, '2014-07-16 04:28:23'),
(1610, 2, 9, 4, 3, 4, 0.76, 1, 2, 30000, '2014-07-16 04:28:23'),
(1611, 2, 9, 3, 20, 4, 0.5, 0.34, 5, 0, '2014-07-16 04:28:23'),
(1612, 2, 9, 3, 3, 4, 0.19, 0.62, 7, 105000, '2014-07-16 04:28:23'),
(1613, 2, 9, 3, 4, 4, 0.46, 0.33, 7, 0, '2014-07-16 04:28:23'),
(1617, 2, 9, 3, 3, 4, 0.81, 0.49, 7, 105000, '2014-07-16 04:28:23'),
(1618, 2, 9, 4, 3, 4, 0.49, 0.27, 3, 45000, '2014-07-16 04:28:23'),
(1619, 1, 10, 7, 8, 18, 0.8, 0.23, 10, 360000, '2014-07-16 04:28:23'),
(1620, 1, 10, 7, 11, 14, 0.09, 0.65, 8, 72000, '2014-07-16 04:28:23'),
(1621, 2, 9, 4, 20, 4, 0.07, 0.91, 9, 0, '2014-07-16 04:28:23'),
(1623, 2, 9, 4, 4, 4, 0.22, 0.45, 10, 0, '2014-07-16 04:28:23'),
(1626, 1, 7, 7, 13, 19, 0.96, 0.28, 5, 110000, '2014-07-16 04:28:23'),
(1627, 2, 9, 4, 3, 4, 0.43, 0.76, 6, 90000, '2014-07-16 04:28:23'),
(1628, 2, 9, 4, 3, 4, 0.52, 0.02, 7, 105000, '2014-07-16 04:28:23'),
(1629, 2, 9, 4, 4, 4, 0.98, 0.18, 3, 0, '2014-07-16 04:28:23'),
(1630, 2, 9, 4, 4, 4, 0.23, 0.82, 9, 0, '2014-07-16 04:28:23'),
(1631, 2, 9, 4, 20, 4, 0.42, 0.58, 9, 0, '2014-07-16 04:28:23'),
(1632, 2, 9, 4, 20, 4, 0.65, 0.76, 8, 0, '2014-07-16 04:28:23'),
(1633, 1, 6, 2, 3, 15, 0.36, 0.36, 4, 208000, '2014-07-16 04:28:23'),
(1634, 1, 3, 7, 2, 13, 0.52, 0.94, 1, 58000, '2014-07-16 04:28:23'),
(1635, 1, 6, 1, 10, 13, 0.67, 0.35, 7, 42000, '2014-07-16 04:28:23'),
(1636, 2, 9, 4, 4, 4, 0.51, 0.36, 8, 0, '2014-07-16 04:28:23'),
(1637, 1, 5, 8, 15, 20, 0.27, 0.13, 2, 28000, '2014-07-16 04:28:23'),
(1638, 2, 9, 3, 20, 4, 0.18, 0.19, 7, 0, '2014-07-16 04:28:23'),
(1639, 2, 9, 3, 3, 4, 0.58, 0.47, 9, 135000, '2014-07-16 04:28:23'),
(1640, 2, 9, 4, 20, 4, 0.88, 0.97, 10, 0, '2014-07-16 04:28:23'),
(1641, 1, 10, 7, 6, 10, 0.85, 0.47, 8, 128000, '2014-07-16 04:28:23'),
(1642, 2, 9, 4, 20, 4, 0.05, 0.75, 7, 0, '2014-07-16 04:28:23'),
(1644, 1, 6, 2, 17, 20, 0.26, 0.81, 10, 70000, '2014-07-16 04:28:23'),
(1645, 1, 5, 2, 6, 13, 0.74, 0.01, 1, 22000, '2014-07-16 04:28:23'),
(1646, 1, 10, 1, 7, 20, 0.86, 0.06, 3, 126000, '2014-07-16 04:28:23'),
(1647, 2, 9, 4, 4, 4, 0.71, 0.53, 7, 0, '2014-07-16 04:28:23'),
(1649, 2, 9, 4, 20, 4, 0.52, 0.27, 4, 0, '2014-07-16 04:28:23'),
(1650, 1, 4, 7, 6, 11, 0.76, 0.6, 1, 18000, '2014-07-16 04:28:23'),
(1652, 2, 9, 3, 3, 4, 0.98, 0.15, 2, 30000, '2014-07-16 04:28:23'),
(1654, 1, 11, 8, 6, 17, 0.5, 0.36, 1, 37000, '2014-07-16 04:28:23'),
(1655, 2, 9, 4, 4, 4, 0.2, 0.75, 7, 0, '2014-07-16 04:28:23'),
(1657, 1, 1, 8, 12, 19, 0.12, 0.22, 8, 192000, '2014-07-16 04:28:23'),
(1658, 1, 2, 1, 15, 19, 0.4, 0.82, 3, 42000, '2014-07-16 04:28:23'),
(1659, 1, 6, 7, 2, 18, 0.57, 0.8, 10, 770000, '2014-07-16 04:28:23'),
(1661, 1, 1, 2, 16, 19, 0.52, 0.61, 3, 27000, '2014-07-16 04:28:23'),
(1662, 2, 9, 3, 20, 4, 0.91, 0.59, 4, 0, '2014-07-16 04:28:23'),
(1663, 2, 9, 3, 20, 4, 0.21, 0.31, 5, 0, '2014-07-16 04:28:23'),
(1664, 2, 9, 4, 3, 4, 0.93, 0.5, 10, 150000, '2014-07-16 04:28:23'),
(1665, 1, 10, 8, 4, 11, 0.45, 0.51, 10, 250000, '2014-07-16 04:28:23'),
(1666, 1, 6, 2, 4, 14, 0.86, 0.48, 1, 34000, '2014-07-16 04:28:23'),
(1669, 2, 9, 4, 20, 4, 0.05, 0.15, 7, 0, '2014-07-16 04:28:23'),
(1670, 2, 9, 4, 20, 4, 0.31, 0.18, 6, 0, '2014-07-16 04:28:23'),
(1671, 1, 5, 7, 6, 11, 0.49, 0.04, 7, 126000, '2014-07-16 04:28:23'),
(1672, 2, 9, 4, 20, 4, 0.16, 0.54, 6, 0, '2014-07-16 04:28:23'),
(1673, 1, 1, 7, 15, 18, 0.9, 0.47, 9, 99000, '2014-07-16 04:28:23'),
(1674, 1, 3, 8, 11, 18, 0.15, 0.13, 9, 207000, '2014-07-16 04:28:23'),
(1675, 2, 9, 3, 3, 4, 0.18, 0.53, 4, 60000, '2014-07-16 04:28:23'),
(1676, 2, 9, 4, 4, 4, 0.05, 0.07, 9, 0, '2014-07-16 04:28:23'),
(1679, 2, 9, 4, 20, 4, 0.34, 0.44, 1, 0, '2014-07-16 04:28:23'),
(1680, 2, 9, 4, 4, 4, 0.6, 0.2, 2, 0, '2014-07-16 04:28:23'),
(1682, 2, 9, 4, 3, 4, 0.42, 0.81, 3, 45000, '2014-07-16 04:28:23'),
(1684, 2, 9, 3, 3, 4, 0.29, 0.98, 3, 45000, '2014-07-16 04:28:23'),
(1687, 1, 7, 7, 18, 2, 0.39, 0.72, 4, 0, '2014-07-16 04:28:23'),
(1688, 2, 9, 3, 4, 4, 0.18, 0.66, 3, 0, '2014-07-16 04:28:23'),
(1689, 2, 9, 3, 4, 4, 0.09, 0.34, 1, 0, '2014-07-16 04:28:23'),
(1690, 1, 11, 1, 16, 19, 0.32, 0.87, 4, 36000, '2014-07-16 04:28:23'),
(1692, 2, 9, 4, 3, 4, 0.64, 0.24, 10, 150000, '2014-07-16 04:28:23'),
(1693, 2, 9, 4, 20, 4, 0.99, 0.37, 1, 0, '2014-07-16 04:28:23'),
(1694, 2, 9, 4, 20, 4, 0.75, 0.58, 8, 0, '2014-07-16 04:28:23'),
(1696, 2, 9, 4, 3, 4, 0.04, 0.86, 2, 30000, '2014-07-16 04:28:23'),
(1697, 2, 9, 3, 4, 4, 0.84, 0.57, 4, 0, '2014-07-16 04:28:23'),
(1699, 1, 1, 7, 2, 11, 0.61, 0.95, 10, 540000, '2014-07-16 04:28:23'),
(1700, 1, 7, 7, 16, 20, 0.65, 1, 6, 54000, '2014-07-16 04:28:23'),
(1701, 1, 5, 1, 12, 16, 0.65, 0.03, 6, 90000, '2014-07-16 04:28:23'),
(1703, 1, 6, 1, 13, 16, 0.07, 0.63, 7, 91000, '2014-07-16 04:28:23'),
(1704, 2, 9, 3, 4, 4, 0.47, 0.14, 3, 0, '2014-07-16 04:28:23'),
(1705, 2, 9, 4, 20, 4, 0.89, 0.78, 10, 0, '2014-07-16 04:28:23'),
(1706, 2, 9, 3, 4, 4, 0.04, 0.47, 9, 0, '2014-07-16 04:28:23'),
(1707, 2, 9, 4, 3, 4, 0.2, 0.43, 5, 75000, '2014-07-16 04:28:23'),
(1708, 2, 9, 3, 3, 4, 0.24, 0.91, 4, 60000, '2014-07-16 04:28:23'),
(1710, 2, 9, 4, 20, 4, 0.11, 0.01, 2, 0, '2014-07-16 04:28:23'),
(1711, 2, 9, 3, 4, 4, 0.45, 0.87, 5, 0, '2014-07-16 04:28:23'),
(1712, 1, 11, 1, 14, 17, 0.01, 0.04, 7, 70000, '2014-07-16 04:28:23'),
(1713, 2, 9, 4, 4, 4, 0.25, 0.63, 6, 0, '2014-07-16 04:28:23'),
(1714, 2, 9, 4, 4, 4, 0.72, 0.53, 1, 0, '2014-07-16 04:28:23'),
(1716, 1, 6, 1, 10, 18, 0.14, 0.18, 5, 125000, '2014-07-16 04:28:23'),
(1717, 2, 9, 4, 4, 4, 0.46, 0.18, 2, 0, '2014-07-16 04:28:23'),
(1718, 2, 9, 4, 20, 4, 0.06, 0.22, 9, 0, '2014-07-16 04:28:23'),
(1719, 2, 9, 4, 4, 4, 0.5, 0.98, 4, 0, '2014-07-16 04:28:23'),
(1720, 1, 1, 8, 14, 17, 0.07, 0.15, 10, 100000, '2014-07-16 04:28:23'),
(1722, 2, 9, 3, 20, 4, 0.54, 0.14, 1, 0, '2014-07-16 04:28:23'),
(1724, 2, 9, 3, 3, 4, 0.63, 0.91, 9, 135000, '2014-07-16 04:28:23'),
(1725, 2, 9, 4, 20, 4, 0.39, 0.25, 10, 0, '2014-07-16 04:28:23'),
(1726, 2, 9, 3, 20, 4, 0.36, 0.23, 4, 0, '2014-07-16 04:28:23'),
(1727, 1, 11, 7, 3, 13, 0.36, 0.86, 3, 132000, '2014-07-16 04:28:23'),
(1728, 2, 9, 3, 4, 4, 0.09, 0.49, 6, 0, '2014-07-16 04:28:23'),
(1729, 2, 9, 4, 3, 4, 0.91, 0.89, 2, 30000, '2014-07-16 04:28:23'),
(1731, 2, 9, 3, 20, 4, 0.95, 0.28, 10, 0, '2014-07-16 04:28:23'),
(1733, 1, 5, 1, 9, 15, 1, 0.65, 9, 171000, '2014-07-16 04:28:23'),
(1735, 1, 6, 2, 1, 13, 0.46, 0.93, 9, 621000, '2014-07-16 04:28:23'),
(1736, 2, 9, 3, 4, 4, 0.97, 0.67, 5, 0, '2014-07-16 04:28:23'),
(1737, 1, 7, 8, 16, 20, 0.58, 0.7, 9, 81000, '2014-07-16 04:28:23'),
(1738, 2, 9, 3, 20, 4, 1, 0.39, 6, 0, '2014-07-16 04:28:23'),
(1739, 2, 9, 4, 20, 4, 0.47, 0.08, 10, 0, '2014-07-16 04:28:23'),
(1740, 2, 9, 3, 4, 4, 0.1, 0.83, 7, 0, '2014-07-16 04:28:23'),
(1741, 2, 9, 3, 4, 4, 0.15, 0.51, 10, 0, '2014-07-16 04:28:23'),
(1742, 1, 11, 2, 15, 20, 0.57, 0.36, 6, 84000, '2014-07-16 04:28:23'),
(1743, 1, 11, 7, 3, 11, 0.87, 0.11, 3, 120000, '2014-07-16 04:28:23'),
(1745, 1, 3, 2, 10, 16, 0.69, 0.49, 8, 152000, '2014-07-16 04:28:23'),
(1746, 2, 9, 4, 4, 4, 0.94, 0.14, 4, 0, '2014-07-16 04:28:23'),
(1747, 2, 9, 4, 20, 4, 0.66, 0.48, 9, 0, '2014-07-16 04:28:23'),
(1748, 1, 1, 1, 16, 20, 0.98, 0.41, 8, 72000, '2014-07-16 04:28:23'),
(1749, 1, 6, 2, 15, 18, 0.8, 0.56, 10, 110000, '2014-07-16 04:28:23'),
(1751, 2, 9, 3, 4, 4, 0.61, 0.22, 6, 0, '2014-07-16 04:28:23'),
(1752, 2, 9, 3, 20, 4, 0.81, 0.01, 7, 0, '2014-07-16 04:28:23'),
(1754, 1, 1, 2, 4, 17, 0.38, 0.1, 3, 132000, '2014-07-16 04:28:23'),
(1756, 1, 2, 7, 10, 13, 0.82, 0.14, 5, 30000, '2014-07-16 04:28:23'),
(1757, 1, 5, 1, 5, 14, 0.67, 0.82, 7, 210000, '2014-07-16 04:28:23'),
(1758, 2, 9, 4, 4, 4, 0.92, 0.75, 5, 0, '2014-07-16 04:28:23'),
(1759, 1, 4, 7, 18, 2, 0.64, 0.52, 5, 0, '2014-07-16 04:28:23'),
(1760, 2, 9, 4, 3, 4, 0.13, 0.29, 3, 45000, '2014-07-16 04:28:23'),
(1761, 2, 9, 4, 20, 4, 0.32, 0.84, 8, 0, '2014-07-16 04:28:23'),
(1762, 1, 6, 2, 17, 20, 0, 0.4, 7, 49000, '2014-07-16 04:28:23'),
(1763, 1, 2, 7, 13, 20, 0.19, 0.14, 8, 176000, '2014-07-16 04:28:23'),
(1764, 2, 9, 4, 4, 4, 0.89, 0.92, 10, 0, '2014-07-16 04:28:23'),
(1765, 1, 4, 2, 6, 17, 0, 0.1, 2, 74000, '2014-07-16 04:28:23'),
(1766, 2, 9, 3, 20, 4, 0.47, 0.89, 8, 0, '2014-07-16 04:28:23'),
(1767, 2, 9, 3, 4, 4, 0.6, 0.25, 3, 0, '2014-07-16 04:28:23'),
(1768, 2, 9, 4, 20, 4, 0.83, 0.99, 1, 0, '2014-07-16 04:28:23'),
(1769, 1, 2, 2, 18, 2, 0.42, 0.14, 8, 0, '2014-07-16 04:28:23'),
(1770, 2, 9, 4, 20, 4, 0.88, 0.95, 4, 0, '2014-07-16 04:28:23'),
(1771, 1, 4, 8, 4, 20, 0.13, 0.45, 8, 408000, '2014-07-16 04:28:23'),
(1772, 2, 9, 4, 3, 4, 0.74, 0.72, 5, 75000, '2014-07-16 04:28:23'),
(1773, 2, 9, 3, 20, 4, 0.55, 0.85, 3, 0, '2014-07-16 04:28:23'),
(1774, 2, 9, 3, 4, 4, 0.33, 0.78, 2, 0, '2014-07-16 04:28:23'),
(1775, 2, 9, 3, 3, 4, 0.8, 0.47, 8, 120000, '2014-07-16 04:28:23'),
(1777, 1, 2, 8, 13, 19, 0.76, 0.94, 5, 110000, '2014-07-16 04:28:23'),
(1778, 2, 9, 4, 20, 4, 0.71, 0.48, 4, 0, '2014-07-16 04:28:23'),
(1779, 1, 10, 1, 4, 15, 0.6, 0.98, 8, 296000, '2014-07-16 04:28:23'),
(1780, 2, 9, 3, 3, 4, 0.91, 0.67, 10, 150000, '2014-07-16 04:28:23'),
(1782, 2, 9, 3, 4, 4, 0.73, 0.96, 4, 0, '2014-07-16 04:28:23'),
(1783, 2, 9, 4, 20, 4, 0.51, 0.97, 6, 0, '2014-07-16 04:28:23'),
(1784, 2, 9, 3, 3, 4, 0.99, 0.61, 1, 15000, '2014-07-16 04:28:23'),
(1785, 2, 9, 4, 3, 4, 0.24, 0.82, 8, 120000, '2014-07-16 04:28:23'),
(1786, 2, 9, 3, 4, 4, 0.22, 0.83, 4, 0, '2014-07-16 04:28:23'),
(1788, 2, 9, 4, 4, 4, 0.14, 0.66, 4, 0, '2014-07-16 04:28:23'),
(1789, 1, 6, 2, 4, 18, 0.06, 0.92, 4, 192000, '2014-07-16 04:28:23'),
(1790, 1, 2, 7, 17, 20, 0.62, 0.3, 8, 56000, '2014-07-16 04:28:23'),
(1791, 2, 9, 4, 3, 4, 0.2, 0.71, 10, 150000, '2014-07-16 04:28:23'),
(1793, 2, 9, 4, 4, 4, 0.92, 0.86, 6, 0, '2014-07-16 04:28:23'),
(1795, 2, 9, 3, 20, 4, 0.8, 0.96, 2, 0, '2014-07-16 04:28:23'),
(1796, 1, 5, 8, 8, 17, 0.11, 0.22, 4, 128000, '2014-07-16 04:28:23'),
(1797, 2, 9, 4, 3, 4, 0.77, 0.57, 3, 45000, '2014-07-16 04:28:23'),
(1798, 1, 1, 7, 12, 20, 0.99, 0.9, 6, 144000, '2014-07-16 04:28:23'),
(1799, 2, 9, 4, 20, 4, 0.56, 0.17, 9, 0, '2014-07-16 04:28:23'),
(1800, 1, 2, 2, 12, 16, 0.49, 0.02, 8, 120000, '2014-07-16 04:28:23'),
(1801, 2, 9, 4, 3, 4, 0.29, 0.09, 2, 30000, '2014-07-16 04:28:23'),
(1802, 1, 10, 7, 6, 18, 0.67, 0.92, 8, 328000, '2014-07-16 04:28:23'),
(1803, 2, 9, 4, 4, 4, 0.95, 0.27, 1, 0, '2014-07-16 04:28:23'),
(1804, 1, 5, 7, 6, 9, 0.79, 0.04, 8, 88000, '2014-07-16 04:28:23'),
(1805, 2, 9, 4, 4, 4, 0.7, 0.55, 5, 0, '2014-07-16 04:28:23'),
(1806, 2, 9, 4, 4, 4, 0.69, 0.1, 7, 0, '2014-07-16 04:28:23'),
(1807, 1, 10, 1, 5, 18, 0.35, 0.37, 9, 396000, '2014-07-16 04:28:23'),
(1808, 2, 9, 3, 3, 4, 0.22, 0.69, 7, 105000, '2014-07-16 04:28:23'),
(1809, 2, 9, 3, 20, 4, 0.61, 0.5, 6, 0, '2014-07-16 04:28:23'),
(1810, 2, 9, 4, 3, 4, 1, 0.56, 2, 30000, '2014-07-16 04:28:23'),
(1811, 2, 9, 3, 3, 4, 0.81, 0.57, 9, 135000, '2014-07-16 04:28:23'),
(1812, 2, 9, 4, 3, 4, 0.5, 0.49, 10, 150000, '2014-07-16 04:28:23'),
(1813, 2, 9, 3, 3, 4, 0.51, 0.3, 1, 15000, '2014-07-16 04:28:23'),
(1814, 2, 9, 3, 3, 4, 0.56, 0.91, 1, 15000, '2014-07-16 04:28:23'),
(1815, 1, 4, 7, 4, 9, 0.3, 0.06, 1, 18000, '2014-07-16 04:28:23'),
(1816, 1, 10, 8, 1, 10, 0.43, 0.98, 2, 126000, '2014-07-16 04:28:23'),
(1817, 2, 9, 4, 20, 4, 0.24, 0.24, 3, 0, '2014-07-16 04:28:23'),
(1818, 1, 3, 1, 11, 19, 0.93, 0.65, 1, 26000, '2014-07-16 04:28:23'),
(1819, 1, 4, 2, 8, 17, 0.25, 0.52, 8, 256000, '2014-07-16 04:28:23'),
(1820, 1, 5, 7, 10, 20, 0.71, 0.68, 9, 252000, '2014-07-16 04:28:23'),
(1821, 2, 9, 3, 20, 4, 0.27, 0.44, 3, 0, '2014-07-16 04:28:23'),
(1822, 2, 9, 4, 20, 4, 0.53, 0.34, 7, 0, '2014-07-16 04:28:23'),
(1823, 2, 9, 3, 4, 4, 0.6, 0.31, 10, 0, '2014-07-16 04:28:23'),
(1825, 2, 9, 4, 4, 4, 0.06, 0.86, 7, 0, '2014-07-16 04:28:23'),
(1826, 2, 9, 4, 3, 4, 0.32, 0.57, 2, 30000, '2014-07-16 04:28:23'),
(1827, 2, 9, 4, 4, 4, 0.07, 0.56, 4, 0, '2014-07-16 04:28:23'),
(1828, 1, 11, 2, 16, 19, 0.11, 0.33, 9, 81000, '2014-07-16 04:28:23'),
(1829, 2, 9, 3, 20, 4, 0.22, 0.78, 6, 0, '2014-07-16 04:28:23'),
(1830, 2, 9, 3, 20, 4, 0.01, 0.4, 10, 0, '2014-07-16 04:28:23'),
(1831, 2, 9, 4, 3, 4, 0.11, 0.21, 4, 60000, '2014-07-16 04:28:23'),
(1832, 1, 5, 2, 4, 15, 0.58, 0.99, 6, 222000, '2014-07-16 04:28:23'),
(1833, 2, 9, 4, 4, 4, 0.47, 0.07, 6, 0, '2014-07-16 04:28:23'),
(1834, 1, 5, 7, 6, 15, 0.17, 0.23, 2, 60000, '2014-07-16 04:28:23'),
(1835, 1, 10, 1, 11, 20, 0.3, 0.95, 1, 26000, '2014-07-16 04:28:23');
INSERT INTO `transaksi` (`ID`, `ID_user`, `ID_bus`, `ID_trayek`, `ID_lokasi_asal`, `ID_lokasi_tujuan`, `longitude`, `latitude`, `jumlah_tiket`, `harga_total`, `date_time`) VALUES
(1836, 2, 9, 3, 4, 4, 0.18, 0.96, 4, 0, '2014-07-16 04:28:23'),
(1837, 2, 9, 4, 20, 4, 0.93, 0.68, 4, 0, '2014-07-16 04:28:23'),
(1838, 1, 5, 7, 18, 2, 0.91, 0.17, 10, 0, '2014-07-16 04:28:23'),
(1839, 2, 9, 4, 4, 4, 0.49, 0.62, 4, 0, '2014-07-16 04:28:23'),
(1840, 2, 9, 4, 4, 4, 0.68, 0.79, 6, 0, '2014-07-16 04:28:23'),
(1842, 2, 9, 4, 4, 4, 0.16, 0.39, 2, 0, '2014-07-16 04:28:23'),
(1843, 1, 11, 7, 18, 2, 0.33, 0.33, 2, 0, '2014-07-16 04:28:23'),
(1846, 2, 9, 4, 20, 4, 0.3, 0.4, 2, 0, '2014-07-16 04:28:23'),
(1847, 1, 2, 2, 13, 18, 0.51, 0.8, 6, 114000, '2014-07-16 04:28:23'),
(1848, 2, 9, 4, 20, 4, 0.42, 0.38, 9, 0, '2014-07-16 04:28:23'),
(1849, 2, 9, 3, 4, 4, 0, 0.93, 2, 0, '2014-07-16 04:28:23'),
(1850, 2, 9, 3, 4, 4, 0.88, 0.56, 4, 0, '2014-07-16 04:28:23'),
(1851, 2, 9, 3, 4, 4, 0.84, 0.03, 9, 0, '2014-07-16 04:28:23'),
(1852, 1, 10, 1, 1, 7, 0.49, 0.83, 10, 490000, '2014-07-16 04:28:23'),
(1854, 1, 4, 2, 6, 12, 0.76, 0.69, 3, 60000, '2014-07-16 04:28:23'),
(1855, 1, 7, 7, 14, 19, 0.74, 0.54, 9, 153000, '2014-07-16 04:28:23'),
(1856, 2, 9, 4, 3, 4, 0.65, 0.67, 6, 90000, '2014-07-16 04:28:23'),
(1857, 2, 9, 3, 20, 4, 0.19, 0.92, 6, 0, '2014-07-16 04:28:23'),
(1858, 2, 9, 4, 3, 4, 0.59, 0.11, 4, 60000, '2014-07-16 04:28:23'),
(1859, 1, 10, 1, 17, 20, 0.63, 0.7, 1, 7000, '2014-07-16 04:28:23'),
(1860, 1, 5, 7, 8, 12, 0.45, 0, 1, 15000, '2014-07-16 04:28:23'),
(1861, 2, 9, 3, 3, 4, 0.04, 0.53, 1, 15000, '2014-07-16 04:28:23'),
(1862, 1, 4, 8, 1, 4, 0.04, 0.38, 4, 160000, '2014-07-16 04:28:23'),
(1863, 2, 9, 3, 4, 4, 0.93, 0.47, 4, 0, '2014-07-16 04:28:23'),
(1864, 1, 3, 7, 12, 19, 0.81, 0.66, 3, 72000, '2014-07-16 04:28:23'),
(1865, 1, 10, 2, 11, 19, 0.7, 0.66, 10, 260000, '2014-07-16 04:28:23'),
(1866, 1, 6, 1, 3, 15, 0.39, 0.48, 5, 260000, '2014-07-16 04:28:23'),
(1867, 2, 9, 4, 3, 4, 0.36, 0.33, 1, 15000, '2014-07-16 04:28:23'),
(1868, 2, 9, 4, 20, 4, 0.37, 0.53, 1, 0, '2014-07-16 04:28:23'),
(1870, 2, 9, 4, 4, 4, 0.16, 1, 3, 0, '2014-07-16 04:28:23'),
(1871, 2, 9, 3, 4, 4, 0.54, 0.61, 9, 0, '2014-07-16 04:28:23'),
(1872, 2, 9, 3, 4, 4, 0.69, 0.67, 9, 0, '2014-07-16 04:28:23'),
(1873, 1, 3, 8, 15, 19, 0.85, 0.33, 5, 70000, '2014-07-16 04:28:23'),
(1874, 2, 9, 4, 20, 4, 0.97, 0.52, 1, 0, '2014-07-16 04:28:23'),
(1875, 2, 9, 4, 20, 4, 0.18, 0.96, 10, 0, '2014-07-16 04:28:23'),
(1876, 2, 9, 4, 20, 4, 0.24, 0.07, 2, 0, '2014-07-16 04:28:23'),
(1877, 2, 9, 4, 20, 4, 0.33, 0.58, 7, 0, '2014-07-16 04:28:23'),
(1878, 1, 5, 8, 10, 17, 0.42, 0.6, 4, 84000, '2014-07-16 04:28:23'),
(1880, 2, 9, 3, 4, 4, 0.15, 0.55, 8, 0, '2014-07-16 04:28:23'),
(1881, 1, 5, 8, 16, 20, 0.44, 0.51, 3, 27000, '2014-07-16 04:28:23'),
(1882, 2, 9, 4, 4, 4, 0.37, 0.9, 10, 0, '2014-07-16 04:28:23'),
(1883, 2, 9, 3, 3, 4, 0.8, 0.81, 4, 60000, '2014-07-16 04:28:23'),
(1884, 2, 9, 4, 3, 4, 0.28, 0.7, 2, 30000, '2014-07-16 04:28:23'),
(1885, 2, 9, 3, 3, 4, 0.52, 0.94, 10, 150000, '2014-07-16 04:28:23'),
(1886, 2, 9, 4, 3, 4, 0.41, 0.74, 7, 105000, '2014-07-16 04:28:23'),
(1887, 2, 9, 4, 4, 4, 0.36, 0.98, 8, 0, '2014-07-16 04:28:23'),
(1888, 1, 7, 7, 6, 20, 0.37, 0.44, 9, 396000, '2014-07-16 04:28:23'),
(1889, 2, 9, 4, 3, 4, 0.45, 0.93, 9, 135000, '2014-07-16 04:28:23'),
(1891, 2, 9, 3, 4, 4, 0.24, 0.2, 1, 0, '2014-07-16 04:28:23'),
(1892, 2, 9, 3, 3, 4, 0.81, 0.74, 2, 30000, '2014-07-16 04:28:23'),
(1893, 1, 3, 1, 5, 17, 0.03, 0.12, 9, 360000, '2014-07-16 04:28:23'),
(1894, 1, 7, 1, 7, 11, 0.99, 0.99, 7, 112000, '2014-07-16 04:28:23'),
(1895, 1, 3, 2, 5, 14, 0.38, 0.28, 5, 150000, '2014-07-16 04:28:23'),
(1897, 1, 10, 8, 2, 18, 0.06, 0.94, 4, 308000, '2014-07-16 04:28:23'),
(1898, 2, 9, 4, 3, 4, 0.65, 0.69, 5, 75000, '2014-07-16 04:28:23'),
(1899, 2, 9, 4, 4, 4, 0.98, 0.82, 6, 0, '2014-07-16 04:28:23'),
(1900, 2, 9, 3, 20, 4, 0.7, 0.8, 7, 0, '2014-07-16 04:28:23'),
(1901, 1, 7, 7, 6, 18, 0.63, 0.65, 7, 287000, '2014-07-16 04:28:23'),
(1902, 2, 9, 4, 3, 4, 0.32, 0.17, 9, 135000, '2014-07-16 04:28:23'),
(1903, 1, 10, 2, 8, 19, 0.04, 0.96, 5, 195000, '2014-07-16 04:28:23'),
(1906, 1, 2, 8, 8, 15, 0.01, 0.23, 7, 175000, '2014-07-16 04:28:23'),
(1907, 2, 9, 3, 3, 4, 0.05, 0.16, 8, 120000, '2014-07-16 04:28:23'),
(1908, 1, 7, 2, 13, 16, 0.34, 0.86, 1, 13000, '2014-07-16 04:28:23'),
(1909, 1, 4, 8, 12, 17, 0.45, 0.75, 10, 170000, '2014-07-16 04:28:23'),
(1910, 2, 9, 3, 20, 4, 0.56, 0.73, 5, 0, '2014-07-16 04:28:23'),
(1911, 1, 10, 2, 10, 20, 0.33, 0.23, 10, 280000, '2014-07-16 04:28:23'),
(1913, 2, 9, 4, 20, 4, 0.3, 0.23, 2, 0, '2014-07-16 04:28:23'),
(1914, 2, 9, 3, 4, 4, 0.91, 0.96, 2, 0, '2014-07-16 04:28:23'),
(1915, 2, 9, 4, 4, 4, 0.87, 0.53, 5, 0, '2014-07-16 04:28:23'),
(1917, 2, 9, 4, 20, 4, 0.93, 0.35, 8, 0, '2014-07-16 04:28:23'),
(1918, 1, 5, 2, 11, 17, 0.2, 0.72, 2, 38000, '2014-07-16 04:28:23'),
(1919, 1, 4, 7, 15, 18, 0.34, 0.27, 6, 66000, '2014-07-16 04:28:23'),
(1922, 1, 2, 2, 14, 18, 0.89, 0.93, 7, 98000, '2014-07-16 04:28:23'),
(1924, 2, 9, 4, 3, 4, 0.1, 0.11, 5, 75000, '2014-07-16 04:28:23'),
(1926, 2, 9, 3, 3, 4, 0.2, 0.49, 3, 45000, '2014-07-16 04:28:23'),
(1927, 2, 9, 4, 20, 4, 0.69, 0.55, 2, 0, '2014-07-16 04:28:23'),
(1928, 1, 2, 1, 9, 14, 0.23, 0.91, 6, 96000, '2014-07-16 04:28:23'),
(1929, 2, 9, 4, 3, 4, 0.94, 0.52, 4, 60000, '2014-07-16 04:28:23'),
(1930, 1, 10, 1, 3, 6, 0.65, 0.38, 10, 220000, '2014-07-16 04:28:23'),
(1931, 2, 9, 4, 20, 4, 0.48, 0.41, 1, 0, '2014-07-16 04:28:23'),
(1932, 2, 9, 4, 3, 4, 0.43, 0.52, 5, 75000, '2014-07-16 04:28:23'),
(1933, 2, 9, 3, 3, 4, 1, 1, 6, 90000, '2014-07-16 04:28:23'),
(1934, 2, 9, 4, 3, 4, 1, 0.73, 4, 60000, '2014-07-16 04:28:23'),
(1936, 2, 9, 4, 20, 4, 0.28, 0.82, 8, 0, '2014-07-16 04:28:23'),
(1937, 2, 9, 3, 20, 4, 0.42, 0.7, 1, 0, '2014-07-16 04:28:23'),
(1938, 2, 9, 4, 4, 4, 0.62, 0.77, 4, 0, '2014-07-16 04:28:23'),
(1939, 1, 4, 2, 8, 15, 0.19, 0.23, 1, 25000, '2014-07-16 04:28:23'),
(1940, 2, 9, 3, 4, 4, 0.17, 0.29, 1, 0, '2014-07-16 04:28:23'),
(1941, 1, 7, 2, 14, 17, 0.92, 0.85, 8, 80000, '2014-07-16 04:28:23'),
(1942, 1, 7, 1, 10, 15, 0.84, 0.93, 7, 98000, '2014-07-16 04:28:23'),
(1943, 1, 2, 1, 13, 17, 0.31, 0.7, 1, 15000, '2014-07-16 04:28:23'),
(1945, 2, 9, 3, 3, 4, 0.28, 0.41, 10, 150000, '2014-07-16 04:28:23'),
(1947, 2, 9, 3, 3, 4, 0.94, 1, 8, 120000, '2014-07-16 04:28:23'),
(1948, 2, 9, 3, 20, 4, 0.88, 0.87, 1, 0, '2014-07-16 04:28:23'),
(1949, 2, 9, 4, 4, 4, 0.13, 0.38, 7, 0, '2014-07-16 04:28:23'),
(1950, 2, 9, 4, 3, 4, 0.03, 0.5, 9, 135000, '2014-07-16 04:28:23'),
(1951, 1, 7, 8, 11, 18, 0.87, 0.29, 7, 161000, '2014-07-16 04:28:23'),
(1952, 1, 6, 8, 16, 19, 0.71, 0.87, 2, 18000, '2014-07-16 04:28:23'),
(1954, 2, 9, 3, 20, 4, 0.77, 1, 4, 0, '2014-07-16 04:28:23'),
(1955, 2, 9, 4, 20, 4, 0.22, 0.86, 2, 0, '2014-07-16 04:28:23'),
(1956, 2, 9, 3, 20, 4, 0.88, 0.36, 5, 0, '2014-07-16 04:28:23'),
(1957, 1, 11, 1, 4, 19, 0.18, 0.49, 7, 357000, '2014-07-16 04:28:23'),
(1958, 1, 7, 7, 11, 17, 0.79, 0.95, 1, 19000, '2014-07-16 04:28:23'),
(1959, 2, 9, 3, 4, 4, 0.1, 0.54, 9, 0, '2014-07-16 04:28:23'),
(1960, 2, 9, 3, 20, 4, 0.49, 0.64, 9, 0, '2014-07-16 04:28:23'),
(1961, 1, 6, 1, 5, 18, 0.56, 0.95, 2, 88000, '2014-07-16 04:28:23'),
(1962, 1, 7, 7, 16, 20, 0.73, 0.91, 2, 18000, '2014-07-16 04:28:23'),
(1963, 2, 9, 4, 3, 4, 0.08, 0.62, 1, 15000, '2014-07-16 04:28:23'),
(1964, 2, 9, 3, 20, 4, 0.94, 0.98, 7, 0, '2014-07-16 04:28:23'),
(1965, 2, 9, 4, 4, 4, 0.86, 0.59, 10, 0, '2014-07-16 04:28:23'),
(1966, 2, 9, 4, 20, 4, 0.68, 0.28, 8, 0, '2014-07-16 04:28:23'),
(1967, 2, 9, 3, 20, 4, 0.05, 0.18, 6, 0, '2014-07-16 04:28:23'),
(1968, 2, 9, 4, 20, 4, 0.61, 0.7, 10, 0, '2014-07-16 04:28:23'),
(1969, 2, 9, 3, 20, 4, 0.97, 0.15, 1, 0, '2014-07-16 04:28:23'),
(1970, 1, 11, 2, 8, 17, 0.46, 0.14, 5, 160000, '2014-07-16 04:28:23'),
(1973, 2, 9, 4, 20, 4, 0.06, 0.35, 3, 0, '2014-07-16 04:28:23'),
(1974, 2, 9, 4, 4, 4, 0.83, 0.02, 3, 0, '2014-07-16 04:28:23'),
(1976, 2, 9, 3, 3, 4, 0.68, 0.38, 10, 150000, '2014-07-16 04:28:23'),
(1977, 2, 9, 3, 4, 4, 0.61, 0.8, 4, 0, '2014-07-16 04:28:23'),
(1978, 1, 5, 8, 3, 10, 0.95, 0.41, 8, 304000, '2014-07-16 04:28:23'),
(1979, 2, 9, 4, 3, 4, 0.24, 0.31, 9, 135000, '2014-07-16 04:28:23'),
(1981, 1, 6, 2, 11, 15, 0.05, 0.94, 4, 48000, '2014-07-16 04:28:23'),
(1982, 2, 9, 4, 3, 4, 0.93, 0.54, 4, 60000, '2014-07-16 04:28:23'),
(1983, 2, 9, 3, 20, 4, 0.45, 0.88, 8, 0, '2014-07-16 04:28:23'),
(1984, 2, 9, 3, 3, 4, 0.53, 0.66, 7, 105000, '2014-07-16 04:28:23'),
(1985, 1, 11, 2, 8, 20, 0.19, 0.79, 6, 234000, '2014-07-16 04:28:23'),
(1987, 1, 4, 1, 13, 19, 0.95, 0.46, 7, 154000, '2014-07-16 04:28:23'),
(1989, 1, 7, 7, 3, 19, 0.5, 0.67, 10, 660000, '2014-07-16 04:28:23'),
(1990, 2, 9, 4, 20, 4, 0.01, 0.1, 1, 0, '2014-07-16 04:28:23'),
(1991, 1, 2, 7, 3, 7, 0.25, 0.8, 6, 144000, '2014-07-16 04:28:23'),
(1992, 2, 9, 3, 20, 4, 0.77, 0.31, 9, 0, '2014-07-16 04:28:23'),
(1993, 1, 1, 8, 7, 15, 0.64, 0.32, 4, 112000, '2014-07-16 04:28:23'),
(1994, 2, 9, 3, 4, 4, 0.47, 0.62, 6, 0, '2014-07-16 04:28:23'),
(1995, 2, 9, 4, 3, 4, 0.46, 0.29, 6, 90000, '2014-07-16 04:28:23'),
(1996, 2, 9, 4, 4, 4, 0.84, 0.31, 9, 0, '2014-07-16 04:28:23'),
(1997, 2, 9, 3, 4, 4, 0.53, 0.71, 6, 0, '2014-07-16 04:28:23'),
(1998, 2, 9, 3, 3, 4, 0.74, 0.34, 3, 45000, '2014-07-16 04:28:23'),
(1999, 1, 11, 8, 15, 19, 0.27, 0.32, 4, 56000, '2014-07-16 04:28:23'),
(2000, 2, 9, 4, 20, 4, 0.09, 0.11, 6, 0, '2014-07-16 04:28:23'),
(2001, 1, 3, 8, 6, 19, 0.63, 0.88, 6, 264000, '2014-07-16 04:28:23'),
(2002, 2, 9, 3, 20, 4, 0.7, 0.47, 9, 0, '2014-07-16 04:28:23'),
(2003, 2, 9, 4, 20, 4, 0, 0.45, 6, 0, '2014-07-16 04:28:23'),
(2004, 2, 9, 4, 4, 4, 0.98, 0.05, 8, 0, '2014-07-16 04:28:23'),
(2005, 1, 11, 1, 3, 14, 0.9, 0.69, 4, 196000, '2014-07-16 04:28:23'),
(2006, 2, 9, 4, 4, 4, 0.04, 0.51, 5, 0, '2014-07-16 04:28:23'),
(2009, 2, 9, 3, 20, 4, 0.78, 0.51, 2, 0, '2014-07-16 04:28:23'),
(2010, 2, 9, 4, 4, 4, 0.3, 0.03, 7, 0, '2014-07-16 04:28:23'),
(2011, 2, 9, 4, 3, 4, 0.6, 0.75, 10, 150000, '2014-07-16 04:28:23'),
(2013, 1, 11, 7, 12, 19, 0.23, 0.82, 6, 144000, '2014-07-16 04:28:23'),
(2014, 1, 6, 1, 8, 20, 0.15, 0.03, 5, 195000, '2014-07-16 04:28:23'),
(2015, 2, 9, 3, 4, 4, 0.86, 0.48, 8, 0, '2014-07-16 04:28:23'),
(2017, 1, 4, 1, 1, 14, 0.94, 0.58, 10, 740000, '2014-07-16 04:28:23'),
(2018, 2, 9, 3, 4, 4, 0.38, 0.86, 7, 0, '2014-07-16 04:28:23'),
(2019, 1, 11, 1, 13, 20, 0.61, 0.39, 10, 220000, '2014-07-16 04:28:23'),
(2020, 2, 9, 3, 3, 4, 0.74, 0.3, 8, 120000, '2014-07-16 04:28:23'),
(2021, 1, 4, 7, 13, 17, 0.39, 0.62, 9, 135000, '2014-07-16 04:28:23'),
(2023, 1, 7, 2, 18, 2, 0.66, 1, 1, 0, '2014-07-16 04:28:23'),
(2024, 2, 9, 4, 20, 4, 0.19, 0.86, 10, 0, '2014-07-16 04:28:23'),
(2025, 2, 9, 4, 3, 4, 0.27, 0.86, 2, 30000, '2014-07-16 04:28:23'),
(2026, 1, 2, 1, 11, 16, 0.69, 0.18, 6, 102000, '2014-07-16 04:28:23'),
(2028, 2, 9, 4, 4, 4, 0.69, 0.42, 5, 0, '2014-07-16 04:28:23'),
(2030, 1, 7, 2, 17, 20, 0.37, 0.45, 9, 63000, '2014-07-16 04:28:23'),
(2031, 2, 9, 4, 3, 4, 0.34, 0.67, 2, 30000, '2014-07-16 04:28:23'),
(2033, 1, 10, 1, 9, 13, 0.61, 0.08, 7, 77000, '2014-07-16 04:28:23'),
(2035, 2, 9, 3, 4, 4, 0.03, 0.71, 5, 0, '2014-07-16 04:28:23'),
(2036, 2, 9, 3, 3, 4, 0.7, 0.29, 7, 105000, '2014-07-16 04:28:23'),
(2037, 2, 9, 3, 4, 4, 0.18, 0.25, 3, 0, '2014-07-16 04:28:23'),
(2038, 1, 7, 8, 2, 16, 0.5, 0.56, 7, 497000, '2014-07-16 04:28:23'),
(2039, 2, 9, 3, 3, 4, 0.9, 0.43, 6, 90000, '2014-07-16 04:28:23'),
(2040, 1, 7, 2, 13, 18, 0.54, 0.32, 10, 190000, '2014-07-16 04:28:23'),
(2041, 2, 9, 4, 3, 4, 0.86, 1, 1, 15000, '2014-07-16 04:28:23'),
(2042, 2, 9, 3, 20, 4, 0.74, 1, 1, 0, '2014-07-16 04:28:24'),
(2043, 2, 9, 3, 4, 4, 0.45, 0.15, 4, 0, '2014-07-16 04:28:24'),
(2044, 1, 4, 1, 12, 20, 0.38, 0.64, 8, 192000, '2014-07-16 04:28:24'),
(2045, 2, 9, 4, 4, 4, 0.52, 0.48, 7, 0, '2014-07-16 04:28:24'),
(2046, 1, 6, 1, 17, 20, 0.01, 0.98, 1, 7000, '2014-07-16 04:28:24'),
(2047, 1, 1, 7, 6, 14, 0.86, 0.64, 7, 189000, '2014-07-16 04:28:24'),
(2049, 1, 5, 2, 6, 20, 0.77, 1, 5, 220000, '2014-07-16 04:28:24'),
(2052, 2, 9, 4, 3, 4, 0.78, 0.85, 1, 15000, '2014-07-16 04:28:24'),
(2053, 1, 2, 2, 4, 19, 0.3, 0.63, 4, 204000, '2014-07-16 04:28:24'),
(2054, 1, 1, 1, 7, 14, 0.02, 0.6, 8, 200000, '2014-07-16 04:28:24'),
(2055, 2, 9, 4, 20, 4, 0.05, 0.73, 2, 0, '2014-07-16 04:28:24'),
(2056, 2, 9, 3, 3, 4, 0.97, 0.68, 6, 90000, '2014-07-16 04:28:24'),
(2057, 1, 11, 7, 1, 8, 0.38, 0.36, 7, 364000, '2014-07-16 04:28:24'),
(2058, 1, 5, 8, 14, 19, 0.56, 0.5, 2, 34000, '2014-07-16 04:28:24'),
(2059, 2, 9, 3, 3, 4, 0.93, 0.13, 10, 150000, '2014-07-16 04:28:24'),
(2062, 1, 2, 7, 14, 19, 0.17, 0.92, 4, 68000, '2014-07-16 04:28:24'),
(2064, 2, 9, 3, 3, 4, 0.76, 0.3, 7, 105000, '2014-07-16 04:28:24'),
(2065, 2, 9, 3, 4, 4, 0.42, 0.34, 6, 0, '2014-07-16 04:28:24'),
(2066, 2, 9, 3, 20, 4, 0.26, 0.65, 5, 0, '2014-07-16 04:28:24'),
(2067, 1, 1, 7, 8, 15, 0.11, 0.95, 3, 75000, '2014-07-16 04:28:24'),
(2068, 1, 3, 2, 8, 11, 0.5, 0.07, 10, 130000, '2014-07-16 04:28:24'),
(2070, 2, 9, 4, 3, 4, 0.19, 0.39, 2, 30000, '2014-07-16 04:28:24'),
(2072, 2, 9, 4, 3, 4, 0.9, 0.8, 8, 120000, '2014-07-16 04:28:24'),
(2073, 1, 2, 2, 17, 20, 0.43, 0.18, 7, 49000, '2014-07-16 04:28:24'),
(2074, 2, 9, 4, 4, 4, 0.01, 0.73, 2, 0, '2014-07-16 04:28:24'),
(2075, 1, 3, 7, 9, 18, 0.74, 0.86, 5, 150000, '2014-07-16 04:28:24'),
(2076, 2, 9, 3, 4, 4, 0.11, 0.31, 8, 0, '2014-07-16 04:28:24'),
(2077, 1, 6, 7, 5, 8, 0.87, 0.91, 10, 80000, '2014-07-16 04:28:24'),
(2078, 2, 9, 4, 4, 4, 0.28, 0.62, 8, 0, '2014-07-16 04:28:24'),
(2079, 2, 9, 3, 20, 4, 0.07, 0.73, 1, 0, '2014-07-16 04:28:24'),
(2080, 2, 9, 4, 4, 4, 0.85, 0.11, 5, 0, '2014-07-16 04:28:24'),
(2081, 1, 10, 7, 10, 18, 0.58, 0.46, 3, 75000, '2014-07-16 04:28:24'),
(2082, 1, 1, 7, 13, 17, 0.38, 0.41, 9, 135000, '2014-07-16 04:28:24'),
(2083, 2, 9, 3, 3, 4, 0.79, 1, 5, 75000, '2014-07-16 04:28:24'),
(2084, 2, 9, 4, 3, 4, 0.91, 0.42, 9, 135000, '2014-07-16 04:28:24'),
(2085, 2, 9, 3, 4, 4, 0.83, 0.61, 8, 0, '2014-07-16 04:28:24'),
(2086, 2, 9, 3, 20, 4, 0.87, 0.98, 6, 0, '2014-07-16 04:28:24'),
(2092, 2, 9, 3, 20, 4, 0.38, 0.09, 8, 0, '2014-07-16 04:28:24'),
(2094, 1, 3, 1, 4, 16, 0.71, 0.58, 2, 84000, '2014-07-16 04:28:24'),
(2095, 2, 9, 3, 4, 4, 0.36, 0.27, 1, 0, '2014-07-16 04:28:24'),
(2096, 2, 9, 3, 4, 4, 0.21, 0.37, 8, 0, '2014-07-16 04:28:24'),
(2097, 2, 9, 3, 20, 4, 0.05, 0.16, 5, 0, '2014-07-16 04:28:24'),
(2101, 2, 9, 3, 3, 4, 0.37, 0.39, 3, 45000, '2014-07-16 04:28:24'),
(2102, 2, 9, 3, 4, 4, 0.24, 0.27, 7, 0, '2014-07-16 04:28:24'),
(2103, 2, 9, 3, 4, 4, 0.37, 0.35, 3, 0, '2014-07-16 04:28:24'),
(2104, 1, 7, 1, 12, 17, 0.73, 0.56, 2, 34000, '2014-07-16 04:28:24'),
(2105, 2, 9, 3, 4, 4, 0.52, 0.77, 8, 0, '2014-07-16 04:28:24'),
(2106, 2, 9, 3, 3, 4, 0.46, 0.49, 10, 150000, '2014-07-16 04:28:24'),
(2108, 2, 9, 3, 20, 4, 0.9, 0.21, 1, 0, '2014-07-16 04:28:24'),
(2109, 2, 9, 4, 3, 4, 0.41, 0.5, 5, 75000, '2014-07-16 04:28:24'),
(2110, 1, 7, 2, 10, 14, 0.73, 0.43, 3, 33000, '2014-07-16 04:28:24'),
(2111, 2, 9, 4, 20, 4, 0.24, 0.74, 3, 0, '2014-07-16 04:28:24'),
(2112, 2, 9, 3, 4, 4, 0.51, 0.58, 7, 0, '2014-07-16 04:28:24'),
(2113, 2, 9, 3, 3, 4, 0.92, 0.09, 10, 150000, '2014-07-16 04:28:24'),
(2114, 2, 9, 4, 3, 4, 0.96, 0, 8, 120000, '2014-07-16 04:28:24'),
(2115, 2, 9, 4, 4, 4, 0.5, 0.87, 9, 0, '2014-07-16 04:28:24'),
(2116, 2, 9, 3, 4, 4, 0.9, 0.14, 6, 0, '2014-07-16 04:28:24'),
(2117, 1, 5, 2, 14, 18, 0.3, 0.76, 1, 14000, '2014-07-16 04:28:24'),
(2118, 2, 9, 4, 3, 4, 0.83, 0.41, 1, 15000, '2014-07-16 04:28:24'),
(2119, 1, 2, 7, 5, 16, 0.54, 0.08, 3, 114000, '2014-07-16 04:28:24'),
(2120, 2, 9, 4, 4, 4, 0.91, 0.9, 5, 0, '2014-07-16 04:28:24'),
(2121, 1, 1, 2, 17, 20, 0.95, 1, 1, 7000, '2014-07-16 04:28:24'),
(2122, 1, 10, 7, 9, 17, 0.12, 0.54, 1, 26000, '2014-07-16 04:28:24'),
(2123, 1, 2, 2, 18, 2, 0.42, 0.21, 5, 0, '2014-07-16 04:28:24'),
(2124, 2, 9, 4, 20, 4, 0.73, 0.55, 4, 0, '2014-07-16 04:28:24'),
(2125, 2, 9, 3, 20, 4, 0.27, 0.26, 10, 0, '2014-07-16 04:28:24'),
(2128, 2, 9, 4, 4, 4, 0.07, 0.8, 7, 0, '2014-07-16 04:28:24'),
(2129, 2, 9, 4, 4, 4, 0.18, 0.39, 5, 0, '2014-07-16 04:28:24'),
(2130, 1, 7, 2, 5, 16, 0.01, 0.64, 8, 304000, '2014-07-16 04:28:24'),
(2132, 2, 9, 4, 3, 4, 0.38, 0.52, 6, 90000, '2014-07-16 04:28:24'),
(2133, 1, 4, 1, 15, 19, 0.43, 0.24, 8, 112000, '2014-07-16 04:28:24'),
(2134, 1, 4, 1, 15, 19, 0.65, 0.54, 7, 98000, '2014-07-16 04:28:24'),
(2135, 2, 9, 3, 20, 4, 0.54, 0.37, 10, 0, '2014-07-16 04:28:24'),
(2136, 1, 11, 7, 18, 2, 0.34, 0.53, 8, 0, '2014-07-16 04:28:24'),
(2137, 2, 9, 4, 4, 4, 0.85, 0.15, 2, 0, '2014-07-16 04:28:24'),
(2138, 1, 2, 8, 14, 20, 0.52, 0.36, 5, 85000, '2014-07-16 04:28:24'),
(2139, 2, 9, 4, 4, 4, 0.08, 0.61, 5, 0, '2014-07-16 04:28:24'),
(2141, 2, 9, 4, 4, 4, 0.09, 0.75, 10, 0, '2014-07-16 04:28:24'),
(2143, 2, 9, 4, 20, 4, 0.11, 0.53, 5, 0, '2014-07-16 04:28:24'),
(2144, 2, 9, 4, 20, 4, 0.97, 0.87, 6, 0, '2014-07-16 04:28:24'),
(2145, 2, 9, 3, 4, 4, 0.87, 0.26, 2, 0, '2014-07-16 04:28:24'),
(2146, 2, 9, 3, 3, 4, 0.85, 0.74, 7, 105000, '2014-07-16 04:28:24'),
(2147, 1, 3, 7, 10, 15, 0.21, 0.92, 10, 140000, '2014-07-16 04:28:24'),
(2148, 1, 7, 2, 4, 16, 0.09, 0.72, 5, 210000, '2014-07-16 04:28:24'),
(2149, 2, 9, 4, 3, 4, 0.04, 0.99, 3, 45000, '2014-07-16 04:28:24'),
(2150, 2, 9, 3, 3, 4, 0.89, 0.51, 3, 45000, '2014-07-16 04:28:24'),
(2151, 1, 2, 7, 9, 15, 0.68, 0.4, 6, 114000, '2014-07-16 04:28:24'),
(2152, 1, 6, 7, 2, 16, 0.49, 0.49, 7, 497000, '2014-07-16 04:28:24'),
(2154, 2, 9, 3, 3, 4, 0.64, 0.05, 5, 75000, '2014-07-16 04:28:24'),
(2155, 2, 9, 4, 20, 4, 0.4, 0.83, 9, 0, '2014-07-16 04:28:24'),
(2156, 1, 6, 8, 14, 17, 0.44, 0.37, 5, 50000, '2014-07-16 04:28:24'),
(2157, 2, 9, 3, 20, 4, 0.76, 0.3, 10, 0, '2014-07-16 04:28:24'),
(2158, 1, 4, 7, 11, 14, 0.76, 0.08, 9, 81000, '2014-07-16 04:28:24'),
(2159, 2, 9, 3, 20, 4, 0.96, 0.95, 5, 0, '2014-07-16 04:28:24'),
(2160, 2, 9, 3, 4, 4, 0.61, 0.07, 1, 0, '2014-07-16 04:28:24'),
(2161, 1, 5, 1, 12, 16, 0.39, 0.54, 6, 90000, '2014-07-16 04:28:24'),
(2162, 2, 9, 3, 3, 4, 0.17, 0.79, 6, 90000, '2014-07-16 04:28:24'),
(2164, 1, 5, 1, 15, 18, 0.16, 0.86, 5, 55000, '2014-07-16 04:28:24'),
(2165, 2, 9, 3, 3, 4, 0.64, 0.45, 2, 30000, '2014-07-16 04:28:24'),
(2166, 2, 9, 3, 3, 4, 0.83, 0.45, 10, 150000, '2014-07-16 04:28:24'),
(2167, 2, 9, 4, 4, 4, 0.91, 0.05, 2, 0, '2014-07-16 04:28:24'),
(2168, 1, 2, 8, 8, 14, 0.81, 0.89, 10, 220000, '2014-07-16 04:28:24'),
(2169, 2, 9, 4, 20, 4, 0.38, 0.21, 5, 0, '2014-07-16 04:28:24'),
(2170, 2, 9, 3, 4, 4, 0.83, 0.62, 9, 0, '2014-07-16 04:28:24'),
(2171, 2, 9, 3, 4, 4, 0.47, 0.71, 6, 0, '2014-07-16 04:28:24'),
(2172, 2, 9, 4, 3, 4, 0.88, 0.89, 3, 45000, '2014-07-16 04:28:24'),
(2173, 2, 9, 3, 4, 4, 0.48, 0.97, 2, 0, '2014-07-16 04:28:24'),
(2174, 2, 9, 4, 3, 4, 0.39, 0.59, 1, 15000, '2014-07-16 04:28:24'),
(2175, 2, 9, 4, 3, 4, 0.36, 0.49, 1, 15000, '2014-07-16 04:28:24'),
(2176, 1, 5, 1, 9, 15, 0.9, 0.69, 3, 57000, '2014-07-16 04:28:24'),
(2177, 2, 9, 4, 3, 4, 0.64, 0.01, 2, 30000, '2014-07-16 04:28:24'),
(2178, 2, 9, 4, 20, 4, 0.52, 0.21, 9, 0, '2014-07-16 04:28:24'),
(2179, 2, 9, 4, 3, 4, 0.29, 0.08, 3, 45000, '2014-07-16 04:28:24'),
(2180, 2, 9, 4, 20, 4, 0.41, 0.33, 8, 0, '2014-07-16 04:28:24'),
(2182, 1, 10, 7, 11, 16, 1, 0.43, 10, 170000, '2014-07-16 04:28:24'),
(2183, 2, 9, 4, 20, 4, 1, 0.32, 3, 0, '2014-07-16 04:28:24'),
(2185, 2, 9, 4, 4, 4, 0.56, 0.03, 4, 0, '2014-07-16 04:28:24'),
(2186, 1, 10, 8, 15, 20, 0.38, 0.75, 7, 98000, '2014-07-16 04:28:24'),
(2187, 2, 9, 4, 20, 4, 0.05, 0.42, 8, 0, '2014-07-16 04:28:24'),
(2188, 1, 10, 7, 10, 17, 0.62, 0.36, 4, 84000, '2014-07-16 04:28:24'),
(2189, 1, 11, 7, 18, 2, 0.77, 0.39, 10, 0, '2014-07-16 04:28:24'),
(2190, 2, 9, 4, 4, 4, 0.56, 0.02, 4, 0, '2014-07-16 04:28:24'),
(2192, 2, 9, 3, 20, 4, 0.81, 0.62, 1, 0, '2014-07-16 04:28:24'),
(2193, 2, 9, 3, 20, 4, 0.45, 0.31, 7, 0, '2014-07-16 04:28:24'),
(2194, 2, 9, 3, 4, 4, 0.08, 0.85, 9, 0, '2014-07-16 04:28:24'),
(2195, 2, 9, 4, 4, 4, 0.37, 0.55, 10, 0, '2014-07-16 04:28:24'),
(2196, 2, 9, 3, 3, 4, 0.84, 0.92, 7, 105000, '2014-07-16 04:28:24'),
(2197, 1, 11, 8, 6, 14, 0.25, 0.99, 3, 81000, '2014-07-16 04:28:24'),
(2198, 1, 1, 7, 2, 7, 0.57, 0.97, 10, 380000, '2014-07-16 04:28:24'),
(2199, 2, 9, 4, 20, 4, 0.18, 0.03, 9, 0, '2014-07-16 04:28:24'),
(2200, 1, 3, 7, 18, 2, 0.67, 0.6, 3, 0, '2014-07-16 04:28:24'),
(2201, 2, 9, 4, 20, 4, 0.56, 0.26, 2, 0, '2014-07-16 04:28:24'),
(2202, 2, 9, 3, 3, 4, 0.19, 0.71, 5, 75000, '2014-07-16 04:28:24'),
(2203, 2, 9, 4, 20, 4, 0.57, 0.9, 8, 0, '2014-07-16 04:28:24'),
(2204, 2, 9, 4, 3, 4, 0.3, 0.19, 10, 150000, '2014-07-16 04:28:24'),
(2205, 2, 9, 3, 4, 4, 0.29, 0.79, 10, 0, '2014-07-16 04:28:24'),
(2207, 2, 9, 3, 20, 4, 0.02, 0.94, 2, 0, '2014-07-16 04:28:24'),
(2208, 2, 9, 3, 3, 4, 0.26, 0.97, 8, 120000, '2014-07-16 04:28:24'),
(2211, 1, 7, 2, 14, 19, 0.15, 0.9, 4, 68000, '2014-07-16 04:28:24'),
(2212, 2, 9, 3, 3, 4, 0.33, 0.54, 3, 45000, '2014-07-16 04:28:24'),
(2214, 2, 9, 4, 20, 4, 0.38, 0.05, 5, 0, '2014-07-16 04:28:24'),
(2215, 1, 3, 2, 14, 18, 0.09, 0.12, 3, 42000, '2014-07-16 04:28:24'),
(2216, 1, 5, 8, 6, 18, 0.5, 0.55, 2, 82000, '2014-07-16 04:28:24'),
(2217, 1, 2, 7, 12, 15, 0.85, 0.02, 9, 90000, '2014-07-16 04:28:24'),
(2218, 1, 10, 8, 8, 13, 0.94, 0.91, 3, 51000, '2014-07-16 04:28:24'),
(2219, 1, 1, 1, 11, 15, 0.15, 0.82, 3, 36000, '2014-07-16 04:28:24'),
(2220, 2, 9, 4, 4, 4, 0.09, 0.58, 8, 0, '2014-07-16 04:28:24'),
(2222, 1, 11, 8, 9, 19, 0.81, 0.76, 1, 33000, '2014-07-16 04:28:24'),
(2223, 2, 9, 4, 20, 4, 0.51, 0.36, 6, 0, '2014-07-16 04:28:24'),
(2224, 1, 11, 1, 11, 20, 0.6, 0.29, 3, 78000, '2014-07-16 04:28:24'),
(2225, 2, 9, 4, 20, 4, 0.58, 0.51, 3, 0, '2014-07-16 04:28:24'),
(2226, 2, 9, 4, 4, 4, 0.52, 0.5, 2, 0, '2014-07-16 04:28:24'),
(2227, 1, 2, 2, 5, 17, 0.59, 0.83, 10, 400000, '2014-07-16 04:28:24'),
(2229, 2, 9, 3, 4, 4, 0.88, 0.85, 4, 0, '2014-07-16 04:28:24'),
(2230, 1, 6, 7, 10, 14, 0.27, 0.65, 5, 55000, '2014-07-16 04:28:24'),
(2231, 1, 10, 7, 3, 12, 0.51, 0.14, 10, 420000, '2014-07-16 04:28:24'),
(2234, 1, 4, 2, 4, 15, 0.85, 0.63, 1, 37000, '2014-07-16 04:28:24'),
(2235, 2, 9, 3, 20, 4, 0.36, 0.14, 2, 0, '2014-07-16 04:28:24'),
(2236, 1, 6, 8, 11, 19, 0.12, 0.61, 2, 52000, '2014-07-16 04:28:24'),
(2237, 2, 9, 3, 20, 4, 0.96, 0.73, 7, 0, '2014-07-16 04:28:24'),
(2238, 1, 11, 8, 17, 20, 0.49, 0.98, 5, 35000, '2014-07-16 04:28:24'),
(2239, 2, 9, 4, 4, 4, 0.83, 0.81, 7, 0, '2014-07-16 04:28:24'),
(2240, 1, 10, 2, 4, 19, 0.8, 0.34, 6, 306000, '2014-07-16 04:28:24'),
(2241, 2, 9, 4, 4, 4, 0.32, 0.31, 10, 0, '2014-07-16 04:28:24'),
(2242, 1, 2, 8, 1, 15, 0.87, 0.51, 5, 385000, '2014-07-16 04:28:24'),
(2243, 1, 2, 1, 12, 15, 0.91, 0.24, 5, 50000, '2014-07-16 04:28:24'),
(2244, 2, 9, 4, 4, 4, 0.97, 0.16, 3, 0, '2014-07-16 04:28:24'),
(2245, 2, 9, 4, 4, 4, 0.17, 0.35, 4, 0, '2014-07-16 04:28:24'),
(2246, 1, 3, 2, 1, 5, 0.84, 0.5, 2, 88000, '2014-07-16 04:28:24'),
(2247, 1, 6, 7, 1, 12, 0.04, 0.49, 2, 134000, '2014-07-16 04:28:24'),
(2248, 1, 1, 7, 14, 17, 0.97, 0.96, 8, 80000, '2014-07-16 04:28:24'),
(2249, 2, 9, 3, 3, 4, 0.48, 0.11, 4, 60000, '2014-07-16 04:28:24'),
(2250, 2, 9, 3, 3, 4, 0.88, 0, 4, 60000, '2014-07-16 04:28:24'),
(2252, 2, 9, 3, 20, 4, 0.02, 0.77, 7, 0, '2014-07-16 04:28:24'),
(2253, 2, 9, 3, 3, 4, 0.55, 0.2, 2, 30000, '2014-07-16 04:28:24'),
(2254, 2, 9, 4, 20, 4, 0.94, 0.58, 10, 0, '2014-07-16 04:28:24'),
(2255, 2, 9, 4, 4, 4, 0.07, 0.94, 8, 0, '2014-07-16 04:28:24'),
(2256, 1, 11, 7, 18, 2, 0.49, 0.62, 9, 0, '2014-07-16 04:28:24'),
(2257, 1, 1, 7, 14, 19, 0.92, 0.86, 7, 119000, '2014-07-16 04:28:24'),
(2258, 1, 10, 8, 18, 2, 0.46, 0.88, 5, 0, '2014-07-16 04:28:24'),
(2259, 1, 10, 1, 4, 19, 1, 0.89, 9, 459000, '2014-07-16 04:28:24'),
(2260, 2, 9, 4, 20, 4, 0.48, 0.9, 5, 0, '2014-07-16 04:28:24'),
(2261, 2, 9, 3, 20, 4, 0.08, 0.75, 1, 0, '2014-07-16 04:28:24'),
(2262, 2, 9, 4, 4, 4, 0.86, 0.07, 5, 0, '2014-07-16 04:28:24'),
(2263, 2, 9, 4, 4, 4, 0.52, 0.39, 2, 0, '2014-07-16 04:28:24'),
(2264, 1, 3, 1, 5, 17, 0.04, 0.7, 3, 120000, '2014-07-16 04:28:24'),
(2265, 2, 9, 3, 20, 4, 0.16, 0.21, 9, 0, '2014-07-16 04:28:24'),
(2266, 2, 9, 3, 3, 4, 0.57, 0.32, 7, 105000, '2014-07-16 04:28:24'),
(2267, 2, 9, 3, 3, 4, 0.56, 0.97, 7, 105000, '2014-07-16 04:28:24'),
(2268, 2, 9, 4, 4, 4, 0.53, 0.85, 9, 0, '2014-07-16 04:28:24'),
(2269, 1, 3, 1, 9, 15, 0.21, 0.35, 3, 57000, '2014-07-16 04:28:24'),
(2270, 1, 10, 1, 9, 15, 0.39, 0.12, 2, 38000, '2014-07-16 04:28:24'),
(2271, 1, 3, 8, 15, 20, 0.91, 0.44, 7, 98000, '2014-07-16 04:28:24'),
(2272, 1, 3, 2, 4, 18, 0.08, 1, 3, 144000, '2014-07-16 04:28:24'),
(2273, 1, 1, 7, 14, 17, 0.07, 0.98, 7, 70000, '2014-07-16 04:28:24'),
(2274, 2, 9, 3, 20, 4, 0.19, 0.44, 8, 0, '2014-07-16 04:28:24'),
(2280, 2, 9, 4, 20, 4, 0.1, 0.69, 4, 0, '2014-07-16 04:28:24'),
(2281, 1, 2, 1, 7, 15, 0.41, 0.48, 10, 280000, '2014-07-16 04:28:24'),
(2282, 2, 9, 4, 4, 4, 0.51, 0.51, 1, 0, '2014-07-16 04:28:24'),
(2283, 2, 9, 4, 20, 4, 0.42, 0.65, 1, 0, '2014-07-16 04:28:24'),
(2284, 2, 9, 3, 4, 4, 0.72, 0.99, 7, 0, '2014-07-16 04:28:24'),
(2285, 2, 9, 3, 4, 4, 0.55, 0.38, 3, 0, '2014-07-16 04:28:24'),
(2286, 1, 3, 7, 5, 17, 0.23, 0.24, 6, 240000, '2014-07-16 04:28:24'),
(2288, 2, 9, 4, 20, 4, 0.63, 0.78, 2, 0, '2014-07-16 04:28:24'),
(2289, 2, 9, 4, 20, 4, 0.92, 0.44, 9, 0, '2014-07-16 04:28:24'),
(2290, 1, 2, 1, 17, 20, 0.33, 0.44, 6, 42000, '2014-07-16 04:28:24'),
(2291, 1, 11, 1, 7, 12, 0.62, 0.39, 8, 144000, '2014-07-16 04:28:24'),
(2292, 1, 1, 8, 9, 18, 0.65, 0.64, 4, 120000, '2014-07-16 04:28:24'),
(2294, 1, 10, 2, 10, 14, 0.64, 0.06, 4, 44000, '2014-07-16 04:28:24'),
(2295, 2, 9, 4, 3, 4, 0.1, 0.64, 10, 150000, '2014-07-16 04:28:24'),
(2298, 1, 10, 2, 7, 15, 0.29, 0.67, 1, 28000, '2014-07-16 04:28:24'),
(2299, 1, 4, 8, 4, 13, 0.57, 0.13, 7, 203000, '2014-07-16 04:28:24'),
(2301, 1, 4, 2, 17, 20, 0.92, 0.64, 9, 63000, '2014-07-16 04:28:24'),
(2302, 2, 9, 3, 20, 4, 0.9, 0.27, 6, 0, '2014-07-16 04:28:24'),
(2303, 1, 2, 7, 14, 20, 0.91, 0.38, 9, 153000, '2014-07-16 04:28:24'),
(2304, 1, 10, 1, 3, 12, 0.99, 0.09, 8, 336000, '2014-07-16 04:28:24'),
(2306, 1, 3, 2, 7, 11, 0.49, 0.93, 5, 80000, '2014-07-16 04:28:24'),
(2307, 2, 9, 3, 4, 4, 0.56, 0.35, 1, 0, '2014-07-16 04:28:24'),
(2308, 1, 5, 2, 16, 19, 0.34, 0.58, 9, 81000, '2014-07-16 04:28:24'),
(2309, 2, 9, 3, 20, 4, 0.07, 0.05, 8, 0, '2014-07-16 04:28:24'),
(2310, 1, 3, 1, 10, 19, 0.97, 0.96, 5, 140000, '2014-07-16 04:28:24'),
(2311, 2, 9, 4, 20, 4, 0.28, 0.36, 1, 0, '2014-07-16 04:28:24'),
(2312, 2, 9, 4, 20, 4, 0.51, 0.04, 7, 0, '2014-07-16 04:28:24'),
(2313, 2, 9, 4, 20, 4, 0.77, 0.98, 5, 0, '2014-07-16 04:28:24'),
(2314, 1, 1, 1, 15, 20, 0.98, 0.24, 7, 98000, '2014-07-16 04:28:24'),
(2315, 1, 2, 8, 15, 19, 0.26, 0.94, 3, 42000, '2014-07-16 04:28:24'),
(2316, 2, 9, 3, 3, 4, 0.44, 0.51, 2, 30000, '2014-07-16 04:28:24'),
(2317, 2, 9, 3, 4, 4, 0.36, 0.15, 1, 0, '2014-07-16 04:28:24'),
(2318, 1, 2, 7, 7, 11, 0.06, 1, 3, 48000, '2014-07-16 04:28:24'),
(2319, 1, 11, 1, 13, 16, 0.03, 0.92, 1, 13000, '2014-07-16 04:28:24'),
(2320, 2, 9, 4, 20, 4, 0.36, 0.39, 3, 0, '2014-07-16 04:28:24'),
(2321, 2, 9, 4, 4, 4, 0.06, 0.61, 6, 0, '2014-07-16 04:28:24'),
(2322, 1, 4, 8, 7, 15, 0.86, 0.66, 8, 224000, '2014-07-16 04:28:24'),
(2323, 2, 9, 3, 3, 4, 0.37, 0.94, 8, 120000, '2014-07-16 04:28:24'),
(2324, 2, 9, 4, 4, 4, 0.38, 0.68, 8, 0, '2014-07-16 04:28:24'),
(2325, 1, 6, 2, 6, 16, 0.95, 0.82, 9, 315000, '2014-07-16 04:28:24'),
(2326, 1, 7, 2, 16, 20, 0.95, 0.62, 3, 27000, '2014-07-16 04:28:24'),
(2327, 2, 9, 3, 4, 4, 0.12, 0.22, 2, 0, '2014-07-16 04:28:24'),
(2328, 2, 9, 4, 20, 4, 0.22, 0.83, 8, 0, '2014-07-16 04:28:24'),
(2329, 2, 9, 3, 4, 4, 0.87, 0.36, 5, 0, '2014-07-16 04:28:24'),
(2330, 2, 9, 3, 20, 4, 0.98, 0.34, 3, 0, '2014-07-16 04:28:24'),
(2331, 1, 5, 7, 9, 17, 0.02, 0.6, 6, 156000, '2014-07-16 04:28:24'),
(2333, 2, 9, 4, 3, 4, 1, 0.21, 1, 15000, '2014-07-16 04:28:24'),
(2334, 2, 9, 3, 20, 4, 0.46, 0.49, 6, 0, '2014-07-16 04:28:24'),
(2335, 2, 9, 3, 4, 4, 0.69, 0.21, 6, 0, '2014-07-16 04:28:24'),
(2336, 2, 9, 3, 20, 4, 0.98, 0.36, 10, 0, '2014-07-16 04:28:24'),
(2337, 2, 9, 4, 20, 4, 0.91, 0.17, 7, 0, '2014-07-16 04:28:24'),
(2338, 1, 3, 7, 1, 16, 0.32, 0.62, 8, 656000, '2014-07-16 04:28:24'),
(2339, 2, 9, 3, 3, 4, 0.62, 0.5, 3, 45000, '2014-07-16 04:28:24'),
(2341, 2, 9, 4, 3, 4, 0.8, 0.37, 9, 135000, '2014-07-16 04:28:24'),
(2342, 1, 2, 8, 16, 20, 0.49, 0.61, 2, 18000, '2014-07-16 04:28:24'),
(2343, 1, 1, 1, 11, 18, 0.6, 0.79, 2, 46000, '2014-07-16 04:28:24'),
(2344, 1, 2, 8, 7, 20, 0.69, 0.87, 8, 336000, '2014-07-16 04:28:24'),
(2346, 1, 3, 2, 11, 19, 0.85, 0.71, 10, 260000, '2014-07-16 04:28:24'),
(2347, 2, 9, 3, 4, 4, 0.26, 0.59, 9, 0, '2014-07-16 04:28:24'),
(2348, 1, 5, 2, 7, 12, 0.12, 0.08, 4, 72000, '2014-07-16 04:28:24'),
(2349, 2, 9, 4, 3, 4, 0.23, 0.27, 4, 60000, '2014-07-16 04:28:24'),
(2350, 1, 5, 8, 4, 12, 0.67, 0.09, 3, 81000, '2014-07-16 04:28:24'),
(2351, 1, 6, 7, 16, 20, 0.29, 0.75, 3, 27000, '2014-07-16 04:28:24'),
(2352, 2, 9, 4, 3, 4, 0.75, 0.35, 8, 120000, '2014-07-16 04:28:24'),
(2354, 1, 1, 1, 14, 19, 0.2, 0.99, 2, 34000, '2014-07-16 04:28:24'),
(2355, 2, 9, 3, 4, 4, 0.76, 0.87, 8, 0, '2014-07-16 04:28:24'),
(2356, 2, 9, 4, 3, 4, 0.11, 0.63, 6, 90000, '2014-07-16 04:28:24'),
(2357, 1, 3, 2, 15, 18, 0.27, 0.71, 6, 66000, '2014-07-16 04:28:24'),
(2360, 2, 9, 4, 20, 4, 0.15, 0.61, 10, 0, '2014-07-16 04:28:24'),
(2361, 1, 10, 7, 11, 14, 0.45, 0.12, 4, 36000, '2014-07-16 04:28:24'),
(2363, 2, 9, 4, 4, 4, 0.49, 0.08, 5, 0, '2014-07-16 04:28:24'),
(2365, 2, 9, 4, 20, 4, 0.85, 0.47, 1, 0, '2014-07-16 04:28:24'),
(2366, 1, 10, 2, 2, 9, 0.38, 0.87, 9, 423000, '2014-07-16 04:28:24'),
(2367, 2, 9, 3, 4, 4, 0.36, 0.03, 2, 0, '2014-07-16 04:28:24'),
(2368, 2, 9, 4, 3, 4, 0.31, 0.9, 8, 120000, '2014-07-16 04:28:24'),
(2369, 2, 9, 4, 4, 4, 0.26, 0.43, 8, 0, '2014-07-16 04:28:24'),
(2370, 1, 7, 8, 7, 11, 0.72, 0.19, 10, 160000, '2014-07-16 04:28:24'),
(2374, 2, 9, 3, 3, 4, 0.21, 0.91, 3, 45000, '2014-07-16 04:28:24'),
(2375, 2, 9, 4, 4, 4, 0.19, 0.35, 1, 0, '2014-07-16 04:28:24'),
(2376, 1, 11, 8, 2, 10, 0.49, 0.29, 5, 260000, '2014-07-16 04:28:24'),
(2377, 2, 9, 4, 4, 4, 0.25, 0.1, 8, 0, '2014-07-16 04:28:24'),
(2378, 1, 2, 7, 6, 13, 0.59, 0.5, 1, 22000, '2014-07-16 04:28:24'),
(2380, 2, 9, 4, 20, 4, 0.15, 0.56, 4, 0, '2014-07-16 04:28:24'),
(2381, 1, 5, 7, 1, 17, 0.85, 0.8, 2, 168000, '2014-07-16 04:28:24'),
(2382, 2, 9, 3, 20, 4, 0.98, 0.35, 1, 0, '2014-07-16 04:28:24'),
(2383, 1, 11, 1, 9, 19, 0.14, 0.25, 7, 231000, '2014-07-16 04:28:24'),
(2384, 1, 2, 7, 12, 16, 0.35, 0.98, 4, 60000, '2014-07-16 04:28:24'),
(2385, 2, 9, 3, 4, 4, 0.16, 0.82, 6, 0, '2014-07-16 04:28:24'),
(2386, 2, 9, 4, 3, 4, 0.22, 0.82, 4, 60000, '2014-07-16 04:28:24'),
(2387, 1, 11, 7, 18, 2, 0.08, 0.6, 2, 0, '2014-07-16 04:28:24'),
(2388, 1, 4, 8, 9, 18, 0.82, 0.8, 7, 210000, '2014-07-16 04:28:24'),
(2389, 2, 9, 3, 20, 4, 0.05, 0.68, 10, 0, '2014-07-16 04:28:24'),
(2390, 1, 5, 7, 12, 19, 0.51, 1, 9, 216000, '2014-07-16 04:28:24'),
(2391, 1, 10, 8, 8, 20, 0.45, 0.63, 2, 78000, '2014-07-16 04:28:24'),
(2392, 2, 9, 4, 4, 4, 0.37, 0.18, 9, 0, '2014-07-16 04:28:24'),
(2393, 2, 9, 4, 3, 4, 0.64, 0.83, 9, 135000, '2014-07-16 04:28:24'),
(2395, 1, 7, 8, 4, 9, 0.5, 0.28, 10, 180000, '2014-07-16 04:28:24'),
(2396, 2, 9, 4, 20, 4, 0.74, 0.1, 8, 0, '2014-07-16 04:28:24'),
(2398, 2, 9, 4, 3, 4, 0.66, 0.43, 6, 90000, '2014-07-16 04:28:24'),
(2399, 1, 3, 7, 10, 19, 1, 0.49, 8, 224000, '2014-07-16 04:28:24'),
(2400, 2, 9, 3, 20, 4, 0.14, 0.81, 10, 0, '2014-07-16 04:28:24'),
(2402, 2, 9, 4, 20, 4, 0.23, 0.73, 7, 0, '2014-07-16 04:28:24'),
(2403, 2, 9, 3, 4, 4, 0.61, 0.11, 3, 0, '2014-07-16 04:28:24'),
(2404, 2, 9, 3, 4, 4, 0.15, 0.4, 5, 0, '2014-07-16 04:28:24'),
(2405, 2, 9, 3, 4, 4, 0.17, 0.23, 9, 0, '2014-07-16 04:28:24'),
(2406, 2, 9, 3, 20, 4, 0.78, 0.66, 9, 0, '2014-07-16 04:28:24'),
(2407, 1, 7, 1, 12, 17, 0.27, 0.96, 1, 17000, '2014-07-16 04:28:24'),
(2409, 2, 9, 3, 3, 4, 0.68, 0.75, 6, 90000, '2014-07-16 04:28:24'),
(2410, 2, 9, 4, 3, 4, 0.25, 0.81, 8, 120000, '2014-07-16 04:28:24'),
(2412, 2, 9, 3, 20, 4, 0.58, 0.19, 8, 0, '2014-07-16 04:28:24'),
(2414, 1, 2, 1, 14, 18, 0.84, 0.53, 5, 70000, '2014-07-16 04:28:24'),
(2415, 2, 9, 4, 20, 4, 0.28, 0.68, 2, 0, '2014-07-16 04:28:24'),
(2416, 1, 1, 2, 2, 15, 0.46, 0.85, 9, 594000, '2014-07-16 04:28:24'),
(2417, 1, 5, 7, 8, 19, 0.33, 0.47, 10, 390000, '2014-07-16 04:28:24'),
(2418, 1, 5, 7, 15, 19, 0.22, 0.23, 2, 28000, '2014-07-16 04:28:24'),
(2419, 1, 1, 2, 11, 16, 0.85, 0.71, 6, 102000, '2014-07-16 04:28:24'),
(2420, 2, 9, 4, 4, 4, 0.53, 0.34, 6, 0, '2014-07-16 04:28:24'),
(2421, 2, 9, 4, 3, 4, 0.43, 0.77, 10, 150000, '2014-07-16 04:28:24'),
(2422, 2, 9, 4, 20, 4, 0.99, 0.42, 10, 0, '2014-07-16 04:28:24'),
(2424, 1, 6, 8, 12, 16, 0.2, 0.14, 2, 30000, '2014-07-16 04:28:24'),
(2425, 1, 1, 8, 15, 19, 0.75, 0.73, 5, 70000, '2014-07-16 04:28:24'),
(2426, 1, 5, 7, 17, 20, 0.15, 0.82, 6, 42000, '2014-07-16 04:28:24'),
(2427, 2, 9, 4, 20, 4, 0.88, 0.51, 8, 0, '2014-07-16 04:28:24'),
(2428, 2, 9, 3, 3, 4, 0.48, 0.93, 9, 135000, '2014-07-16 04:28:24'),
(2429, 2, 9, 4, 20, 4, 0.42, 0.57, 9, 0, '2014-07-16 04:28:24'),
(2430, 2, 9, 4, 4, 4, 0.61, 0.88, 2, 0, '2014-07-16 04:28:24'),
(2431, 2, 9, 3, 4, 4, 0.87, 0.2, 2, 0, '2014-07-16 04:28:24'),
(2432, 1, 5, 8, 15, 18, 0.85, 0.69, 7, 77000, '2014-07-16 04:28:24'),
(2433, 2, 9, 4, 4, 4, 0.28, 0.29, 8, 0, '2014-07-16 04:28:24'),
(2434, 2, 9, 3, 20, 4, 0.96, 0.22, 7, 0, '2014-07-16 04:28:24'),
(2435, 2, 9, 3, 4, 4, 0.33, 0.57, 7, 0, '2014-07-16 04:28:24'),
(2436, 2, 9, 3, 3, 4, 0.16, 0.5, 2, 30000, '2014-07-16 04:28:24'),
(2437, 2, 9, 4, 4, 4, 0.82, 0.08, 1, 0, '2014-07-16 04:28:24'),
(2438, 2, 9, 3, 4, 4, 0.35, 0.25, 9, 0, '2014-07-16 04:28:24'),
(2439, 2, 9, 3, 4, 4, 0.81, 0.07, 6, 0, '2014-07-16 04:28:24'),
(2442, 2, 9, 4, 20, 4, 0.88, 0.87, 3, 0, '2014-07-16 04:28:24'),
(2444, 1, 11, 8, 17, 20, 0.63, 0.19, 2, 14000, '2014-07-16 04:28:24'),
(2445, 2, 9, 4, 20, 4, 0.66, 0.03, 5, 0, '2014-07-16 04:28:24'),
(2446, 2, 9, 3, 3, 4, 0.32, 0.04, 8, 120000, '2014-07-16 04:28:24'),
(2447, 1, 6, 7, 7, 13, 0.25, 0.56, 6, 120000, '2014-07-16 04:28:24'),
(2449, 1, 3, 1, 1, 19, 0.04, 0.45, 5, 455000, '2014-07-16 04:28:24'),
(2450, 2, 9, 3, 20, 4, 0.38, 0, 7, 0, '2014-07-16 04:28:24'),
(2451, 1, 7, 1, 6, 20, 0.57, 0.85, 3, 132000, '2014-07-16 04:28:24'),
(2454, 2, 9, 3, 20, 4, 0.04, 0.67, 3, 0, '2014-07-16 04:28:24'),
(2455, 2, 9, 4, 3, 4, 0.39, 0.97, 3, 45000, '2014-07-16 04:28:24'),
(2456, 2, 9, 3, 4, 4, 0.4, 1, 3, 0, '2014-07-16 04:28:24'),
(2457, 1, 4, 2, 11, 15, 0.78, 0.41, 1, 12000, '2014-07-16 04:28:24'),
(2458, 2, 9, 3, 3, 4, 0.7, 0.02, 3, 45000, '2014-07-16 04:28:24'),
(2459, 1, 6, 1, 12, 20, 1, 0.87, 7, 168000, '2014-07-16 04:28:24'),
(2460, 1, 2, 2, 11, 18, 0.23, 0.91, 1, 23000, '2014-07-16 04:28:24'),
(2461, 2, 9, 4, 3, 4, 0.09, 0.91, 6, 90000, '2014-07-16 04:28:24'),
(2462, 2, 9, 3, 20, 4, 0.39, 0.34, 10, 0, '2014-07-16 04:28:24'),
(2463, 2, 9, 4, 3, 4, 0.48, 0.57, 8, 120000, '2014-07-16 04:28:24'),
(2464, 2, 9, 3, 20, 4, 0.26, 0.36, 7, 0, '2014-07-16 04:28:24'),
(2466, 1, 4, 7, 1, 16, 0.09, 0.04, 7, 574000, '2014-07-16 04:28:24'),
(2468, 1, 11, 1, 2, 7, 0.46, 0.76, 7, 266000, '2014-07-16 04:28:24'),
(2469, 1, 3, 1, 12, 19, 0, 0.32, 3, 72000, '2014-07-16 04:28:24'),
(2470, 1, 1, 2, 2, 7, 0.3, 0.77, 7, 266000, '2014-07-16 04:28:24'),
(2471, 2, 9, 3, 20, 4, 0.01, 0.91, 7, 0, '2014-07-16 04:28:24'),
(2472, 2, 9, 4, 20, 4, 0.44, 0.74, 10, 0, '2014-07-16 04:28:24'),
(2473, 2, 9, 4, 4, 4, 0.92, 0.77, 2, 0, '2014-07-16 04:28:24'),
(2474, 2, 9, 3, 20, 4, 0.95, 0.79, 3, 0, '2014-07-16 04:28:24'),
(2476, 1, 3, 2, 13, 19, 0.03, 0.68, 5, 110000, '2014-07-16 04:28:24'),
(2477, 2, 9, 3, 4, 4, 0.78, 0.72, 2, 0, '2014-07-16 04:28:24'),
(2478, 2, 9, 3, 20, 4, 0.13, 0.37, 2, 0, '2014-07-16 04:28:24'),
(2479, 1, 7, 1, 12, 20, 0.69, 0.8, 3, 72000, '2014-07-16 04:28:24'),
(2480, 2, 9, 4, 4, 4, 0.65, 0.09, 10, 0, '2014-07-16 04:28:24'),
(2481, 2, 9, 4, 20, 4, 0.25, 0.27, 7, 0, '2014-07-16 04:28:24'),
(2482, 1, 6, 7, 18, 2, 0.15, 0.19, 2, 0, '2014-07-16 04:28:24'),
(2483, 2, 9, 4, 3, 4, 0.52, 0.13, 10, 150000, '2014-07-16 04:28:24'),
(2484, 2, 9, 4, 3, 4, 0.69, 0.68, 7, 105000, '2014-07-16 04:28:24'),
(2485, 2, 9, 4, 3, 4, 0.04, 0.34, 7, 105000, '2014-07-16 04:28:24'),
(2486, 2, 9, 4, 4, 4, 0.81, 0.51, 2, 0, '2014-07-16 04:28:24'),
(2487, 1, 3, 1, 3, 17, 0.17, 0.11, 4, 236000, '2014-07-16 04:28:24'),
(2488, 1, 7, 1, 1, 10, 0.79, 0.72, 2, 126000, '2014-07-16 04:28:24'),
(2489, 1, 5, 8, 9, 16, 0.22, 0.07, 2, 48000, '2014-07-16 04:28:24'),
(2491, 1, 10, 7, 2, 20, 0.88, 0.48, 3, 240000, '2014-07-16 04:28:24'),
(2492, 2, 9, 3, 3, 4, 0.02, 0.18, 4, 60000, '2014-07-16 04:28:24'),
(2493, 2, 9, 4, 20, 4, 0.92, 0.23, 7, 0, '2014-07-16 04:28:24'),
(2494, 2, 9, 3, 20, 4, 1, 0.71, 3, 0, '2014-07-16 04:28:24'),
(2495, 2, 9, 3, 3, 4, 0.85, 0.04, 10, 150000, '2014-07-16 04:28:24'),
(2496, 1, 4, 8, 15, 19, 0.08, 0.19, 9, 126000, '2014-07-16 04:28:24'),
(2497, 1, 1, 8, 8, 20, 0.17, 0, 6, 234000, '2014-07-16 04:28:24'),
(2498, 2, 9, 4, 3, 4, 0.35, 0.16, 1, 15000, '2014-07-16 04:28:24'),
(2499, 2, 9, 4, 20, 4, 0.85, 0.08, 9, 0, '2014-07-16 04:28:24'),
(2501, 2, 9, 4, 3, 4, 0.6, 0.38, 6, 90000, '2014-07-16 04:28:24'),
(2502, 2, 9, 3, 20, 4, 0.67, 0.07, 3, 0, '2014-07-16 04:28:24'),
(2506, 2, 9, 4, 20, 4, 0.83, 0.53, 10, 0, '2014-07-16 04:28:24'),
(2507, 2, 9, 4, 4, 4, 0.96, 0.36, 8, 0, '2014-07-16 04:28:24'),
(2508, 2, 9, 3, 3, 4, 0.95, 0.54, 4, 60000, '2014-07-16 04:28:24'),
(2510, 1, 6, 2, 17, 20, 0.78, 0.93, 1, 7000, '2014-07-16 04:28:24'),
(2511, 2, 9, 4, 20, 4, 0.88, 0.79, 5, 0, '2014-07-16 04:28:24'),
(2512, 2, 9, 3, 4, 4, 0.79, 0.97, 3, 0, '2014-07-16 04:28:24'),
(2513, 2, 9, 3, 3, 4, 0.11, 0.77, 5, 75000, '2014-07-16 04:28:24'),
(2514, 2, 9, 3, 20, 4, 0.33, 0.15, 5, 0, '2014-07-16 04:28:24'),
(2515, 2, 9, 3, 20, 4, 0.27, 0.7, 4, 0, '2014-07-16 04:28:24'),
(2516, 1, 11, 8, 6, 17, 0.93, 0.54, 6, 222000, '2014-07-16 04:28:24'),
(2518, 1, 5, 7, 1, 17, 0.85, 0.49, 7, 588000, '2014-07-16 04:28:24'),
(2519, 2, 9, 4, 20, 4, 0.6, 0.39, 6, 0, '2014-07-16 04:28:24'),
(2520, 2, 9, 4, 20, 4, 0.44, 0.87, 6, 0, '2014-07-16 04:28:24'),
(2521, 1, 3, 1, 5, 14, 0.2, 0.88, 8, 240000, '2014-07-16 04:28:24'),
(2522, 2, 9, 4, 4, 4, 0.23, 0.15, 10, 0, '2014-07-16 04:28:24'),
(2523, 1, 1, 1, 9, 17, 0.41, 0.05, 3, 78000, '2014-07-16 04:28:24'),
(2524, 2, 9, 3, 20, 4, 0.36, 0.55, 7, 0, '2014-07-16 04:28:24'),
(2525, 2, 9, 4, 20, 4, 0.8, 0.88, 6, 0, '2014-07-16 04:28:24'),
(2526, 1, 6, 1, 15, 20, 0.24, 0.73, 1, 14000, '2014-07-16 04:28:24'),
(2528, 2, 9, 4, 3, 4, 0.49, 0.59, 7, 105000, '2014-07-16 04:28:24'),
(2529, 1, 5, 8, 2, 9, 0.72, 0.64, 7, 329000, '2014-07-16 04:28:24'),
(2531, 2, 9, 3, 20, 4, 0.4, 0.01, 9, 0, '2014-07-16 04:28:24'),
(2532, 1, 11, 7, 2, 12, 0.37, 0.75, 7, 392000, '2014-07-16 04:28:24'),
(2533, 2, 9, 4, 20, 4, 0.33, 0.86, 7, 0, '2014-07-16 04:28:24'),
(2534, 1, 3, 8, 1, 12, 0.08, 0.32, 5, 335000, '2014-07-16 04:28:24'),
(2535, 2, 9, 4, 20, 4, 0.59, 0.05, 1, 0, '2014-07-16 04:28:24'),
(2536, 2, 9, 3, 20, 4, 0.84, 0.63, 1, 0, '2014-07-16 04:28:24'),
(2537, 1, 3, 2, 14, 19, 0.11, 0.4, 8, 136000, '2014-07-16 04:28:24'),
(2538, 1, 3, 7, 18, 2, 0.08, 0.42, 2, 0, '2014-07-16 04:28:24'),
(2539, 2, 9, 3, 4, 4, 0.42, 0.59, 2, 0, '2014-07-16 04:28:24'),
(2540, 1, 7, 1, 9, 16, 0.75, 0.55, 10, 240000, '2014-07-16 04:28:24'),
(2541, 1, 10, 7, 14, 20, 0.07, 0.45, 4, 68000, '2014-07-16 04:28:24'),
(2542, 1, 2, 2, 12, 16, 0.74, 0.8, 10, 150000, '2014-07-16 04:28:24'),
(2543, 2, 9, 4, 20, 4, 0.11, 0.42, 9, 0, '2014-07-16 04:28:24'),
(2544, 2, 9, 3, 20, 4, 0.86, 0.23, 4, 0, '2014-07-16 04:28:24'),
(2545, 2, 9, 3, 4, 4, 0.53, 0.95, 3, 0, '2014-07-16 04:28:24'),
(2546, 2, 9, 4, 20, 4, 0.73, 0.99, 8, 0, '2014-07-16 04:28:24'),
(2547, 2, 9, 3, 4, 4, 0.44, 0.32, 5, 0, '2014-07-16 04:28:24'),
(2548, 2, 9, 4, 20, 4, 0.97, 0.62, 2, 0, '2014-07-16 04:28:24'),
(2549, 2, 9, 4, 3, 4, 0.69, 0.16, 10, 150000, '2014-07-16 04:28:24'),
(2550, 2, 9, 3, 3, 4, 0.01, 0.69, 8, 120000, '2014-07-16 04:28:24'),
(2551, 2, 9, 3, 20, 4, 0.5, 0.59, 2, 0, '2014-07-16 04:28:24'),
(2553, 2, 9, 3, 3, 4, 0.17, 0.9, 2, 30000, '2014-07-16 04:28:24'),
(2554, 1, 11, 1, 2, 20, 0.81, 0.78, 5, 400000, '2014-07-16 04:28:24'),
(2555, 2, 9, 4, 4, 4, 0.22, 0.78, 6, 0, '2014-07-16 04:28:24'),
(2556, 2, 9, 3, 3, 4, 0.97, 0.96, 9, 135000, '2014-07-16 04:28:24'),
(2557, 1, 11, 7, 13, 16, 0.64, 0.85, 5, 65000, '2014-07-16 04:28:24'),
(2558, 2, 9, 3, 4, 4, 0.26, 0.98, 3, 0, '2014-07-16 04:28:24'),
(2559, 1, 6, 8, 13, 20, 0.73, 0.25, 4, 88000, '2014-07-16 04:28:24'),
(2560, 2, 9, 3, 20, 4, 0.14, 0.86, 9, 0, '2014-07-16 04:28:24'),
(2562, 1, 2, 2, 4, 12, 0.29, 0.46, 7, 189000, '2014-07-16 04:28:24'),
(2563, 2, 9, 3, 3, 4, 0.56, 0.12, 1, 15000, '2014-07-16 04:28:24'),
(2564, 1, 3, 1, 8, 15, 0.9, 0.32, 6, 150000, '2014-07-16 04:28:24'),
(2565, 1, 11, 7, 14, 18, 0.49, 0.57, 8, 112000, '2014-07-16 04:28:24'),
(2566, 2, 9, 4, 20, 4, 0.35, 0.68, 1, 0, '2014-07-16 04:28:24'),
(2567, 2, 9, 4, 3, 4, 0.96, 0.91, 6, 90000, '2014-07-16 04:28:24'),
(2568, 1, 11, 8, 13, 20, 0.3, 0.27, 4, 88000, '2014-07-16 04:28:24'),
(2569, 1, 1, 1, 10, 17, 0.65, 0.25, 3, 63000, '2014-07-16 04:28:24'),
(2570, 2, 9, 3, 3, 4, 0.96, 0.81, 3, 45000, '2014-07-16 04:28:24'),
(2571, 2, 9, 3, 4, 4, 0.06, 0.04, 9, 0, '2014-07-16 04:28:24'),
(2573, 2, 9, 3, 4, 4, 0.32, 0.76, 5, 0, '2014-07-16 04:28:24'),
(2574, 1, 1, 1, 18, 2, 0.96, 0.22, 10, 0, '2014-07-16 04:28:24'),
(2575, 2, 9, 3, 20, 4, 0.48, 0.05, 5, 0, '2014-07-16 04:28:24'),
(2576, 2, 9, 3, 3, 4, 0.44, 0.39, 4, 60000, '2014-07-16 04:28:24'),
(2577, 2, 9, 4, 4, 4, 0.69, 0.02, 3, 0, '2014-07-16 04:28:24'),
(2578, 2, 9, 3, 3, 4, 0.44, 0.68, 8, 120000, '2014-07-16 04:28:24'),
(2579, 2, 9, 4, 20, 4, 0.97, 0.67, 2, 0, '2014-07-16 04:28:24'),
(2580, 2, 9, 4, 20, 4, 0.35, 0.44, 1, 0, '2014-07-16 04:28:24'),
(2581, 2, 9, 4, 4, 4, 0.69, 0.87, 8, 0, '2014-07-16 04:28:24'),
(2582, 2, 9, 4, 3, 4, 0.19, 0.72, 4, 60000, '2014-07-16 04:28:24'),
(2584, 1, 11, 2, 11, 16, 0.66, 0.63, 2, 34000, '2014-07-16 04:28:24'),
(2585, 1, 3, 7, 2, 20, 0.6, 0.86, 9, 720000, '2014-07-16 04:28:24'),
(2586, 2, 9, 4, 20, 4, 0.56, 0.54, 9, 0, '2014-07-16 04:28:24'),
(2587, 1, 1, 7, 15, 19, 0.8, 0.98, 6, 84000, '2014-07-16 04:28:24'),
(2588, 2, 9, 3, 20, 4, 0.72, 0.21, 9, 0, '2014-07-16 04:28:24'),
(2589, 1, 11, 8, 18, 2, 0.83, 0.85, 3, 0, '2014-07-16 04:28:24'),
(2591, 1, 4, 2, 8, 13, 0.19, 0.97, 10, 170000, '2014-07-16 04:28:24'),
(2592, 1, 1, 1, 5, 18, 0.26, 0.13, 8, 352000, '2014-07-16 04:28:24'),
(2593, 1, 1, 7, 14, 20, 0.63, 0, 2, 34000, '2014-07-16 04:28:24'),
(2594, 1, 5, 8, 10, 16, 0.51, 0.99, 6, 114000, '2014-07-16 04:28:24'),
(2595, 2, 9, 4, 20, 4, 0.93, 0.11, 8, 0, '2014-07-16 04:28:24'),
(2596, 2, 9, 3, 3, 4, 0.17, 0.56, 7, 105000, '2014-07-16 04:28:24'),
(2598, 2, 9, 4, 20, 4, 0.83, 0.79, 7, 0, '2014-07-16 04:28:24'),
(2599, 1, 7, 7, 8, 17, 0.89, 0.21, 7, 224000, '2014-07-16 04:28:24'),
(2601, 1, 5, 8, 6, 19, 0.18, 0.6, 8, 352000, '2014-07-16 04:28:24'),
(2602, 1, 4, 1, 2, 9, 0.81, 0.7, 3, 141000, '2014-07-16 04:28:24'),
(2603, 2, 9, 4, 20, 4, 0.93, 0.9, 4, 0, '2014-07-16 04:28:24'),
(2604, 1, 3, 8, 11, 16, 0.97, 0.29, 7, 119000, '2014-07-16 04:28:24'),
(2605, 1, 2, 8, 7, 14, 0.56, 0.1, 8, 200000, '2014-07-16 04:28:24'),
(2606, 2, 9, 4, 20, 4, 0.49, 0.54, 5, 0, '2014-07-16 04:28:24'),
(2607, 2, 9, 4, 20, 4, 0.61, 0.7, 4, 0, '2014-07-16 04:28:24'),
(2608, 2, 9, 4, 20, 4, 0.26, 0.9, 10, 0, '2014-07-16 04:28:24'),
(2610, 2, 9, 4, 4, 4, 0.2, 0.99, 8, 0, '2014-07-16 04:28:24'),
(2611, 1, 7, 1, 12, 16, 0.79, 0.01, 3, 45000, '2014-07-16 04:28:24'),
(2614, 1, 7, 7, 4, 20, 0.71, 0, 5, 255000, '2014-07-16 04:28:24'),
(2615, 1, 1, 1, 13, 20, 0.08, 0.95, 3, 66000, '2014-07-16 04:28:24'),
(2616, 1, 4, 1, 6, 18, 0.93, 1, 1, 41000, '2014-07-16 04:28:24'),
(2617, 1, 5, 7, 14, 19, 0.81, 0, 10, 170000, '2014-07-16 04:28:24'),
(2618, 2, 9, 3, 4, 4, 0.11, 0.95, 9, 0, '2014-07-16 04:28:24'),
(2620, 2, 9, 3, 3, 4, 0.46, 0.78, 5, 75000, '2014-07-16 04:28:24'),
(2621, 2, 9, 3, 4, 4, 0.23, 0.39, 9, 0, '2014-07-16 04:28:24'),
(2622, 2, 9, 3, 4, 4, 0.35, 0.25, 9, 0, '2014-07-16 04:28:24'),
(2623, 1, 10, 8, 9, 14, 0.24, 0.62, 3, 48000, '2014-07-16 04:28:24'),
(2624, 2, 9, 4, 3, 4, 0.72, 0.44, 6, 90000, '2014-07-16 04:28:24'),
(2625, 1, 7, 1, 10, 20, 0.39, 0.4, 9, 252000, '2014-07-16 04:28:24'),
(2626, 2, 9, 3, 4, 4, 0.52, 0.37, 6, 0, '2014-07-16 04:28:24'),
(2627, 1, 3, 8, 12, 18, 0.62, 0.83, 2, 42000, '2014-07-16 04:28:24'),
(2628, 2, 9, 3, 20, 4, 0.62, 0.77, 7, 0, '2014-07-16 04:28:24'),
(2629, 1, 7, 2, 4, 9, 0.63, 0.05, 1, 18000, '2014-07-16 04:28:25'),
(2631, 1, 2, 7, 16, 20, 0.59, 0.03, 5, 45000, '2014-07-16 04:28:25'),
(2632, 1, 2, 7, 15, 20, 0.49, 0.52, 2, 28000, '2014-07-16 04:28:25'),
(2633, 1, 7, 2, 8, 14, 0.37, 0.5, 9, 198000, '2014-07-16 04:28:25'),
(2634, 2, 9, 3, 4, 4, 0.53, 0.69, 4, 0, '2014-07-16 04:28:25'),
(2635, 2, 9, 3, 4, 4, 0.24, 0.86, 5, 0, '2014-07-16 04:28:25'),
(2636, 1, 6, 2, 6, 9, 0.76, 0.4, 4, 44000, '2014-07-16 04:28:25'),
(2637, 1, 7, 7, 16, 19, 0.25, 0.67, 8, 72000, '2014-07-16 04:28:25'),
(2638, 1, 1, 2, 9, 17, 1, 0.84, 3, 78000, '2014-07-16 04:28:25'),
(2640, 1, 2, 1, 3, 19, 0.42, 0.46, 5, 330000, '2014-07-16 04:28:25'),
(2641, 1, 2, 2, 4, 13, 0.94, 0.99, 9, 261000, '2014-07-16 04:28:25'),
(2642, 2, 9, 3, 4, 4, 0.11, 0.84, 8, 0, '2014-07-16 04:28:25'),
(2643, 1, 5, 2, 9, 20, 0.14, 0.18, 1, 33000, '2014-07-16 04:28:25'),
(2644, 1, 2, 2, 4, 15, 0.67, 0.61, 8, 296000, '2014-07-16 04:28:25'),
(2645, 2, 9, 4, 4, 4, 0.97, 0.17, 9, 0, '2014-07-16 04:28:25'),
(2647, 2, 9, 3, 3, 4, 0.36, 0.78, 10, 150000, '2014-07-16 04:28:25'),
(2648, 2, 9, 3, 20, 4, 0.76, 0.98, 6, 0, '2014-07-16 04:28:25'),
(2649, 2, 9, 4, 4, 4, 0.04, 0.28, 2, 0, '2014-07-16 04:28:25'),
(2650, 1, 7, 7, 2, 20, 0.97, 0.8, 7, 560000, '2014-07-16 04:28:25'),
(2652, 1, 2, 1, 14, 20, 0.08, 0.3, 7, 119000, '2014-07-16 04:28:25'),
(2653, 1, 2, 1, 18, 2, 0.35, 0.13, 8, 0, '2014-07-16 04:28:25'),
(2654, 1, 10, 7, 18, 2, 0.58, 0.65, 3, 0, '2014-07-16 04:28:25'),
(2655, 2, 9, 3, 3, 4, 0.41, 0.78, 3, 45000, '2014-07-16 04:28:25'),
(2656, 2, 9, 3, 4, 4, 0.37, 0.17, 1, 0, '2014-07-16 04:28:25'),
(2657, 2, 9, 4, 3, 4, 0.1, 0.48, 7, 105000, '2014-07-16 04:28:25'),
(2658, 2, 9, 4, 3, 4, 0.27, 0.99, 4, 60000, '2014-07-16 04:28:25'),
(2659, 1, 4, 2, 9, 18, 0.04, 0.76, 4, 120000, '2014-07-16 04:28:25'),
(2660, 2, 9, 4, 3, 4, 0.11, 0.93, 8, 120000, '2014-07-16 04:28:25'),
(2663, 2, 9, 3, 3, 4, 0.99, 0.13, 8, 120000, '2014-07-16 04:28:25'),
(2664, 2, 9, 4, 20, 4, 0.57, 0.78, 6, 0, '2014-07-16 04:28:25'),
(2667, 2, 9, 3, 3, 4, 0.59, 0.41, 6, 90000, '2014-07-16 04:28:25'),
(2668, 2, 9, 4, 3, 4, 0.3, 0.41, 1, 15000, '2014-07-16 04:28:25'),
(2669, 2, 9, 4, 3, 4, 0.93, 0.42, 3, 45000, '2014-07-16 04:28:25'),
(2670, 2, 9, 4, 3, 4, 0.43, 0.38, 1, 15000, '2014-07-16 04:28:25'),
(2671, 1, 10, 7, 15, 19, 0.16, 0.34, 2, 28000, '2014-07-16 04:28:25'),
(2672, 1, 10, 8, 15, 18, 0.37, 0.91, 8, 88000, '2014-07-16 04:28:25'),
(2674, 1, 4, 1, 6, 19, 0.42, 0.38, 10, 440000, '2014-07-16 04:28:25'),
(2675, 1, 2, 7, 13, 17, 0.15, 0.8, 6, 90000, '2014-07-16 04:28:25'),
(2677, 2, 9, 4, 20, 4, 0.08, 0.42, 8, 0, '2014-07-16 04:28:25'),
(2678, 1, 5, 1, 6, 19, 0.41, 0.3, 2, 88000, '2014-07-16 04:28:25'),
(2679, 2, 9, 4, 3, 4, 0.63, 0.36, 3, 45000, '2014-07-16 04:28:25'),
(2681, 2, 9, 4, 4, 4, 0.13, 0.29, 2, 0, '2014-07-16 04:28:25'),
(2682, 2, 9, 3, 4, 4, 0.78, 0.61, 3, 0, '2014-07-16 04:28:25'),
(2683, 2, 9, 3, 20, 4, 0.49, 0.44, 5, 0, '2014-07-16 04:28:25'),
(2684, 1, 11, 8, 3, 10, 0.93, 0.79, 3, 114000, '2014-07-16 04:28:25'),
(2685, 1, 5, 8, 3, 15, 0.14, 0.3, 3, 156000, '2014-07-16 04:28:25'),
(2686, 1, 7, 7, 4, 14, 0.29, 0.48, 5, 170000, '2014-07-16 04:28:25'),
(2687, 2, 9, 4, 3, 4, 0.03, 0.28, 4, 60000, '2014-07-16 04:28:25'),
(2688, 2, 9, 3, 20, 4, 0.22, 0.52, 8, 0, '2014-07-16 04:28:25'),
(2689, 2, 9, 4, 4, 4, 0.16, 0.56, 10, 0, '2014-07-16 04:28:25'),
(2690, 2, 9, 3, 4, 4, 0.66, 0.91, 3, 0, '2014-07-16 04:28:25'),
(2691, 1, 5, 1, 7, 15, 0.38, 0.68, 5, 140000, '2014-07-16 04:28:25'),
(2692, 2, 9, 4, 3, 4, 0.22, 0.58, 1, 15000, '2014-07-16 04:28:25'),
(2693, 2, 9, 3, 20, 4, 0.98, 0.06, 6, 0, '2014-07-16 04:28:25'),
(2694, 1, 3, 1, 14, 20, 0.91, 0.04, 2, 34000, '2014-07-16 04:28:25'),
(2696, 1, 1, 1, 13, 17, 0.65, 0.76, 9, 135000, '2014-07-16 04:28:25'),
(2697, 1, 2, 8, 13, 16, 0.05, 0.23, 4, 52000, '2014-07-16 04:28:25'),
(2698, 1, 3, 1, 4, 8, 0.16, 0.34, 6, 72000, '2014-07-16 04:28:25'),
(2700, 2, 9, 3, 20, 4, 0.88, 0.09, 9, 0, '2014-07-16 04:28:25'),
(2703, 2, 9, 4, 3, 4, 0.02, 0.35, 9, 135000, '2014-07-16 04:28:25'),
(2704, 1, 5, 1, 16, 19, 0.12, 0.73, 4, 36000, '2014-07-16 04:28:25'),
(2706, 2, 9, 3, 4, 4, 0.85, 0.82, 3, 0, '2014-07-16 04:28:25'),
(2707, 2, 9, 3, 3, 4, 0.48, 0.68, 10, 150000, '2014-07-16 04:28:25'),
(2708, 2, 9, 4, 20, 4, 0.57, 0.68, 1, 0, '2014-07-16 04:28:25'),
(2709, 2, 9, 3, 3, 4, 0.17, 0.93, 2, 30000, '2014-07-16 04:28:25'),
(2710, 2, 9, 4, 3, 4, 0.67, 0.14, 10, 150000, '2014-07-16 04:28:25'),
(2711, 1, 3, 7, 7, 18, 0.45, 0.3, 8, 312000, '2014-07-16 04:28:25'),
(2712, 1, 2, 8, 18, 2, 0.66, 0, 6, 0, '2014-07-16 04:28:25'),
(2713, 2, 9, 3, 20, 4, 0.39, 0.48, 2, 0, '2014-07-16 04:28:25'),
(2714, 2, 9, 3, 4, 4, 0.22, 0.36, 5, 0, '2014-07-16 04:28:25'),
(2715, 1, 2, 7, 5, 15, 0.13, 0.96, 8, 264000, '2014-07-16 04:28:25'),
(2716, 1, 11, 7, 1, 14, 0.71, 0.6, 6, 444000, '2014-07-16 04:28:25'),
(2717, 1, 1, 7, 12, 17, 0.29, 0.78, 10, 170000, '2014-07-16 04:28:25'),
(2718, 2, 9, 3, 4, 4, 0.77, 0.12, 6, 0, '2014-07-16 04:28:25'),
(2719, 2, 9, 4, 4, 4, 0.79, 0.21, 4, 0, '2014-07-16 04:28:25'),
(2720, 2, 9, 3, 4, 4, 0, 0.85, 8, 0, '2014-07-16 04:28:25'),
(2722, 2, 9, 3, 20, 4, 0.32, 0.65, 6, 0, '2014-07-16 04:28:25'),
(2723, 1, 5, 8, 7, 13, 0.2, 0.74, 1, 20000, '2014-07-16 04:28:25'),
(2725, 2, 9, 4, 3, 4, 0.16, 0.35, 10, 150000, '2014-07-16 04:28:25'),
(2726, 1, 5, 8, 12, 20, 0.63, 0.16, 2, 48000, '2014-07-16 04:28:25'),
(2728, 1, 7, 2, 10, 20, 0.68, 0.74, 8, 224000, '2014-07-16 04:28:25'),
(2730, 1, 3, 2, 6, 20, 0.44, 0.45, 1, 44000, '2014-07-16 04:28:25'),
(2731, 2, 9, 3, 3, 4, 0.84, 0.46, 6, 90000, '2014-07-16 04:28:25'),
(2732, 2, 9, 3, 4, 4, 0.83, 0.24, 9, 0, '2014-07-16 04:28:25'),
(2733, 1, 10, 2, 17, 20, 0.57, 0.53, 2, 14000, '2014-07-16 04:28:25'),
(2734, 2, 9, 3, 3, 4, 0.9, 0.85, 9, 135000, '2014-07-16 04:28:25'),
(2735, 2, 9, 4, 20, 4, 0.28, 0.58, 7, 0, '2014-07-16 04:28:25'),
(2736, 2, 9, 3, 4, 4, 0.41, 0.18, 8, 0, '2014-07-16 04:28:25'),
(2738, 2, 9, 4, 20, 4, 0.51, 0.08, 3, 0, '2014-07-16 04:28:25'),
(2739, 2, 9, 3, 3, 4, 0.82, 0.59, 2, 30000, '2014-07-16 04:28:25'),
(2741, 1, 4, 2, 3, 14, 0.29, 0.01, 6, 294000, '2014-07-16 04:28:25'),
(2742, 2, 9, 4, 20, 4, 0.88, 0.34, 10, 0, '2014-07-16 04:28:25'),
(2743, 2, 9, 4, 3, 4, 0.46, 0.17, 9, 135000, '2014-07-16 04:28:25'),
(2744, 1, 7, 8, 7, 14, 0.59, 0.76, 6, 150000, '2014-07-16 04:28:25'),
(2745, 2, 9, 4, 4, 4, 0.7, 0.11, 1, 0, '2014-07-16 04:28:25'),
(2746, 1, 11, 2, 11, 19, 0.55, 0.53, 6, 156000, '2014-07-16 04:28:25'),
(2751, 2, 9, 3, 4, 4, 0.45, 0.56, 5, 0, '2014-07-16 04:28:25'),
(2752, 2, 9, 3, 4, 4, 0.66, 0.34, 6, 0, '2014-07-16 04:28:25'),
(2753, 2, 9, 3, 4, 4, 0.72, 0.54, 6, 0, '2014-07-16 04:28:25'),
(2754, 2, 9, 4, 3, 4, 0.46, 0.47, 10, 150000, '2014-07-16 04:28:25'),
(2755, 2, 9, 3, 3, 4, 0.03, 0.3, 7, 105000, '2014-07-16 04:28:25'),
(2756, 1, 6, 2, 7, 12, 0.53, 0.87, 10, 180000, '2014-07-16 04:28:25');
INSERT INTO `transaksi` (`ID`, `ID_user`, `ID_bus`, `ID_trayek`, `ID_lokasi_asal`, `ID_lokasi_tujuan`, `longitude`, `latitude`, `jumlah_tiket`, `harga_total`, `date_time`) VALUES
(2758, 1, 7, 1, 10, 14, 0.62, 0.52, 10, 110000, '2014-07-16 04:28:25'),
(2759, 1, 11, 7, 2, 5, 0.06, 0.76, 1, 33000, '2014-07-16 04:28:25'),
(2760, 2, 9, 3, 3, 4, 0.3, 0.9, 7, 105000, '2014-07-16 04:28:25'),
(2761, 1, 3, 1, 17, 20, 0.09, 0.11, 4, 28000, '2014-07-16 04:28:25'),
(2762, 2, 9, 4, 3, 4, 0.38, 0.92, 1, 15000, '2014-07-16 04:28:25'),
(2763, 1, 7, 1, 8, 18, 0.88, 0.49, 5, 180000, '2014-07-16 04:28:25'),
(2764, 2, 9, 3, 20, 4, 0.24, 0.97, 5, 0, '2014-07-16 04:28:25'),
(2765, 2, 9, 3, 3, 4, 0.48, 0.07, 10, 150000, '2014-07-16 04:28:25'),
(2766, 2, 9, 4, 4, 4, 0.87, 0.65, 7, 0, '2014-07-16 04:28:25'),
(2767, 2, 9, 3, 20, 4, 0.58, 0.71, 5, 0, '2014-07-16 04:28:25'),
(2768, 2, 9, 4, 3, 4, 0.7, 0.21, 9, 135000, '2014-07-16 04:28:25'),
(2769, 2, 9, 4, 3, 4, 0.63, 0.94, 9, 135000, '2014-07-16 04:28:25'),
(2770, 2, 9, 3, 3, 4, 0.09, 0.58, 3, 45000, '2014-07-16 04:28:25'),
(2771, 2, 9, 4, 4, 4, 0.28, 0.97, 8, 0, '2014-07-16 04:28:25'),
(2773, 1, 1, 1, 7, 16, 0.05, 0.19, 3, 99000, '2014-07-16 04:28:25'),
(2774, 2, 9, 3, 3, 4, 0.67, 0.99, 6, 90000, '2014-07-16 04:28:25'),
(2775, 1, 6, 1, 11, 19, 0.05, 0.36, 2, 52000, '2014-07-16 04:28:25'),
(2776, 2, 9, 4, 20, 4, 0.27, 0.29, 10, 0, '2014-07-16 04:28:25'),
(2777, 1, 4, 2, 17, 20, 0.48, 0.11, 5, 35000, '2014-07-16 04:28:25'),
(2778, 1, 2, 1, 15, 20, 0.08, 0.4, 3, 42000, '2014-07-16 04:28:25'),
(2779, 2, 9, 4, 4, 4, 0.16, 0.7, 3, 0, '2014-07-16 04:28:25'),
(2781, 1, 10, 8, 11, 16, 0.08, 0, 5, 85000, '2014-07-16 04:28:25'),
(2782, 1, 1, 2, 3, 8, 0.63, 0.38, 9, 243000, '2014-07-16 04:28:25'),
(2784, 2, 9, 3, 4, 4, 0.55, 0.4, 3, 0, '2014-07-16 04:28:25'),
(2785, 1, 4, 7, 12, 17, 0.83, 0.06, 8, 136000, '2014-07-16 04:28:25'),
(2786, 2, 9, 4, 20, 4, 0.28, 0.97, 1, 0, '2014-07-16 04:28:25'),
(2787, 1, 3, 7, 15, 19, 0.69, 0.19, 10, 140000, '2014-07-16 04:28:25'),
(2788, 1, 2, 2, 4, 17, 0.65, 0.4, 2, 88000, '2014-07-16 04:28:25'),
(2789, 1, 3, 7, 9, 12, 0.85, 0.22, 10, 90000, '2014-07-16 04:28:25'),
(2790, 1, 2, 1, 2, 11, 0.08, 0.11, 9, 486000, '2014-07-16 04:28:25'),
(2791, 1, 10, 7, 14, 19, 0.9, 0.64, 7, 119000, '2014-07-16 04:28:25'),
(2792, 1, 10, 7, 16, 20, 0.18, 0.97, 6, 54000, '2014-07-16 04:28:25'),
(2793, 1, 7, 1, 9, 17, 0.27, 0.47, 8, 208000, '2014-07-16 04:28:25'),
(2794, 1, 6, 7, 15, 20, 0.92, 0.71, 1, 14000, '2014-07-16 04:28:25'),
(2795, 2, 9, 4, 20, 4, 0.44, 0.9, 4, 0, '2014-07-16 04:28:25'),
(2796, 1, 7, 2, 16, 20, 0.21, 0.43, 3, 27000, '2014-07-16 04:28:25'),
(2797, 2, 9, 4, 4, 4, 0.21, 0.3, 2, 0, '2014-07-16 04:28:25'),
(2798, 2, 9, 4, 4, 4, 0.68, 0.53, 8, 0, '2014-07-16 04:28:25'),
(2799, 1, 3, 1, 7, 18, 0.98, 0.77, 2, 78000, '2014-07-16 04:28:25'),
(2800, 2, 9, 4, 4, 4, 0.41, 0.79, 3, 0, '2014-07-16 04:28:25'),
(2801, 2, 9, 4, 4, 4, 0.07, 0.8, 6, 0, '2014-07-16 04:28:25'),
(2802, 1, 7, 8, 4, 13, 0.53, 0.01, 6, 174000, '2014-07-16 04:28:25'),
(2803, 2, 9, 4, 4, 4, 0.67, 0.75, 8, 0, '2014-07-16 04:28:25'),
(2804, 2, 9, 3, 3, 4, 0.02, 0.12, 1, 15000, '2014-07-16 04:28:25'),
(2805, 2, 9, 4, 20, 4, 0.46, 0.82, 2, 0, '2014-07-16 04:28:25'),
(2807, 1, 1, 8, 11, 19, 0.6, 0.29, 5, 130000, '2014-07-16 04:28:25'),
(2811, 2, 9, 3, 4, 4, 0.62, 0.01, 5, 0, '2014-07-16 04:28:25'),
(2812, 1, 4, 8, 14, 20, 0.36, 0.85, 3, 51000, '2014-07-16 04:28:25'),
(2813, 2, 9, 4, 20, 4, 0.06, 0.03, 6, 0, '2014-07-16 04:28:25'),
(2814, 2, 9, 4, 20, 4, 0.55, 0, 2, 0, '2014-07-16 04:28:25'),
(2815, 1, 4, 7, 2, 20, 0.73, 0.5, 2, 160000, '2014-07-16 04:28:25'),
(2816, 1, 4, 8, 18, 2, 0.69, 0.16, 3, 0, '2014-07-16 04:28:25'),
(2817, 2, 9, 3, 4, 4, 0.46, 0.96, 8, 0, '2014-07-16 04:28:25'),
(2818, 1, 11, 8, 7, 14, 1, 0.48, 5, 125000, '2014-07-16 04:28:25'),
(2820, 1, 3, 8, 3, 20, 0.13, 0.42, 9, 594000, '2014-07-16 04:28:25'),
(2821, 2, 9, 3, 4, 4, 0.26, 0.39, 4, 0, '2014-07-16 04:28:25'),
(2822, 1, 4, 7, 11, 16, 0.17, 0.07, 8, 136000, '2014-07-16 04:28:25'),
(2823, 1, 6, 1, 6, 17, 0.43, 0.33, 2, 74000, '2014-07-16 04:28:25'),
(2824, 2, 9, 3, 4, 4, 0.7, 0.51, 3, 0, '2014-07-16 04:28:25'),
(2825, 2, 9, 4, 3, 4, 0.34, 0.19, 3, 45000, '2014-07-16 04:28:25'),
(2826, 2, 9, 4, 20, 4, 0.92, 0.82, 5, 0, '2014-07-16 04:28:25'),
(2827, 2, 9, 4, 20, 4, 0.04, 0.37, 10, 0, '2014-07-16 04:28:25'),
(2829, 2, 9, 4, 3, 4, 0.93, 0.21, 1, 15000, '2014-07-16 04:28:25'),
(2830, 2, 9, 3, 3, 4, 1, 0.27, 6, 90000, '2014-07-16 04:28:25'),
(2831, 2, 9, 4, 20, 4, 0.12, 0.01, 4, 0, '2014-07-16 04:28:25'),
(2832, 2, 9, 3, 20, 4, 0.24, 1, 6, 0, '2014-07-16 04:28:25'),
(2834, 2, 9, 3, 3, 4, 0.6, 0.25, 8, 120000, '2014-07-16 04:28:25'),
(2835, 2, 9, 4, 4, 4, 0.81, 0, 9, 0, '2014-07-16 04:28:25'),
(2836, 1, 2, 8, 1, 11, 0.99, 0.61, 7, 455000, '2014-07-16 04:28:25'),
(2837, 2, 9, 3, 4, 4, 0.01, 0.84, 7, 0, '2014-07-16 04:28:25'),
(2838, 2, 9, 3, 3, 4, 0.65, 0.51, 4, 60000, '2014-07-16 04:28:25'),
(2839, 2, 9, 4, 3, 4, 0.98, 0.66, 6, 90000, '2014-07-16 04:28:25'),
(2841, 1, 5, 7, 4, 14, 0.56, 0.84, 5, 170000, '2014-07-16 04:28:25'),
(2842, 2, 9, 3, 4, 4, 0.77, 0.82, 6, 0, '2014-07-16 04:28:25'),
(2843, 1, 10, 2, 4, 17, 0.98, 0.69, 10, 440000, '2014-07-16 04:28:25'),
(2844, 2, 9, 3, 20, 4, 0.73, 0.62, 8, 0, '2014-07-16 04:28:25'),
(2845, 1, 4, 8, 16, 20, 0.72, 0.3, 7, 63000, '2014-07-16 04:28:25'),
(2846, 2, 9, 3, 3, 4, 0.9, 0.39, 5, 75000, '2014-07-16 04:28:25'),
(2847, 2, 9, 4, 4, 4, 0.28, 0.36, 4, 0, '2014-07-16 04:28:25'),
(2848, 2, 9, 4, 3, 4, 0.19, 0.65, 9, 135000, '2014-07-16 04:28:25'),
(2849, 2, 9, 4, 4, 4, 0.99, 0.05, 3, 0, '2014-07-16 04:28:25'),
(2850, 2, 9, 3, 3, 4, 0.44, 0.29, 8, 120000, '2014-07-16 04:28:25'),
(2851, 1, 11, 2, 15, 18, 0.53, 0.12, 8, 88000, '2014-07-16 04:28:25'),
(2853, 2, 9, 4, 20, 4, 0.92, 0.26, 10, 0, '2014-07-16 04:28:25'),
(2854, 1, 3, 8, 2, 17, 0.16, 0.83, 10, 730000, '2014-07-16 04:28:25'),
(2855, 1, 11, 7, 5, 14, 0.85, 0.94, 9, 270000, '2014-07-16 04:28:25'),
(2856, 2, 9, 4, 4, 4, 0.61, 0.86, 7, 0, '2014-07-16 04:28:25'),
(2857, 1, 7, 7, 10, 18, 0, 0.51, 7, 175000, '2014-07-16 04:28:25'),
(2858, 1, 4, 7, 2, 13, 0.61, 0.99, 7, 406000, '2014-07-16 04:28:25'),
(2859, 2, 9, 4, 20, 4, 0.78, 1, 1, 0, '2014-07-16 04:28:25'),
(2861, 1, 6, 1, 13, 19, 0.52, 0.4, 10, 220000, '2014-07-16 04:28:25'),
(2862, 2, 9, 3, 4, 4, 0.03, 0.06, 4, 0, '2014-07-16 04:28:25'),
(2863, 2, 9, 3, 20, 4, 0.49, 0.39, 1, 0, '2014-07-16 04:28:25'),
(2864, 1, 11, 2, 14, 18, 0.15, 0.22, 4, 56000, '2014-07-16 04:28:25'),
(2865, 2, 9, 3, 4, 4, 0.5, 0.4, 7, 0, '2014-07-16 04:28:25'),
(2866, 2, 9, 3, 4, 4, 0.16, 0.85, 3, 0, '2014-07-16 04:28:25'),
(2868, 2, 9, 4, 20, 4, 0.08, 0.49, 10, 0, '2014-07-16 04:28:25'),
(2870, 1, 10, 2, 14, 20, 0.09, 0.96, 1, 17000, '2014-07-16 04:28:25'),
(2871, 1, 5, 7, 5, 12, 0.6, 0.38, 2, 46000, '2014-07-16 04:28:25'),
(2872, 2, 9, 3, 3, 4, 0.75, 0.84, 7, 105000, '2014-07-16 04:28:25'),
(2873, 1, 3, 7, 8, 11, 0.41, 0.2, 4, 52000, '2014-07-16 04:28:25'),
(2874, 1, 5, 1, 4, 14, 0.05, 0.25, 10, 340000, '2014-07-16 04:28:25'),
(2875, 2, 9, 3, 3, 4, 0.59, 0.01, 4, 60000, '2014-07-16 04:28:25'),
(2876, 2, 9, 3, 20, 4, 0.01, 0.81, 4, 0, '2014-07-16 04:28:25'),
(2877, 1, 5, 7, 7, 20, 0.99, 0.7, 2, 84000, '2014-07-16 04:28:25'),
(2879, 2, 9, 3, 4, 4, 0.24, 0.65, 6, 0, '2014-07-16 04:28:25'),
(2880, 2, 9, 4, 4, 4, 0.55, 0.9, 2, 0, '2014-07-16 04:28:25'),
(2882, 2, 9, 3, 3, 4, 0, 0.16, 8, 120000, '2014-07-16 04:28:25'),
(2883, 1, 4, 1, 16, 20, 0.74, 0.47, 2, 18000, '2014-07-16 04:28:25'),
(2884, 2, 9, 4, 4, 4, 0.58, 0.5, 9, 0, '2014-07-16 04:28:25'),
(2885, 1, 11, 7, 17, 20, 0.93, 0.01, 1, 7000, '2014-07-16 04:28:25'),
(2886, 1, 1, 8, 9, 12, 0.02, 0.24, 3, 27000, '2014-07-16 04:28:25'),
(2887, 1, 3, 1, 1, 5, 0.58, 0.19, 7, 308000, '2014-07-16 04:28:25'),
(2888, 2, 9, 3, 4, 4, 0.52, 0.35, 8, 0, '2014-07-16 04:28:25'),
(2890, 2, 9, 4, 3, 4, 0.2, 0.02, 10, 150000, '2014-07-16 04:28:25'),
(2891, 2, 9, 4, 4, 4, 0.18, 0.23, 6, 0, '2014-07-16 04:28:25'),
(2892, 1, 3, 1, 10, 19, 0.41, 0.24, 3, 84000, '2014-07-16 04:28:25'),
(2893, 2, 9, 4, 4, 4, 0.5, 0.1, 3, 0, '2014-07-16 04:28:25'),
(2894, 1, 1, 1, 11, 15, 0.07, 0.52, 8, 96000, '2014-07-16 04:28:25'),
(2896, 2, 9, 3, 4, 4, 0.53, 0.92, 5, 0, '2014-07-16 04:28:25'),
(2897, 1, 7, 1, 17, 20, 0.21, 0.17, 3, 21000, '2014-07-16 04:28:25'),
(2898, 1, 3, 8, 10, 15, 0.37, 0.34, 6, 84000, '2014-07-16 04:28:25'),
(2899, 2, 9, 3, 4, 4, 0.93, 0.35, 3, 0, '2014-07-16 04:28:25'),
(2900, 1, 6, 8, 7, 11, 0.85, 0.82, 6, 96000, '2014-07-16 04:28:25'),
(2901, 2, 9, 3, 3, 4, 0.66, 0.16, 5, 75000, '2014-07-16 04:28:25'),
(2902, 2, 9, 4, 20, 4, 0.28, 0.71, 3, 0, '2014-07-16 04:28:25'),
(2903, 1, 2, 8, 8, 11, 0.21, 0.65, 6, 78000, '2014-07-16 04:28:25'),
(2904, 2, 9, 4, 20, 4, 0.68, 0.56, 1, 0, '2014-07-16 04:28:25'),
(2905, 2, 9, 4, 3, 4, 0.07, 0.13, 6, 90000, '2014-07-16 04:28:25'),
(2906, 1, 1, 7, 9, 15, 0.46, 0.77, 4, 76000, '2014-07-16 04:28:25'),
(2907, 2, 9, 4, 3, 4, 0.41, 0.24, 8, 120000, '2014-07-16 04:28:25'),
(2908, 2, 9, 4, 4, 4, 0.26, 0.45, 4, 0, '2014-07-16 04:28:25'),
(2909, 1, 4, 1, 1, 11, 0.24, 0.58, 6, 390000, '2014-07-16 04:28:25'),
(2910, 1, 4, 1, 12, 19, 0.8, 0.03, 5, 120000, '2014-07-16 04:28:25'),
(2911, 1, 10, 1, 6, 11, 0.39, 1, 2, 36000, '2014-07-16 04:28:25'),
(2913, 1, 10, 2, 16, 19, 0.86, 0.4, 4, 36000, '2014-07-16 04:28:25'),
(2914, 1, 4, 1, 18, 2, 0.03, 0.41, 7, 0, '2014-07-16 04:28:25'),
(2915, 2, 9, 4, 20, 4, 0.96, 0.22, 5, 0, '2014-07-16 04:28:25'),
(2916, 2, 9, 4, 4, 4, 0.39, 0.89, 4, 0, '2014-07-16 04:28:25'),
(2917, 1, 2, 2, 4, 7, 0.57, 0.53, 3, 27000, '2014-07-16 04:28:25'),
(2918, 1, 5, 2, 5, 15, 0.6, 0.9, 4, 132000, '2014-07-16 04:28:25'),
(2920, 1, 3, 1, 7, 17, 0.96, 0.66, 9, 315000, '2014-07-16 04:28:25'),
(2921, 1, 10, 1, 3, 11, 0.55, 0.34, 4, 160000, '2014-07-16 04:28:25'),
(2924, 1, 7, 8, 16, 20, 0.6, 0.69, 8, 72000, '2014-07-16 04:28:25'),
(2925, 1, 7, 8, 15, 18, 0.21, 0.22, 4, 44000, '2014-07-16 04:28:25'),
(2926, 2, 9, 4, 3, 4, 0, 0.16, 8, 120000, '2014-07-16 04:28:25'),
(2927, 1, 6, 8, 11, 17, 0.52, 0.14, 8, 152000, '2014-07-16 04:28:25'),
(2929, 2, 9, 4, 20, 4, 0.13, 0.56, 5, 0, '2014-07-16 04:28:25'),
(2930, 2, 9, 3, 4, 4, 0.46, 0.08, 1, 0, '2014-07-16 04:28:25'),
(2932, 2, 9, 4, 4, 4, 0.11, 0.54, 1, 0, '2014-07-16 04:28:25'),
(2933, 2, 9, 3, 20, 4, 0.8, 0.67, 6, 0, '2014-07-16 04:28:25'),
(2934, 1, 11, 8, 16, 19, 0.01, 0.87, 5, 45000, '2014-07-16 04:28:25'),
(2935, 1, 4, 8, 10, 14, 0.17, 0.21, 10, 110000, '2014-07-16 04:28:25'),
(2936, 2, 9, 3, 3, 4, 0.9, 0, 5, 75000, '2014-07-16 04:28:25'),
(2938, 1, 5, 2, 13, 18, 0.1, 0.16, 5, 95000, '2014-07-16 04:28:25'),
(2939, 2, 9, 4, 3, 4, 0.19, 0.58, 3, 45000, '2014-07-16 04:28:25'),
(2940, 2, 9, 3, 3, 4, 0.25, 0.22, 2, 30000, '2014-07-16 04:28:25'),
(2941, 1, 10, 1, 10, 14, 0.66, 0.9, 6, 66000, '2014-07-16 04:28:25'),
(2942, 1, 2, 2, 11, 15, 0.38, 0.06, 8, 96000, '2014-07-16 04:28:25'),
(2943, 2, 9, 3, 3, 4, 0.01, 0.05, 2, 30000, '2014-07-16 04:28:25'),
(2944, 2, 9, 4, 3, 4, 0.19, 0.99, 1, 15000, '2014-07-16 04:28:25'),
(2946, 2, 9, 3, 3, 4, 0.53, 0.59, 10, 150000, '2014-07-16 04:28:25'),
(2947, 2, 9, 4, 3, 4, 0.78, 0, 1, 15000, '2014-07-16 04:28:25'),
(2948, 1, 11, 7, 12, 16, 0.79, 0.71, 3, 45000, '2014-07-16 04:28:25'),
(2949, 2, 9, 4, 3, 4, 0.36, 0.56, 4, 60000, '2014-07-16 04:28:25'),
(2950, 1, 1, 2, 15, 19, 0.79, 0.72, 2, 28000, '2014-07-16 04:28:25'),
(2951, 2, 9, 4, 3, 4, 0.97, 0.87, 4, 60000, '2014-07-16 04:28:25'),
(2952, 2, 9, 4, 20, 4, 0.68, 0.38, 4, 0, '2014-07-16 04:28:25'),
(2953, 2, 9, 3, 3, 4, 0.57, 0.1, 7, 105000, '2014-07-16 04:28:25'),
(2954, 2, 9, 3, 20, 4, 0.2, 0.29, 9, 0, '2014-07-16 04:28:25'),
(2955, 2, 9, 4, 3, 4, 0.62, 0.19, 2, 30000, '2014-07-16 04:28:25'),
(2956, 1, 2, 2, 14, 20, 0.67, 0.06, 9, 153000, '2014-07-16 04:28:25'),
(2957, 2, 9, 4, 3, 4, 0.64, 0.58, 3, 45000, '2014-07-16 04:28:25'),
(2958, 2, 9, 3, 20, 4, 0.7, 0.92, 10, 0, '2014-07-16 04:28:25'),
(2959, 2, 9, 4, 20, 4, 1, 0.32, 6, 0, '2014-07-16 04:28:25'),
(2960, 1, 6, 2, 18, 2, 0.37, 0.79, 9, 0, '2014-07-16 04:28:25'),
(2961, 1, 3, 7, 2, 20, 0.36, 0.35, 10, 800000, '2014-07-16 04:28:25'),
(2962, 1, 7, 8, 13, 18, 0.85, 0.61, 5, 95000, '2014-07-16 04:28:25'),
(2963, 2, 9, 4, 3, 4, 0.89, 0.39, 6, 90000, '2014-07-16 04:28:25'),
(2965, 2, 9, 4, 4, 4, 0.97, 0.51, 3, 0, '2014-07-16 04:28:25'),
(2966, 2, 9, 4, 20, 4, 0.5, 0.57, 9, 0, '2014-07-16 04:28:25'),
(2967, 2, 9, 4, 20, 4, 0, 0.84, 6, 0, '2014-07-16 04:28:25'),
(2968, 2, 9, 3, 3, 4, 0.94, 0.26, 4, 60000, '2014-07-16 04:28:25'),
(2969, 1, 10, 8, 3, 18, 0.44, 0.34, 6, 378000, '2014-07-16 04:28:25'),
(2970, 2, 9, 4, 20, 4, 0.29, 0.97, 7, 0, '2014-07-16 04:28:25'),
(2971, 1, 6, 8, 9, 17, 0.76, 0.98, 3, 78000, '2014-07-16 04:28:25'),
(2972, 1, 3, 1, 15, 18, 0.29, 0.15, 6, 66000, '2014-07-16 04:28:25'),
(2973, 1, 1, 7, 18, 2, 0.01, 0.54, 5, 0, '2014-07-16 04:28:25'),
(2976, 2, 9, 3, 3, 4, 0.36, 0.39, 5, 75000, '2014-07-16 04:28:25'),
(2978, 1, 11, 2, 15, 19, 0.88, 0.82, 6, 84000, '2014-07-16 04:28:25'),
(2979, 1, 3, 2, 12, 18, 0.25, 0.04, 4, 84000, '2014-07-16 04:28:25'),
(2980, 1, 3, 2, 11, 18, 0.58, 0.04, 1, 23000, '2014-07-16 04:28:25'),
(2981, 2, 9, 3, 3, 4, 0.45, 0.06, 8, 120000, '2014-07-16 04:28:25'),
(2983, 2, 9, 3, 4, 4, 0.32, 0.68, 3, 0, '2014-07-16 04:28:25'),
(2984, 2, 9, 4, 20, 4, 0.86, 0.29, 2, 0, '2014-07-16 04:28:25'),
(2985, 1, 4, 8, 17, 20, 0.91, 0.7, 2, 14000, '2014-07-16 04:28:25'),
(2986, 1, 3, 1, 9, 18, 0.52, 0.11, 5, 150000, '2014-07-16 04:28:25'),
(2987, 1, 4, 7, 5, 17, 0.47, 0.46, 3, 120000, '2014-07-16 04:28:25'),
(2991, 2, 9, 3, 4, 4, 0.67, 0.92, 2, 0, '2014-07-16 04:28:25'),
(2992, 2, 9, 4, 20, 4, 0.87, 0.57, 4, 0, '2014-07-16 04:28:25'),
(2993, 2, 9, 3, 20, 4, 0.47, 0.14, 6, 0, '2014-07-16 04:28:25'),
(2994, 2, 9, 4, 4, 4, 0.27, 0.41, 10, 0, '2014-07-16 04:28:25'),
(2995, 2, 9, 4, 4, 4, 0.52, 0.7, 3, 0, '2014-07-16 04:28:25'),
(2996, 2, 9, 3, 20, 4, 0.86, 0.54, 2, 0, '2014-07-16 04:28:25'),
(2997, 2, 9, 3, 3, 4, 0.52, 0.42, 1, 15000, '2014-07-16 04:28:25'),
(3000, 2, 9, 3, 4, 4, 0.89, 0.56, 10, 0, '2014-07-16 04:28:25'),
(3001, 2, 9, 4, 20, 4, 0.27, 0.1, 6, 0, '2014-07-16 04:28:25'),
(3002, 1, 5, 7, 13, 17, 0.79, 0.74, 9, 135000, '2014-07-16 04:28:25'),
(3003, 2, 9, 4, 3, 4, 0.55, 0.92, 4, 60000, '2014-07-16 04:28:25'),
(3004, 2, 9, 4, 3, 4, 0.34, 0.83, 9, 135000, '2014-07-16 04:28:25'),
(3005, 1, 7, 8, 14, 20, 0.08, 0.25, 4, 68000, '2014-07-16 04:28:25'),
(3006, 2, 9, 3, 20, 4, 0.78, 0.87, 3, 0, '2014-07-16 04:28:25'),
(3007, 1, 5, 8, 10, 13, 0.88, 0.86, 9, 54000, '2014-07-16 04:28:25'),
(3008, 1, 6, 7, 6, 20, 0.52, 0.18, 3, 132000, '2014-07-16 04:28:25'),
(3009, 1, 2, 8, 4, 10, 0.22, 0.5, 9, 207000, '2014-07-16 04:28:25'),
(3010, 1, 5, 8, 16, 19, 0.78, 0.06, 4, 36000, '2014-07-16 04:28:25'),
(3011, 1, 1, 8, 5, 19, 0.72, 0.04, 1, 47000, '2014-07-16 04:28:25'),
(3012, 1, 7, 2, 6, 12, 0.51, 0.58, 5, 100000, '2014-07-16 04:28:25'),
(3013, 2, 9, 4, 3, 4, 0.14, 0.82, 10, 150000, '2014-07-16 04:28:25'),
(3014, 2, 9, 4, 20, 4, 0.84, 0.37, 8, 0, '2014-07-16 04:28:25'),
(3015, 2, 9, 4, 3, 4, 0, 0.79, 4, 60000, '2014-07-16 04:28:25'),
(3016, 2, 9, 4, 3, 4, 0.22, 0.47, 3, 45000, '2014-07-16 04:28:25'),
(3017, 2, 9, 3, 4, 4, 0.04, 0.46, 10, 0, '2014-07-16 04:28:25'),
(3018, 2, 9, 4, 20, 4, 0.32, 0.99, 10, 0, '2014-07-16 04:28:25'),
(3019, 2, 9, 4, 4, 4, 0.45, 0.84, 7, 0, '2014-07-16 04:28:25'),
(3020, 2, 9, 4, 20, 4, 0.16, 0.46, 5, 0, '2014-07-16 04:28:25'),
(3021, 1, 7, 1, 10, 18, 0.47, 0.46, 5, 125000, '2014-07-16 04:28:25'),
(3022, 2, 9, 4, 3, 4, 0.74, 0.67, 3, 45000, '2014-07-16 04:28:25'),
(3023, 2, 9, 4, 4, 4, 0.65, 0.34, 4, 0, '2014-07-16 04:28:25'),
(3025, 2, 9, 4, 4, 4, 0.45, 0.9, 5, 0, '2014-07-16 04:28:25'),
(3026, 2, 9, 3, 4, 4, 0.89, 0.89, 1, 0, '2014-07-16 04:28:25'),
(3027, 1, 7, 7, 1, 9, 0.03, 0.34, 5, 290000, '2014-07-16 04:28:25'),
(3028, 1, 10, 2, 5, 18, 0.59, 0.74, 5, 220000, '2014-07-16 04:28:25'),
(3029, 2, 9, 4, 4, 4, 0.79, 0.1, 1, 0, '2014-07-16 04:28:25'),
(3032, 2, 9, 4, 4, 4, 0.68, 0.95, 9, 0, '2014-07-16 04:28:25'),
(3034, 2, 9, 4, 20, 4, 0.71, 0.51, 1, 0, '2014-07-16 04:28:25'),
(3036, 2, 9, 4, 3, 4, 0.71, 0.76, 6, 90000, '2014-07-16 04:28:25'),
(3037, 2, 9, 3, 20, 4, 0.82, 0.2, 7, 0, '2014-07-16 04:28:25'),
(3038, 1, 1, 7, 17, 20, 0.28, 0.92, 1, 7000, '2014-07-16 04:28:25'),
(3039, 1, 5, 8, 17, 20, 0.44, 0.23, 2, 14000, '2014-07-16 04:28:25'),
(3040, 2, 9, 3, 20, 4, 0.84, 0.67, 3, 0, '2014-07-16 04:28:25'),
(3042, 2, 9, 4, 4, 4, 0.57, 0.46, 8, 0, '2014-07-16 04:28:25'),
(3043, 1, 4, 7, 5, 18, 0.95, 0.38, 8, 352000, '2014-07-16 04:28:25'),
(3044, 2, 9, 4, 4, 4, 0.5, 0.93, 4, 0, '2014-07-16 04:28:25'),
(3045, 1, 4, 2, 1, 20, 0.76, 0.8, 7, 637000, '2014-07-16 04:28:25'),
(3046, 1, 5, 1, 12, 15, 0.55, 0.45, 2, 20000, '2014-07-16 04:28:25'),
(3047, 2, 9, 3, 3, 4, 0.74, 0.46, 1, 15000, '2014-07-16 04:28:25'),
(3048, 1, 3, 7, 10, 19, 0.63, 0.88, 2, 56000, '2014-07-16 04:28:25'),
(3049, 2, 9, 3, 3, 4, 0.98, 0.59, 10, 150000, '2014-07-16 04:28:25'),
(3051, 1, 11, 8, 6, 16, 0.31, 0.34, 9, 315000, '2014-07-16 04:28:25'),
(3052, 2, 9, 3, 4, 4, 0.24, 0.56, 7, 0, '2014-07-16 04:28:25'),
(3054, 2, 9, 4, 20, 4, 0.19, 0.22, 9, 0, '2014-07-16 04:28:25'),
(3055, 1, 1, 2, 15, 19, 0.53, 0.65, 10, 140000, '2014-07-16 04:28:25'),
(3056, 2, 9, 3, 20, 4, 0.97, 0.93, 7, 0, '2014-07-16 04:28:25'),
(3057, 2, 9, 4, 4, 4, 0.91, 0.57, 7, 0, '2014-07-16 04:28:25'),
(3058, 2, 9, 4, 20, 4, 0.91, 0.18, 6, 0, '2014-07-16 04:28:25'),
(3059, 2, 9, 3, 4, 4, 0.95, 0.37, 5, 0, '2014-07-16 04:28:25'),
(3060, 2, 9, 4, 20, 4, 0.67, 0.84, 5, 0, '2014-07-16 04:28:25'),
(3061, 1, 6, 8, 17, 20, 0.42, 0.53, 2, 14000, '2014-07-16 04:28:25'),
(3062, 2, 9, 3, 3, 4, 0.59, 0.5, 2, 30000, '2014-07-16 04:28:25'),
(3063, 2, 9, 3, 3, 4, 0.85, 0.34, 7, 105000, '2014-07-16 04:28:25'),
(3064, 2, 9, 4, 4, 4, 0.76, 0.8, 10, 0, '2014-07-16 04:28:25'),
(3065, 1, 6, 8, 17, 20, 0.42, 0.02, 7, 49000, '2014-07-16 04:28:25'),
(3066, 2, 9, 4, 3, 4, 0.18, 0.88, 10, 150000, '2014-07-16 04:28:25'),
(3067, 2, 9, 4, 3, 4, 0.19, 0.4, 9, 135000, '2014-07-16 04:28:25'),
(3068, 1, 3, 2, 1, 5, 0.98, 1, 5, 220000, '2014-07-16 04:28:25'),
(3069, 2, 9, 3, 3, 4, 0.41, 0.4, 10, 150000, '2014-07-16 04:28:25'),
(3070, 2, 9, 4, 3, 4, 0.6, 0.88, 3, 45000, '2014-07-16 04:28:25'),
(3071, 2, 9, 4, 20, 4, 0.35, 0.99, 3, 0, '2014-07-16 04:28:25'),
(3072, 2, 9, 3, 3, 4, 0.23, 0.23, 8, 120000, '2014-07-16 04:28:25'),
(3074, 2, 9, 4, 20, 4, 0.62, 0.47, 7, 0, '2014-07-16 04:28:25'),
(3075, 1, 4, 7, 5, 18, 0.79, 0.48, 5, 220000, '2014-07-16 04:28:25'),
(3076, 2, 9, 3, 20, 4, 0.44, 0.89, 1, 0, '2014-07-16 04:28:25'),
(3078, 2, 9, 3, 4, 4, 0.93, 0.2, 7, 0, '2014-07-16 04:28:25'),
(3079, 1, 11, 8, 3, 17, 0.44, 0.56, 8, 472000, '2014-07-16 04:28:25'),
(3080, 1, 7, 8, 2, 8, 0.73, 0.15, 3, 123000, '2014-07-16 04:28:25'),
(3082, 1, 1, 8, 7, 20, 0.1, 0.05, 4, 168000, '2014-07-16 04:28:25'),
(3084, 2, 9, 4, 3, 4, 0.85, 0.25, 3, 45000, '2014-07-16 04:28:25'),
(3087, 1, 11, 2, 16, 20, 0.86, 0.45, 7, 63000, '2014-07-16 04:28:25'),
(3089, 2, 9, 3, 4, 4, 0.62, 0.44, 10, 0, '2014-07-16 04:28:25'),
(3090, 2, 9, 3, 20, 4, 0.69, 0.35, 7, 0, '2014-07-16 04:28:25'),
(3091, 2, 9, 3, 4, 4, 0.92, 0.21, 8, 0, '2014-07-16 04:28:25'),
(3092, 1, 10, 2, 2, 16, 0.12, 0.54, 3, 213000, '2014-07-16 04:28:25'),
(3093, 2, 9, 4, 20, 4, 0.15, 0.24, 3, 0, '2014-07-16 04:28:25'),
(3094, 2, 9, 3, 20, 4, 0.64, 0.74, 8, 0, '2014-07-16 04:28:25'),
(3095, 1, 2, 2, 13, 16, 0.48, 0.46, 2, 26000, '2014-07-16 04:28:25'),
(3096, 1, 7, 2, 2, 19, 0.78, 0.33, 5, 400000, '2014-07-16 04:28:25'),
(3097, 2, 9, 4, 20, 4, 1, 0.5, 2, 0, '2014-07-16 04:28:25'),
(3098, 1, 10, 2, 10, 16, 0.02, 0.25, 7, 133000, '2014-07-16 04:28:25'),
(3100, 2, 9, 3, 4, 4, 0.76, 0.9, 2, 0, '2014-07-16 04:28:25'),
(3101, 2, 9, 3, 20, 4, 0.9, 0.16, 1, 0, '2014-07-16 04:28:25'),
(3102, 2, 9, 4, 20, 4, 0.84, 0.77, 7, 0, '2014-07-16 04:28:25'),
(3103, 1, 1, 1, 7, 19, 0.52, 0.73, 5, 210000, '2014-07-16 04:28:25'),
(3104, 1, 2, 8, 14, 20, 0.78, 0.94, 8, 136000, '2014-07-16 04:28:25'),
(3105, 1, 4, 7, 2, 8, 0.92, 0.12, 10, 410000, '2014-07-16 04:28:25'),
(3106, 1, 7, 1, 16, 20, 0.8, 0.55, 9, 81000, '2014-07-16 04:28:25'),
(3107, 2, 9, 3, 3, 4, 0.01, 0.25, 4, 60000, '2014-07-16 04:28:25'),
(3108, 1, 2, 1, 2, 19, 0.02, 0.83, 4, 320000, '2014-07-16 04:28:25'),
(3110, 1, 5, 7, 14, 18, 0.27, 0.65, 3, 42000, '2014-07-16 04:28:25'),
(3111, 2, 9, 3, 3, 4, 0.29, 0.26, 2, 30000, '2014-07-16 04:28:25'),
(3112, 1, 4, 2, 7, 14, 0.02, 0.67, 8, 200000, '2014-07-16 04:28:25'),
(3113, 2, 9, 3, 20, 4, 0.83, 0.97, 8, 0, '2014-07-16 04:28:25'),
(3115, 1, 11, 7, 1, 8, 1, 0.15, 7, 364000, '2014-07-16 04:28:25'),
(3116, 1, 4, 1, 13, 17, 0.69, 0.44, 10, 150000, '2014-07-16 04:28:25'),
(3117, 2, 9, 3, 4, 4, 0.04, 0.13, 10, 0, '2014-07-16 04:28:25'),
(3118, 2, 9, 4, 3, 4, 0.56, 0.49, 10, 150000, '2014-07-16 04:28:25'),
(3119, 2, 9, 3, 3, 4, 0.19, 0.47, 6, 90000, '2014-07-16 04:28:25'),
(3120, 2, 9, 3, 3, 4, 0.72, 0.91, 10, 150000, '2014-07-16 04:28:25'),
(3121, 1, 11, 2, 2, 5, 0.4, 0.01, 8, 264000, '2014-07-16 04:28:25'),
(3125, 2, 9, 3, 4, 4, 0.5, 0.34, 4, 0, '2014-07-16 04:28:25'),
(3126, 1, 10, 2, 7, 17, 0.25, 0.1, 9, 315000, '2014-07-16 04:28:25'),
(3127, 1, 6, 2, 8, 17, 0.16, 0.15, 2, 64000, '2014-07-16 04:28:25'),
(3128, 1, 10, 7, 6, 13, 0.39, 0.72, 10, 220000, '2014-07-16 04:28:25'),
(3130, 2, 9, 3, 4, 4, 0.31, 0.26, 7, 0, '2014-07-16 04:28:25'),
(3131, 2, 9, 3, 4, 4, 0.26, 0.69, 1, 0, '2014-07-16 04:28:25'),
(3134, 2, 9, 4, 20, 4, 0.15, 0.85, 3, 0, '2014-07-16 04:28:25'),
(3135, 2, 9, 4, 20, 4, 0.53, 0.34, 4, 0, '2014-07-16 04:28:25'),
(3136, 1, 7, 7, 16, 20, 0.2, 1, 1, 9000, '2014-07-16 04:28:25'),
(3137, 1, 6, 8, 1, 6, 0.8, 0.52, 9, 423000, '2014-07-16 04:28:25'),
(3138, 2, 9, 3, 20, 4, 0.88, 0.41, 3, 0, '2014-07-16 04:28:25'),
(3139, 2, 9, 4, 20, 4, 0.89, 0.36, 8, 0, '2014-07-16 04:28:25'),
(3140, 2, 9, 4, 20, 4, 0.66, 0.34, 6, 0, '2014-07-16 04:28:25'),
(3142, 1, 4, 1, 2, 9, 0.5, 0.29, 1, 47000, '2014-07-16 04:28:25'),
(3143, 2, 9, 3, 4, 4, 0.51, 0.33, 3, 0, '2014-07-16 04:28:25'),
(3144, 2, 9, 4, 20, 4, 0.97, 0.52, 10, 0, '2014-07-16 04:28:25'),
(3147, 2, 9, 3, 4, 4, 0.56, 0.76, 8, 0, '2014-07-16 04:28:26'),
(3148, 2, 9, 4, 20, 4, 0.29, 0.15, 7, 0, '2014-07-16 04:28:26'),
(3149, 1, 6, 1, 8, 14, 0.43, 0.02, 5, 110000, '2014-07-16 04:28:26'),
(3150, 2, 9, 4, 3, 4, 0.29, 0.53, 4, 60000, '2014-07-16 04:28:26'),
(3151, 2, 9, 4, 20, 4, 0.57, 0.79, 9, 0, '2014-07-16 04:28:26'),
(3152, 2, 9, 3, 20, 4, 0.24, 0.95, 2, 0, '2014-07-16 04:28:26'),
(3153, 2, 9, 4, 20, 4, 0.66, 0.57, 4, 0, '2014-07-16 04:28:26'),
(3154, 1, 4, 1, 17, 20, 0.68, 0.24, 6, 42000, '2014-07-16 04:28:26'),
(3156, 2, 9, 4, 3, 4, 0.83, 1, 8, 120000, '2014-07-16 04:28:26'),
(3157, 2, 9, 4, 20, 4, 0.49, 0.59, 7, 0, '2014-07-16 04:28:26'),
(3158, 2, 9, 4, 4, 4, 0.76, 0.16, 9, 0, '2014-07-16 04:28:26'),
(3159, 2, 9, 4, 4, 4, 0.3, 0.02, 2, 0, '2014-07-16 04:28:26'),
(3160, 1, 11, 8, 1, 16, 0.95, 0.81, 6, 492000, '2014-07-16 04:28:26'),
(3161, 2, 9, 4, 3, 4, 0.42, 0.47, 2, 30000, '2014-07-16 04:28:26'),
(3162, 1, 11, 7, 11, 19, 0.84, 0.46, 6, 156000, '2014-07-16 04:28:26'),
(3163, 2, 9, 4, 3, 4, 0.01, 0.93, 5, 75000, '2014-07-16 04:28:26'),
(3164, 2, 9, 3, 4, 4, 0.27, 0.2, 4, 0, '2014-07-16 04:28:26'),
(3165, 1, 1, 2, 5, 13, 0.72, 0.33, 7, 175000, '2014-07-16 04:28:26'),
(3166, 2, 9, 3, 4, 4, 0.66, 0.99, 5, 0, '2014-07-16 04:28:26'),
(3167, 2, 9, 3, 20, 4, 0.18, 0.62, 10, 0, '2014-07-16 04:28:26'),
(3169, 2, 9, 4, 20, 4, 0.93, 0.89, 10, 0, '2014-07-16 04:28:26'),
(3170, 2, 9, 3, 3, 4, 0.37, 0.24, 6, 90000, '2014-07-16 04:28:26'),
(3171, 1, 5, 7, 7, 17, 0.3, 0.28, 8, 280000, '2014-07-16 04:28:26'),
(3173, 1, 7, 7, 12, 18, 0.62, 0.6, 6, 126000, '2014-07-16 04:28:26'),
(3174, 2, 9, 3, 4, 4, 0.58, 0.96, 7, 0, '2014-07-16 04:28:26'),
(3175, 1, 6, 1, 14, 20, 0.33, 0.5, 4, 68000, '2014-07-16 04:28:26'),
(3176, 1, 2, 1, 16, 19, 0.16, 0.3, 5, 45000, '2014-07-16 04:28:26'),
(3177, 2, 9, 3, 4, 4, 0.67, 0, 4, 0, '2014-07-16 04:28:26'),
(3178, 2, 9, 4, 3, 4, 0.76, 0.69, 10, 150000, '2014-07-16 04:28:26'),
(3179, 1, 7, 7, 7, 10, 0.24, 0.66, 3, 42000, '2014-07-16 04:28:26'),
(3180, 1, 7, 1, 7, 19, 0.41, 0.78, 8, 336000, '2014-07-16 04:28:26'),
(3181, 1, 10, 2, 2, 13, 0.2, 0.47, 2, 116000, '2014-07-16 04:28:26'),
(3182, 2, 9, 3, 4, 4, 0.84, 0.44, 5, 0, '2014-07-16 04:28:26'),
(3183, 2, 9, 4, 4, 4, 0.41, 0.92, 8, 0, '2014-07-16 04:28:26'),
(3184, 1, 1, 1, 1, 11, 0.93, 0.76, 9, 585000, '2014-07-16 04:28:26'),
(3185, 2, 9, 4, 20, 4, 0.45, 0.45, 8, 0, '2014-07-16 04:28:26'),
(3186, 2, 9, 3, 3, 4, 0.59, 0.17, 1, 15000, '2014-07-16 04:28:26'),
(3187, 2, 9, 4, 20, 4, 0.58, 1, 5, 0, '2014-07-16 04:28:26'),
(3188, 2, 9, 3, 20, 4, 0.25, 0.89, 9, 0, '2014-07-16 04:28:26'),
(3189, 1, 10, 1, 7, 13, 0.58, 0.07, 1, 20000, '2014-07-16 04:28:26'),
(3190, 1, 3, 7, 12, 19, 0.98, 0.63, 6, 144000, '2014-07-16 04:28:26'),
(3191, 2, 9, 4, 20, 4, 0.79, 0.73, 5, 0, '2014-07-16 04:28:26'),
(3192, 2, 9, 3, 20, 4, 0.37, 0.86, 7, 0, '2014-07-16 04:28:26'),
(3193, 1, 11, 1, 11, 18, 0.13, 0.64, 8, 184000, '2014-07-16 04:28:26'),
(3196, 2, 9, 3, 3, 4, 0.12, 0.69, 8, 120000, '2014-07-16 04:28:26'),
(3197, 1, 7, 2, 13, 20, 0.93, 0.44, 3, 66000, '2014-07-16 04:28:26'),
(3199, 2, 9, 3, 20, 4, 0.9, 0.31, 6, 0, '2014-07-16 04:28:26'),
(3200, 2, 9, 4, 4, 4, 0.2, 0.18, 9, 0, '2014-07-16 04:28:26'),
(3201, 2, 9, 4, 3, 4, 0.96, 0.06, 8, 120000, '2014-07-16 04:28:26'),
(3202, 2, 9, 4, 4, 4, 0.68, 0.69, 4, 0, '2014-07-16 04:28:26'),
(3204, 1, 4, 2, 18, 2, 0.51, 0.81, 6, 0, '2014-07-16 04:28:26'),
(3205, 2, 9, 3, 4, 4, 0.45, 0.14, 1, 0, '2014-07-16 04:28:26'),
(3206, 2, 9, 4, 4, 4, 0.31, 0.9, 8, 0, '2014-07-16 04:28:26'),
(3207, 1, 3, 1, 3, 20, 0, 1, 3, 198000, '2014-07-16 04:28:26'),
(3208, 1, 3, 2, 1, 18, 0, 0.56, 9, 792000, '2014-07-16 04:28:26'),
(3209, 1, 11, 2, 11, 16, 0.33, 0.64, 4, 68000, '2014-07-16 04:28:26'),
(3210, 1, 3, 8, 8, 16, 0.77, 0.15, 9, 270000, '2014-07-16 04:28:26'),
(3211, 1, 3, 8, 18, 2, 1, 0.21, 7, 0, '2014-07-16 04:28:26'),
(3212, 1, 4, 7, 3, 12, 0.27, 0.97, 8, 336000, '2014-07-16 04:28:26'),
(3213, 1, 2, 2, 12, 17, 0.98, 0.94, 6, 102000, '2014-07-16 04:28:26'),
(3214, 1, 10, 8, 15, 19, 0.06, 0.7, 7, 98000, '2014-07-16 04:28:26'),
(3216, 1, 1, 1, 12, 16, 0.12, 0.38, 6, 90000, '2014-07-16 04:28:26'),
(3217, 1, 7, 1, 14, 19, 0.06, 0.28, 10, 170000, '2014-07-16 04:28:26'),
(3218, 2, 9, 4, 4, 4, 0.46, 0.05, 7, 0, '2014-07-16 04:28:26'),
(3219, 1, 6, 2, 16, 19, 0.55, 0.85, 8, 72000, '2014-07-16 04:28:26'),
(3220, 2, 9, 3, 3, 4, 0.73, 0.38, 5, 75000, '2014-07-16 04:28:26'),
(3221, 1, 5, 2, 3, 14, 0.48, 0.06, 5, 245000, '2014-07-16 04:28:26'),
(3222, 2, 9, 4, 3, 4, 0.94, 0.55, 5, 75000, '2014-07-16 04:28:26'),
(3223, 2, 9, 3, 20, 4, 0.13, 0.77, 10, 0, '2014-07-16 04:28:26'),
(3224, 1, 2, 7, 6, 19, 0.16, 0.71, 3, 132000, '2014-07-16 04:28:26'),
(3225, 2, 9, 3, 20, 4, 0.5, 0.68, 1, 0, '2014-07-16 04:28:26'),
(3226, 1, 6, 8, 12, 17, 0.55, 0.06, 1, 17000, '2014-07-16 04:28:26'),
(3227, 1, 4, 1, 12, 17, 0.92, 0.57, 7, 119000, '2014-07-16 04:28:26'),
(3228, 1, 4, 8, 16, 20, 0.63, 0.17, 2, 18000, '2014-07-16 04:28:26'),
(3229, 2, 9, 3, 3, 4, 0.11, 0.98, 5, 75000, '2014-07-16 04:28:26'),
(3230, 2, 9, 3, 20, 4, 0.12, 0.26, 9, 0, '2014-07-16 04:28:26'),
(3232, 1, 5, 2, 17, 20, 0.4, 0.12, 7, 49000, '2014-07-16 04:28:26'),
(3234, 2, 9, 4, 20, 4, 0.78, 0.9, 2, 0, '2014-07-16 04:28:26'),
(3235, 1, 4, 1, 10, 16, 0.74, 0.86, 9, 171000, '2014-07-16 04:28:26'),
(3236, 1, 1, 7, 7, 15, 0.92, 0.01, 5, 140000, '2014-07-16 04:28:26'),
(3238, 2, 9, 4, 4, 4, 0.6, 0.68, 10, 0, '2014-07-16 04:28:26'),
(3239, 2, 9, 3, 4, 4, 0.33, 0.3, 9, 0, '2014-07-16 04:28:26'),
(3240, 1, 1, 1, 17, 20, 0.17, 0.39, 5, 35000, '2014-07-16 04:28:26'),
(3241, 2, 9, 4, 3, 4, 0.1, 0.55, 9, 135000, '2014-07-16 04:28:26'),
(3243, 2, 9, 3, 4, 4, 0.58, 0.24, 1, 0, '2014-07-16 04:28:26'),
(3244, 2, 9, 4, 3, 4, 0.37, 0.17, 4, 60000, '2014-07-16 04:28:26'),
(3245, 1, 10, 2, 10, 20, 0.78, 0.41, 1, 28000, '2014-07-16 04:28:26'),
(3246, 1, 10, 8, 16, 20, 0.78, 0.7, 8, 72000, '2014-07-16 04:28:26'),
(3247, 1, 11, 1, 15, 19, 0.39, 0.88, 3, 42000, '2014-07-16 04:28:26'),
(3248, 2, 9, 4, 4, 4, 0.07, 0.71, 7, 0, '2014-07-16 04:28:26'),
(3249, 2, 9, 3, 3, 4, 0.54, 0.78, 8, 120000, '2014-07-16 04:28:26'),
(3253, 1, 1, 7, 17, 20, 0.45, 0.68, 10, 70000, '2014-07-16 04:28:26'),
(3254, 1, 3, 1, 12, 18, 0.97, 0.21, 9, 189000, '2014-07-16 04:28:26'),
(3255, 2, 9, 4, 4, 4, 0.78, 0.58, 1, 0, '2014-07-16 04:28:26'),
(3256, 2, 9, 3, 3, 4, 0.37, 0.69, 7, 105000, '2014-07-16 04:28:26'),
(3258, 2, 9, 4, 20, 4, 0.79, 0.07, 2, 0, '2014-07-16 04:28:26'),
(3260, 1, 7, 1, 12, 15, 0.78, 0.31, 6, 60000, '2014-07-16 04:28:26'),
(3262, 2, 9, 4, 20, 4, 0.03, 0.11, 7, 0, '2014-07-16 04:28:26'),
(3263, 2, 9, 4, 4, 4, 0.27, 0.74, 9, 0, '2014-07-16 04:28:26'),
(3264, 2, 9, 4, 20, 4, 0.85, 0.58, 8, 0, '2014-07-16 04:28:26'),
(3265, 2, 9, 4, 3, 4, 0.61, 0.73, 9, 135000, '2014-07-16 04:28:26'),
(3266, 1, 7, 7, 7, 17, 0.93, 0.06, 6, 210000, '2014-07-16 04:28:26'),
(3267, 2, 9, 4, 20, 4, 0.72, 0.08, 3, 0, '2014-07-16 04:28:26'),
(3268, 2, 9, 3, 20, 4, 0.91, 0.9, 3, 0, '2014-07-16 04:28:26'),
(3269, 1, 6, 2, 2, 8, 0.9, 0.88, 4, 164000, '2014-07-16 04:28:26'),
(3270, 2, 9, 4, 20, 4, 0.75, 0.86, 2, 0, '2014-07-16 04:28:26'),
(3271, 2, 9, 3, 20, 4, 0.42, 0.37, 2, 0, '2014-07-16 04:28:26'),
(3272, 1, 7, 2, 9, 17, 0.15, 0.71, 8, 208000, '2014-07-16 04:28:26'),
(3273, 2, 9, 4, 3, 4, 0.69, 0.24, 4, 60000, '2014-07-16 04:28:26'),
(3276, 2, 9, 3, 20, 4, 0.12, 0.94, 2, 0, '2014-07-16 04:28:26'),
(3277, 2, 9, 3, 3, 4, 0.34, 0.1, 8, 120000, '2014-07-16 04:28:26'),
(3278, 1, 7, 7, 17, 20, 0.91, 0.38, 6, 42000, '2014-07-16 04:28:26'),
(3280, 2, 9, 4, 20, 4, 0.54, 0.33, 8, 0, '2014-07-16 04:28:26'),
(3282, 1, 3, 8, 12, 16, 0.34, 0.21, 6, 90000, '2014-07-16 04:28:26'),
(3283, 1, 7, 8, 2, 8, 0.06, 0.49, 10, 410000, '2014-07-16 04:28:26'),
(3284, 2, 9, 3, 4, 4, 0.49, 0.19, 10, 0, '2014-07-16 04:28:26'),
(3285, 2, 9, 4, 3, 4, 0.13, 0.71, 8, 120000, '2014-07-16 04:28:26'),
(3286, 1, 7, 2, 12, 15, 0.54, 0.2, 3, 30000, '2014-07-16 04:28:26'),
(3288, 2, 9, 3, 4, 4, 0.44, 0.48, 1, 0, '2014-07-16 04:28:26'),
(3289, 1, 1, 7, 9, 14, 0.4, 0.17, 7, 112000, '2014-07-16 04:28:26'),
(3290, 1, 5, 2, 2, 5, 0.48, 0.36, 3, 99000, '2014-07-16 04:28:26'),
(3291, 2, 9, 4, 4, 4, 0.19, 0.47, 5, 0, '2014-07-16 04:28:26'),
(3292, 2, 9, 3, 3, 4, 0.53, 0.91, 4, 60000, '2014-07-16 04:28:26'),
(3293, 2, 9, 4, 3, 4, 0.97, 0.52, 1, 15000, '2014-07-16 04:28:26'),
(3294, 1, 10, 2, 10, 15, 0.53, 0.79, 9, 126000, '2014-07-16 04:28:26'),
(3296, 2, 9, 3, 3, 4, 0.32, 0.14, 5, 75000, '2014-07-16 04:28:26'),
(3297, 2, 9, 3, 3, 4, 0.88, 0.01, 4, 60000, '2014-07-16 04:28:26'),
(3298, 2, 9, 4, 3, 4, 0.65, 0.74, 10, 150000, '2014-07-16 04:28:26'),
(3299, 1, 2, 7, 17, 20, 0.01, 0.43, 9, 63000, '2014-07-16 04:28:26'),
(3301, 2, 9, 3, 4, 4, 0.04, 0.96, 7, 0, '2014-07-16 04:28:26'),
(3304, 2, 9, 3, 20, 4, 0.91, 0.11, 6, 0, '2014-07-16 04:28:26'),
(3305, 2, 9, 3, 3, 4, 0.08, 0.52, 5, 75000, '2014-07-16 04:28:26'),
(3306, 2, 9, 3, 4, 4, 0.23, 0, 9, 0, '2014-07-16 04:28:26'),
(3307, 2, 9, 3, 4, 4, 0.86, 0.49, 5, 0, '2014-07-16 04:28:26'),
(3308, 2, 9, 3, 3, 4, 0.53, 0.3, 6, 90000, '2014-07-16 04:28:26'),
(3309, 2, 9, 3, 3, 4, 0, 0.27, 5, 75000, '2014-07-16 04:28:26'),
(3310, 1, 6, 7, 8, 19, 0.79, 0.21, 8, 312000, '2014-07-16 04:28:26'),
(3311, 1, 6, 2, 17, 20, 0.69, 0.31, 5, 35000, '2014-07-16 04:28:26'),
(3312, 1, 7, 2, 18, 2, 0.49, 0.53, 10, 0, '2014-07-16 04:28:26'),
(3313, 2, 9, 4, 4, 4, 0.04, 0.87, 1, 0, '2014-07-16 04:28:26'),
(3314, 2, 9, 3, 4, 4, 0.71, 0.21, 8, 0, '2014-07-16 04:28:26'),
(3315, 1, 4, 7, 16, 19, 0.01, 0.27, 5, 45000, '2014-07-16 04:28:26'),
(3316, 2, 9, 3, 20, 4, 0.97, 0.94, 9, 0, '2014-07-16 04:28:26'),
(3317, 2, 9, 3, 3, 4, 0.18, 0.08, 5, 75000, '2014-07-16 04:28:26'),
(3318, 2, 9, 4, 20, 4, 0.15, 0.05, 7, 0, '2014-07-16 04:28:26'),
(3319, 2, 9, 3, 3, 4, 0.75, 0.14, 6, 90000, '2014-07-16 04:28:26'),
(3323, 1, 5, 7, 4, 10, 0.85, 0.73, 5, 115000, '2014-07-16 04:28:26'),
(3325, 1, 11, 7, 11, 17, 0.14, 0.97, 8, 152000, '2014-07-16 04:28:26'),
(3326, 1, 6, 1, 17, 20, 0.19, 0.93, 8, 56000, '2014-07-16 04:28:26'),
(3327, 2, 9, 4, 3, 4, 0.69, 0.45, 9, 135000, '2014-07-16 04:28:26'),
(3328, 2, 9, 4, 4, 4, 0.32, 0.49, 9, 0, '2014-07-16 04:28:26'),
(3330, 2, 9, 4, 20, 4, 0.7, 0.04, 7, 0, '2014-07-16 04:28:26'),
(3332, 1, 5, 2, 17, 20, 0.75, 0.76, 2, 14000, '2014-07-16 04:28:26'),
(3333, 1, 2, 1, 9, 16, 0.62, 0.34, 6, 144000, '2014-07-16 04:28:26'),
(3334, 1, 1, 8, 5, 18, 0.88, 0.91, 2, 88000, '2014-07-16 04:28:26'),
(3335, 2, 9, 4, 4, 4, 0.6, 0.19, 8, 0, '2014-07-16 04:28:26'),
(3336, 1, 5, 7, 18, 2, 0.45, 0.16, 3, 0, '2014-07-16 04:28:26'),
(3337, 2, 9, 4, 20, 4, 0.04, 0.72, 2, 0, '2014-07-16 04:28:26'),
(3339, 2, 9, 4, 4, 4, 0.07, 0.19, 8, 0, '2014-07-16 04:28:26'),
(3340, 2, 9, 4, 3, 4, 0.92, 0.98, 10, 150000, '2014-07-16 04:28:26'),
(3341, 1, 7, 1, 17, 20, 0.83, 0.08, 9, 63000, '2014-07-16 04:28:26'),
(3342, 1, 5, 8, 15, 20, 0.94, 0.12, 8, 112000, '2014-07-16 04:28:26'),
(3343, 2, 9, 3, 4, 4, 0.35, 0.31, 7, 0, '2014-07-16 04:28:26'),
(3345, 2, 9, 3, 3, 4, 0.1, 0.59, 9, 135000, '2014-07-16 04:28:26'),
(3346, 2, 9, 4, 4, 4, 0.76, 0.2, 4, 0, '2014-07-16 04:28:26'),
(3347, 2, 9, 4, 3, 4, 0.17, 0.44, 10, 150000, '2014-07-16 04:28:26'),
(3349, 2, 9, 4, 20, 4, 0.37, 0.89, 1, 0, '2014-07-16 04:28:26'),
(3350, 2, 9, 4, 20, 4, 0.75, 0.47, 1, 0, '2014-07-16 04:28:26'),
(3351, 1, 3, 8, 16, 20, 0.31, 0.8, 8, 72000, '2014-07-16 04:28:26'),
(3352, 1, 3, 8, 4, 11, 0.26, 0.26, 10, 250000, '2014-07-16 04:28:26'),
(3353, 2, 9, 4, 20, 4, 0.88, 0.06, 3, 0, '2014-07-16 04:28:26'),
(3355, 1, 6, 2, 13, 20, 0.1, 0.43, 1, 22000, '2014-07-16 04:28:26'),
(3356, 1, 4, 2, 13, 19, 0.46, 0.64, 3, 66000, '2014-07-16 04:28:26'),
(3357, 2, 9, 3, 3, 4, 0.32, 0.16, 10, 150000, '2014-07-16 04:28:26'),
(3358, 2, 9, 4, 20, 4, 0.32, 0.75, 7, 0, '2014-07-16 04:28:26'),
(3359, 2, 9, 3, 3, 4, 0.76, 0.87, 6, 90000, '2014-07-16 04:28:26'),
(3360, 1, 1, 2, 15, 19, 0.92, 0.03, 1, 14000, '2014-07-16 04:28:26'),
(3361, 2, 9, 4, 20, 4, 0.13, 0.96, 6, 0, '2014-07-16 04:28:26'),
(3362, 2, 9, 4, 20, 4, 0.57, 0.74, 9, 0, '2014-07-16 04:28:26'),
(3363, 2, 9, 4, 3, 4, 0.52, 0.34, 10, 150000, '2014-07-16 04:28:26'),
(3364, 2, 9, 4, 20, 4, 0.79, 0.14, 1, 0, '2014-07-16 04:28:26'),
(3365, 1, 2, 1, 13, 17, 0.09, 0.22, 10, 150000, '2014-07-16 04:28:26'),
(3366, 2, 9, 3, 4, 4, 0.81, 0.33, 3, 0, '2014-07-16 04:28:26'),
(3367, 2, 9, 3, 3, 4, 0.36, 0.65, 1, 15000, '2014-07-16 04:28:26'),
(3368, 2, 9, 3, 4, 4, 0.33, 0.62, 3, 0, '2014-07-16 04:28:26'),
(3369, 1, 7, 8, 13, 20, 0.16, 0.65, 6, 132000, '2014-07-16 04:28:26'),
(3370, 1, 7, 1, 15, 19, 0.36, 0.05, 4, 56000, '2014-07-16 04:28:26'),
(3371, 1, 1, 1, 16, 19, 0.72, 0.93, 5, 45000, '2014-07-16 04:28:26'),
(3372, 1, 2, 8, 6, 14, 0.56, 0.56, 10, 270000, '2014-07-16 04:28:26'),
(3374, 2, 9, 4, 4, 4, 0.75, 0.88, 4, 0, '2014-07-16 04:28:26'),
(3375, 2, 9, 3, 20, 4, 0.16, 0.68, 8, 0, '2014-07-16 04:28:26'),
(3376, 1, 6, 1, 14, 17, 0.65, 0.64, 6, 60000, '2014-07-16 04:28:26'),
(3378, 1, 4, 8, 2, 6, 0.82, 0.47, 10, 360000, '2014-07-16 04:28:26'),
(3379, 2, 9, 3, 4, 4, 0.87, 0.23, 2, 0, '2014-07-16 04:28:26'),
(3380, 1, 3, 8, 13, 20, 0.53, 0.17, 2, 44000, '2014-07-16 04:28:26'),
(3381, 2, 9, 4, 20, 4, 0.6, 0.74, 3, 0, '2014-07-16 04:28:26'),
(3382, 2, 9, 3, 20, 4, 0.76, 0.02, 3, 0, '2014-07-16 04:28:26'),
(3383, 1, 2, 7, 6, 9, 0.95, 0.48, 6, 66000, '2014-07-16 04:28:26'),
(3384, 1, 4, 2, 5, 19, 0.42, 0.35, 7, 329000, '2014-07-16 04:28:26'),
(3385, 1, 3, 8, 8, 19, 0.71, 0.64, 9, 351000, '2014-07-16 04:28:26'),
(3386, 1, 11, 8, 17, 20, 0.96, 0.17, 2, 14000, '2014-07-16 04:28:26'),
(3389, 2, 9, 3, 3, 4, 0.83, 0.7, 10, 150000, '2014-07-16 04:28:26'),
(3390, 2, 9, 4, 4, 4, 0.03, 0.57, 8, 0, '2014-07-16 04:28:26'),
(3391, 2, 9, 3, 3, 4, 0.82, 0.86, 4, 60000, '2014-07-16 04:28:26'),
(3392, 2, 9, 4, 4, 4, 0.47, 0.09, 9, 0, '2014-07-16 04:28:26'),
(3393, 1, 3, 7, 17, 20, 0.4, 0.89, 9, 63000, '2014-07-16 04:28:26'),
(3394, 1, 7, 2, 12, 19, 0.85, 0.39, 8, 192000, '2014-07-16 04:28:26'),
(3395, 2, 9, 3, 3, 4, 0.31, 0.21, 1, 15000, '2014-07-16 04:28:26'),
(3396, 2, 9, 3, 4, 4, 0.54, 0.24, 6, 0, '2014-07-16 04:28:26'),
(3397, 2, 9, 4, 3, 4, 0.4, 0.76, 4, 60000, '2014-07-16 04:28:26'),
(3398, 1, 1, 1, 17, 20, 0.39, 0.64, 8, 56000, '2014-07-16 04:28:26'),
(3399, 2, 9, 4, 20, 4, 0.87, 0.09, 10, 0, '2014-07-16 04:28:26'),
(3400, 2, 9, 3, 3, 4, 0.55, 0.46, 9, 135000, '2014-07-16 04:28:26'),
(3401, 1, 11, 7, 16, 19, 0.55, 0.21, 6, 54000, '2014-07-16 04:28:26'),
(3402, 2, 9, 3, 4, 4, 0.09, 0.21, 4, 0, '2014-07-16 04:28:26'),
(3404, 1, 10, 2, 3, 11, 0.73, 1, 9, 360000, '2014-07-16 04:28:26'),
(3405, 2, 9, 4, 20, 4, 0.89, 0.6, 10, 0, '2014-07-16 04:28:26'),
(3407, 1, 5, 8, 4, 20, 0.44, 0.58, 1, 51000, '2014-07-16 04:28:26'),
(3408, 1, 10, 1, 11, 17, 0.13, 0.43, 3, 57000, '2014-07-16 04:28:26'),
(3409, 2, 9, 3, 20, 4, 0.93, 0.18, 1, 0, '2014-07-16 04:28:26'),
(3410, 2, 9, 4, 20, 4, 0.89, 0.49, 6, 0, '2014-07-16 04:28:26'),
(3411, 1, 4, 7, 7, 19, 0.35, 0.39, 2, 84000, '2014-07-16 04:28:26'),
(3412, 1, 5, 7, 14, 19, 0.12, 0, 6, 102000, '2014-07-16 04:28:26'),
(3413, 1, 4, 8, 4, 10, 0.02, 0.3, 3, 69000, '2014-07-16 04:28:26'),
(3414, 2, 9, 3, 3, 4, 0.89, 0.28, 4, 60000, '2014-07-16 04:28:26'),
(3415, 1, 1, 7, 4, 12, 0.11, 0.29, 7, 189000, '2014-07-16 04:28:26'),
(3416, 2, 9, 3, 20, 4, 0.36, 0.88, 4, 0, '2014-07-16 04:28:26'),
(3417, 2, 9, 4, 3, 4, 0.86, 0.2, 4, 60000, '2014-07-16 04:28:26'),
(3418, 2, 9, 3, 3, 4, 0.31, 0.3, 8, 120000, '2014-07-16 04:28:26'),
(3419, 1, 1, 8, 15, 18, 0.27, 0.41, 8, 88000, '2014-07-16 04:28:26'),
(3420, 1, 7, 1, 7, 11, 0.95, 0.72, 9, 144000, '2014-07-16 04:28:26'),
(3421, 2, 9, 4, 4, 4, 1, 0.75, 1, 0, '2014-07-16 04:28:26'),
(3422, 2, 9, 3, 20, 4, 0.32, 0.88, 5, 0, '2014-07-16 04:28:26'),
(3423, 1, 10, 2, 9, 13, 0.69, 0.26, 4, 44000, '2014-07-16 04:28:26'),
(3424, 1, 3, 7, 11, 15, 0.48, 0.42, 10, 120000, '2014-07-16 04:28:26'),
(3425, 2, 9, 3, 3, 4, 0.09, 0.97, 8, 120000, '2014-07-16 04:28:26'),
(3426, 2, 9, 4, 3, 4, 0.74, 0.43, 7, 105000, '2014-07-16 04:28:26'),
(3427, 2, 9, 3, 3, 4, 0.41, 0.1, 9, 135000, '2014-07-16 04:28:26'),
(3428, 2, 9, 3, 20, 4, 0.86, 0.94, 1, 0, '2014-07-16 04:28:26'),
(3429, 1, 3, 8, 5, 12, 0.94, 0.05, 3, 69000, '2014-07-16 04:28:26'),
(3430, 2, 9, 3, 20, 4, 0.64, 0.93, 3, 0, '2014-07-16 04:28:26'),
(3431, 1, 1, 8, 14, 18, 0.08, 0.57, 3, 42000, '2014-07-16 04:28:26'),
(3432, 2, 9, 3, 20, 4, 0.17, 0.39, 10, 0, '2014-07-16 04:28:26'),
(3433, 1, 4, 2, 15, 18, 0.23, 0.08, 3, 33000, '2014-07-16 04:28:26'),
(3435, 2, 9, 4, 20, 4, 0.57, 0.23, 2, 0, '2014-07-16 04:28:26'),
(3436, 2, 9, 3, 4, 4, 0.8, 0.34, 1, 0, '2014-07-16 04:28:26'),
(3437, 1, 5, 8, 9, 18, 0.01, 0.71, 10, 300000, '2014-07-16 04:28:26'),
(3438, 1, 2, 7, 5, 16, 0.84, 0.5, 2, 76000, '2014-07-16 04:28:26'),
(3439, 2, 9, 3, 20, 4, 0.35, 0.16, 7, 0, '2014-07-16 04:28:26'),
(3440, 2, 9, 3, 4, 4, 0.42, 0.58, 6, 0, '2014-07-16 04:28:26'),
(3441, 2, 9, 3, 3, 4, 0.72, 0.62, 9, 135000, '2014-07-16 04:28:26'),
(3442, 2, 9, 3, 4, 4, 0.55, 0.64, 2, 0, '2014-07-16 04:28:26'),
(3443, 1, 7, 2, 3, 7, 0.33, 0.77, 10, 240000, '2014-07-16 04:28:26'),
(3444, 2, 9, 3, 20, 4, 1, 0.82, 3, 0, '2014-07-16 04:28:26'),
(3445, 2, 9, 4, 20, 4, 0.53, 0.84, 5, 0, '2014-07-16 04:28:26'),
(3446, 2, 9, 4, 20, 4, 0.62, 0.21, 5, 0, '2014-07-16 04:28:26'),
(3448, 1, 10, 8, 9, 19, 0.71, 0.68, 4, 132000, '2014-07-16 04:28:26'),
(3449, 2, 9, 3, 20, 4, 0.23, 0.52, 1, 0, '2014-07-16 04:28:26'),
(3450, 1, 5, 1, 11, 14, 0.32, 0.04, 5, 45000, '2014-07-16 04:28:26'),
(3451, 2, 9, 4, 4, 4, 0.42, 0.03, 3, 0, '2014-07-16 04:28:26'),
(3452, 1, 11, 7, 3, 15, 0.39, 0.51, 2, 104000, '2014-07-16 04:28:26'),
(3453, 2, 9, 3, 20, 4, 0.77, 0.07, 3, 0, '2014-07-16 04:28:26'),
(3454, 1, 2, 7, 7, 15, 0.85, 0.86, 2, 56000, '2014-07-16 04:28:26'),
(3455, 2, 9, 4, 4, 4, 0.64, 0.78, 6, 0, '2014-07-16 04:28:26'),
(3456, 2, 9, 4, 20, 4, 0.19, 0.39, 9, 0, '2014-07-16 04:28:26'),
(3457, 1, 6, 8, 4, 12, 0, 0.46, 7, 189000, '2014-07-16 04:28:26'),
(3458, 1, 3, 1, 13, 16, 0.89, 0.88, 7, 91000, '2014-07-16 04:28:26'),
(3459, 2, 9, 3, 3, 4, 0.92, 0.51, 8, 120000, '2014-07-16 04:28:26'),
(3460, 1, 2, 8, 6, 13, 0.3, 0.13, 5, 110000, '2014-07-16 04:28:26'),
(3461, 2, 9, 4, 4, 4, 0.15, 0.01, 3, 0, '2014-07-16 04:28:26'),
(3462, 1, 1, 8, 10, 20, 0.81, 0.13, 7, 196000, '2014-07-16 04:28:26'),
(3464, 1, 1, 8, 13, 17, 1, 0.2, 4, 60000, '2014-07-16 04:28:26'),
(3466, 2, 9, 4, 4, 4, 0.12, 0.28, 4, 0, '2014-07-16 04:28:26'),
(3467, 1, 11, 7, 11, 14, 0.96, 0.15, 4, 36000, '2014-07-16 04:28:26'),
(3468, 1, 1, 1, 7, 10, 0.29, 0.67, 1, 14000, '2014-07-16 04:28:26'),
(3469, 1, 3, 2, 5, 20, 0.55, 0.71, 8, 376000, '2014-07-16 04:28:26'),
(3470, 2, 9, 3, 3, 4, 0.63, 0.31, 3, 45000, '2014-07-16 04:28:26'),
(3471, 2, 9, 4, 4, 4, 0.94, 0.95, 1, 0, '2014-07-16 04:28:26'),
(3472, 2, 9, 3, 3, 4, 0.13, 0.04, 6, 90000, '2014-07-16 04:28:26'),
(3473, 1, 3, 7, 9, 19, 0.47, 0.15, 7, 231000, '2014-07-16 04:28:26'),
(3475, 2, 9, 3, 20, 4, 0.18, 0.16, 9, 0, '2014-07-16 04:28:26'),
(3476, 1, 6, 7, 11, 19, 0.87, 0.08, 3, 78000, '2014-07-16 04:28:26'),
(3477, 1, 10, 7, 16, 19, 0.83, 0.49, 5, 45000, '2014-07-16 04:28:26'),
(3479, 2, 9, 4, 4, 4, 0.07, 0.41, 8, 0, '2014-07-16 04:28:26'),
(3480, 2, 9, 3, 4, 4, 0.37, 0.67, 2, 0, '2014-07-16 04:28:26'),
(3481, 1, 4, 1, 10, 14, 0.56, 0.04, 5, 55000, '2014-07-16 04:28:26'),
(3482, 2, 9, 4, 4, 4, 0, 0.29, 9, 0, '2014-07-16 04:28:26'),
(3485, 1, 4, 8, 11, 20, 0.01, 0.06, 6, 156000, '2014-07-16 04:28:26'),
(3486, 2, 9, 3, 3, 4, 0.31, 0.62, 4, 60000, '2014-07-16 04:28:26'),
(3487, 2, 9, 3, 3, 4, 0.69, 0.77, 10, 150000, '2014-07-16 04:28:26'),
(3488, 2, 9, 3, 3, 4, 0.49, 0.17, 8, 120000, '2014-07-16 04:28:26'),
(3489, 2, 9, 3, 3, 4, 0.36, 0.49, 8, 120000, '2014-07-16 04:28:26'),
(3491, 1, 10, 1, 1, 12, 0.88, 0.97, 1, 67000, '2014-07-16 04:28:26'),
(3492, 1, 1, 7, 7, 16, 0.92, 0.04, 5, 165000, '2014-07-16 04:28:26'),
(3495, 2, 9, 4, 20, 4, 0.59, 0.3, 6, 0, '2014-07-16 04:28:26'),
(3496, 2, 9, 4, 20, 4, 0.97, 0.74, 1, 0, '2014-07-16 04:28:26'),
(3497, 1, 2, 2, 1, 4, 0.15, 0.07, 5, 200000, '2014-07-16 04:28:26'),
(3498, 2, 9, 4, 20, 4, 0.16, 0.61, 4, 0, '2014-07-16 04:28:26'),
(3499, 2, 9, 4, 20, 4, 0.95, 0.89, 5, 0, '2014-07-16 04:28:26'),
(3500, 2, 9, 4, 3, 4, 0.46, 0.96, 1, 15000, '2014-07-16 04:28:26'),
(3501, 2, 9, 3, 4, 4, 0.15, 0.08, 9, 0, '2014-07-16 04:28:26'),
(3502, 2, 9, 4, 20, 4, 0.48, 0.48, 7, 0, '2014-07-16 04:28:26'),
(3503, 2, 9, 3, 4, 4, 0.89, 1, 1, 0, '2014-07-16 04:28:26'),
(3504, 2, 9, 4, 4, 4, 0.96, 0.52, 8, 0, '2014-07-16 04:28:26'),
(3507, 1, 10, 8, 4, 17, 0.92, 0.22, 5, 220000, '2014-07-16 04:28:26'),
(3508, 2, 9, 4, 3, 4, 0.38, 0.6, 4, 60000, '2014-07-16 04:28:26'),
(3509, 2, 9, 4, 3, 4, 0.14, 0.12, 9, 135000, '2014-07-16 04:28:26'),
(3510, 1, 6, 8, 2, 15, 0.79, 0.48, 8, 528000, '2014-07-16 04:28:26'),
(3511, 2, 9, 4, 4, 4, 0.15, 0.77, 10, 0, '2014-07-16 04:28:26'),
(3512, 1, 6, 7, 10, 13, 0.37, 0.85, 10, 60000, '2014-07-16 04:28:26'),
(3513, 1, 6, 7, 18, 2, 0.85, 0.78, 2, 0, '2014-07-16 04:28:26'),
(3514, 1, 7, 2, 3, 13, 0.7, 0.89, 2, 88000, '2014-07-16 04:28:26'),
(3516, 2, 9, 4, 3, 4, 0.71, 0.89, 10, 150000, '2014-07-16 04:28:26'),
(3517, 1, 6, 8, 3, 13, 0.68, 0.26, 10, 440000, '2014-07-16 04:28:26'),
(3518, 1, 5, 1, 17, 20, 0.98, 0.07, 3, 21000, '2014-07-16 04:28:26'),
(3519, 2, 9, 4, 3, 4, 0.08, 0.09, 8, 120000, '2014-07-16 04:28:26'),
(3521, 1, 6, 1, 11, 16, 0.39, 0.54, 7, 119000, '2014-07-16 04:28:26'),
(3522, 2, 9, 4, 20, 4, 0.71, 0.31, 5, 0, '2014-07-16 04:28:26'),
(3523, 1, 1, 1, 2, 6, 0.25, 0.81, 4, 144000, '2014-07-16 04:28:26'),
(3524, 1, 4, 1, 16, 20, 0.82, 0.88, 1, 9000, '2014-07-16 04:28:26'),
(3526, 2, 9, 3, 4, 4, 0.6, 0.78, 1, 0, '2014-07-16 04:28:26'),
(3527, 2, 9, 3, 3, 4, 0.93, 0.06, 4, 60000, '2014-07-16 04:28:26'),
(3528, 1, 2, 2, 5, 20, 0.15, 0.25, 5, 235000, '2014-07-16 04:28:26'),
(3529, 1, 10, 1, 10, 20, 0.53, 0.8, 8, 224000, '2014-07-16 04:28:26'),
(3530, 2, 9, 3, 20, 4, 0.87, 0.33, 4, 0, '2014-07-16 04:28:26'),
(3531, 2, 9, 3, 3, 4, 0.08, 0.39, 8, 120000, '2014-07-16 04:28:26'),
(3532, 1, 6, 8, 5, 18, 0.2, 0.66, 10, 440000, '2014-07-16 04:28:26'),
(3534, 1, 10, 2, 2, 16, 0.51, 0.38, 6, 426000, '2014-07-16 04:28:26'),
(3535, 2, 9, 3, 4, 4, 0.9, 0.05, 8, 0, '2014-07-16 04:28:26'),
(3536, 2, 9, 3, 4, 4, 0.68, 0.33, 3, 0, '2014-07-16 04:28:26'),
(3537, 1, 10, 2, 14, 17, 0.01, 0.64, 6, 60000, '2014-07-16 04:28:26'),
(3538, 2, 9, 4, 4, 4, 1, 0.05, 3, 0, '2014-07-16 04:28:26'),
(3540, 2, 9, 3, 3, 4, 0.7, 0.17, 9, 135000, '2014-07-16 04:28:26'),
(3541, 2, 9, 4, 3, 4, 0.22, 0.21, 3, 45000, '2014-07-16 04:28:26'),
(3542, 1, 10, 8, 7, 18, 0.9, 0.68, 3, 117000, '2014-07-16 04:28:26'),
(3543, 1, 3, 1, 16, 19, 0.8, 0.89, 8, 72000, '2014-07-16 04:28:26'),
(3545, 1, 3, 2, 13, 18, 0.39, 0, 6, 114000, '2014-07-16 04:28:26'),
(3546, 1, 10, 8, 1, 16, 0.56, 0.24, 2, 164000, '2014-07-16 04:28:26'),
(3547, 2, 9, 3, 3, 4, 0.96, 0.6, 7, 105000, '2014-07-16 04:28:26'),
(3549, 1, 10, 8, 15, 18, 0.98, 0.32, 5, 55000, '2014-07-16 04:28:26'),
(3550, 2, 9, 3, 4, 4, 0.71, 0.75, 7, 0, '2014-07-16 04:28:26'),
(3552, 1, 3, 1, 8, 15, 0.79, 0.67, 9, 225000, '2014-07-16 04:28:26'),
(3553, 2, 9, 4, 3, 4, 0.96, 0.31, 5, 75000, '2014-07-16 04:28:26'),
(3554, 1, 7, 8, 17, 20, 0.75, 0.58, 6, 42000, '2014-07-16 04:28:26'),
(3555, 2, 9, 4, 20, 4, 0.64, 0.3, 7, 0, '2014-07-16 04:28:26'),
(3556, 2, 9, 3, 4, 4, 0.68, 0.24, 9, 0, '2014-07-16 04:28:26'),
(3557, 1, 10, 7, 17, 20, 0.02, 0.36, 1, 7000, '2014-07-16 04:28:26'),
(3558, 2, 9, 4, 20, 4, 0.51, 0.85, 7, 0, '2014-07-16 04:28:26'),
(3559, 2, 9, 3, 3, 4, 0.3, 0.5, 3, 45000, '2014-07-16 04:28:26'),
(3560, 2, 9, 4, 3, 4, 0.93, 0.82, 5, 75000, '2014-07-16 04:28:26'),
(3561, 2, 9, 3, 4, 4, 0.79, 0.64, 4, 0, '2014-07-16 04:28:26'),
(3564, 2, 9, 4, 3, 4, 0.75, 0.25, 1, 15000, '2014-07-16 04:28:26'),
(3565, 1, 7, 7, 16, 19, 0.33, 0.21, 7, 63000, '2014-07-16 04:28:26'),
(3566, 2, 9, 4, 3, 4, 0.79, 0.68, 5, 75000, '2014-07-16 04:28:26'),
(3567, 2, 9, 4, 3, 4, 0.54, 0.91, 10, 150000, '2014-07-16 04:28:26'),
(3568, 2, 9, 4, 20, 4, 0.94, 0.15, 9, 0, '2014-07-16 04:28:26'),
(3569, 2, 9, 4, 20, 4, 0.93, 0.67, 1, 0, '2014-07-16 04:28:26'),
(3570, 2, 9, 3, 20, 4, 0.73, 0.64, 1, 0, '2014-07-16 04:28:26'),
(3571, 2, 9, 4, 20, 4, 0.87, 0.22, 10, 0, '2014-07-16 04:28:26'),
(3572, 2, 9, 3, 20, 4, 0.17, 0.16, 5, 0, '2014-07-16 04:28:26'),
(3574, 2, 9, 4, 20, 4, 0.4, 0.05, 10, 0, '2014-07-16 04:28:26'),
(3575, 2, 9, 3, 3, 4, 0.53, 0.91, 6, 90000, '2014-07-16 04:28:26'),
(3576, 1, 11, 8, 5, 9, 0.04, 0.73, 2, 28000, '2014-07-16 04:28:26'),
(3577, 2, 9, 3, 3, 4, 0.54, 0.35, 2, 30000, '2014-07-16 04:28:26'),
(3578, 2, 9, 3, 3, 4, 0.22, 0.84, 5, 75000, '2014-07-16 04:28:26'),
(3581, 1, 7, 2, 14, 18, 0.68, 0.92, 2, 28000, '2014-07-16 04:28:26'),
(3582, 2, 9, 4, 20, 4, 0.82, 0.74, 6, 0, '2014-07-16 04:28:26'),
(3583, 2, 9, 4, 4, 4, 0.36, 0.77, 8, 0, '2014-07-16 04:28:26'),
(3584, 2, 9, 3, 4, 4, 0.51, 0.18, 7, 0, '2014-07-16 04:28:26'),
(3586, 1, 7, 2, 13, 18, 0.02, 0.23, 5, 95000, '2014-07-16 04:28:26'),
(3587, 1, 10, 1, 12, 16, 0.87, 0.35, 3, 45000, '2014-07-16 04:28:26'),
(3588, 1, 4, 7, 6, 20, 1, 0.96, 2, 88000, '2014-07-16 04:28:26'),
(3589, 2, 9, 4, 3, 4, 0.45, 0.67, 2, 30000, '2014-07-16 04:28:26'),
(3590, 1, 11, 7, 11, 20, 0.04, 0.06, 2, 52000, '2014-07-16 04:28:26'),
(3591, 2, 9, 4, 20, 4, 0.16, 0.38, 1, 0, '2014-07-16 04:28:26'),
(3592, 2, 9, 3, 4, 4, 0.35, 0.68, 7, 0, '2014-07-16 04:28:26'),
(3593, 2, 9, 3, 4, 4, 0.05, 0.54, 10, 0, '2014-07-16 04:28:26'),
(3595, 2, 9, 3, 3, 4, 0.86, 0.94, 7, 105000, '2014-07-16 04:28:26'),
(3596, 1, 3, 2, 5, 16, 0.87, 0.93, 5, 190000, '2014-07-16 04:28:26'),
(3597, 1, 3, 7, 4, 12, 0.37, 0.16, 4, 108000, '2014-07-16 04:28:26'),
(3598, 2, 9, 3, 20, 4, 0.54, 0.42, 3, 0, '2014-07-16 04:28:26'),
(3599, 2, 9, 3, 4, 4, 0.04, 0.33, 8, 0, '2014-07-16 04:28:26'),
(3600, 1, 5, 1, 1, 10, 0.96, 0.46, 7, 441000, '2014-07-16 04:28:26'),
(3601, 1, 3, 8, 12, 18, 0.01, 0, 4, 84000, '2014-07-16 04:28:26'),
(3602, 2, 9, 3, 20, 4, 0.91, 0.44, 5, 0, '2014-07-16 04:28:26'),
(3603, 2, 9, 3, 4, 4, 0.39, 0.34, 10, 0, '2014-07-16 04:28:26'),
(3604, 2, 9, 3, 20, 4, 0.49, 0.99, 7, 0, '2014-07-16 04:28:26'),
(3605, 2, 9, 3, 4, 4, 0.23, 0.82, 7, 0, '2014-07-16 04:28:26'),
(3606, 2, 9, 4, 4, 4, 0.26, 0.96, 1, 0, '2014-07-16 04:28:26'),
(3607, 2, 9, 4, 4, 4, 0.9, 0.41, 4, 0, '2014-07-16 04:28:26'),
(3609, 1, 5, 1, 6, 17, 0.97, 0.93, 3, 111000, '2014-07-16 04:28:26'),
(3610, 1, 7, 7, 9, 12, 0.78, 0.47, 9, 81000, '2014-07-16 04:28:26'),
(3611, 2, 9, 3, 20, 4, 0.67, 0.51, 2, 0, '2014-07-16 04:28:26'),
(3612, 1, 2, 7, 1, 16, 0.01, 0.75, 2, 164000, '2014-07-16 04:28:26'),
(3615, 1, 3, 1, 18, 2, 0.52, 0.17, 1, 0, '2014-07-16 04:28:26'),
(3616, 2, 9, 3, 4, 4, 0.84, 0.57, 5, 0, '2014-07-16 04:28:26'),
(3617, 2, 9, 4, 4, 4, 0.05, 0.7, 7, 0, '2014-07-16 04:28:26'),
(3618, 1, 3, 7, 7, 13, 0.79, 0.2, 5, 100000, '2014-07-16 04:28:26'),
(3620, 2, 9, 4, 4, 4, 0.34, 1, 7, 0, '2014-07-16 04:28:26'),
(3621, 1, 6, 2, 16, 20, 0.96, 0.46, 10, 90000, '2014-07-16 04:28:26'),
(3623, 2, 9, 3, 4, 4, 0.09, 0.92, 5, 0, '2014-07-16 04:28:26'),
(3624, 1, 7, 1, 4, 7, 0.03, 0.86, 5, 45000, '2014-07-16 04:28:26'),
(3625, 2, 9, 3, 20, 4, 0.73, 0.3, 4, 0, '2014-07-16 04:28:26'),
(3626, 2, 9, 4, 3, 4, 0.89, 0.05, 1, 15000, '2014-07-16 04:28:26'),
(3629, 2, 9, 4, 4, 4, 0.02, 0.97, 6, 0, '2014-07-16 04:28:26'),
(3630, 2, 9, 4, 3, 4, 0.62, 0.92, 1, 15000, '2014-07-16 04:28:26'),
(3631, 2, 9, 3, 3, 4, 0.96, 0.38, 1, 15000, '2014-07-16 04:28:26'),
(3632, 2, 9, 3, 4, 4, 0.84, 0.92, 1, 0, '2014-07-16 04:28:26'),
(3633, 2, 9, 4, 20, 4, 0.62, 0.92, 4, 0, '2014-07-16 04:28:26'),
(3634, 1, 5, 2, 5, 9, 0.18, 0.23, 9, 126000, '2014-07-16 04:28:26'),
(3635, 2, 9, 4, 4, 4, 0.18, 0.56, 2, 0, '2014-07-16 04:28:26'),
(3637, 1, 3, 7, 16, 20, 0.58, 0.2, 4, 36000, '2014-07-16 04:28:26'),
(3639, 1, 10, 7, 13, 20, 0.38, 0.85, 2, 44000, '2014-07-16 04:28:26'),
(3640, 1, 5, 7, 15, 20, 0.36, 0.12, 2, 28000, '2014-07-16 04:28:26'),
(3641, 2, 9, 4, 4, 4, 0.19, 0.92, 5, 0, '2014-07-16 04:28:26'),
(3642, 2, 9, 4, 4, 4, 0.61, 0.64, 7, 0, '2014-07-16 04:28:26'),
(3644, 2, 9, 4, 4, 4, 0.94, 0.8, 3, 0, '2014-07-16 04:28:26'),
(3645, 2, 9, 4, 20, 4, 0.74, 0.55, 7, 0, '2014-07-16 04:28:26'),
(3646, 1, 2, 1, 12, 19, 0.64, 0.27, 2, 48000, '2014-07-16 04:28:26'),
(3648, 1, 10, 2, 18, 2, 1, 0.26, 5, 0, '2014-07-16 04:28:26'),
(3649, 2, 9, 4, 3, 4, 0.11, 0.42, 1, 15000, '2014-07-16 04:28:26'),
(3650, 1, 4, 7, 1, 5, 0.97, 0.2, 2, 88000, '2014-07-16 04:28:26'),
(3651, 2, 9, 3, 4, 4, 0.09, 0.04, 2, 0, '2014-07-16 04:28:26'),
(3652, 2, 9, 3, 4, 4, 0.41, 0.04, 1, 0, '2014-07-16 04:28:26'),
(3653, 1, 6, 7, 6, 17, 0.19, 0.38, 10, 370000, '2014-07-16 04:28:26'),
(3654, 2, 9, 3, 3, 4, 0.22, 0.86, 7, 105000, '2014-07-16 04:28:26'),
(3655, 2, 9, 3, 3, 4, 0.18, 0.96, 10, 150000, '2014-07-16 04:28:26'),
(3657, 1, 5, 2, 17, 20, 0.69, 0.91, 3, 21000, '2014-07-16 04:28:26'),
(3658, 2, 9, 4, 3, 4, 0.82, 0.46, 2, 30000, '2014-07-16 04:28:26'),
(3659, 2, 9, 4, 3, 4, 0.89, 0.83, 3, 45000, '2014-07-16 04:28:26'),
(3660, 2, 9, 4, 4, 4, 0.55, 0.5, 2, 0, '2014-07-16 04:28:26'),
(3661, 1, 10, 1, 12, 17, 1, 0.92, 3, 51000, '2014-07-16 04:28:26'),
(3662, 2, 9, 3, 20, 4, 0.51, 0.22, 5, 0, '2014-07-16 04:28:26'),
(3664, 2, 9, 4, 4, 4, 0, 0.7, 6, 0, '2014-07-16 04:28:26'),
(3665, 2, 9, 3, 20, 4, 0.12, 0.54, 7, 0, '2014-07-16 04:28:26'),
(3666, 2, 9, 4, 3, 4, 0, 0.16, 3, 45000, '2014-07-16 04:28:26'),
(3667, 1, 5, 1, 4, 16, 0.24, 0.18, 3, 126000, '2014-07-16 04:28:26'),
(3668, 1, 7, 7, 15, 20, 0.49, 0.36, 5, 70000, '2014-07-16 04:28:26');
INSERT INTO `transaksi` (`ID`, `ID_user`, `ID_bus`, `ID_trayek`, `ID_lokasi_asal`, `ID_lokasi_tujuan`, `longitude`, `latitude`, `jumlah_tiket`, `harga_total`, `date_time`) VALUES
(3669, 1, 6, 7, 1, 15, 0.33, 0.74, 7, 539000, '2014-07-16 04:28:26'),
(3670, 2, 9, 3, 20, 4, 0.54, 0.24, 7, 0, '2014-07-16 04:28:26'),
(3671, 1, 4, 7, 14, 19, 0, 0.01, 9, 153000, '2014-07-16 04:28:26'),
(3672, 2, 9, 4, 4, 4, 0.03, 0.88, 6, 0, '2014-07-16 04:28:26'),
(3673, 2, 9, 4, 20, 4, 0.32, 0, 10, 0, '2014-07-16 04:28:26'),
(3674, 2, 9, 4, 4, 4, 0.2, 0.01, 10, 0, '2014-07-16 04:28:26'),
(3675, 2, 9, 4, 20, 4, 0.75, 0.03, 6, 0, '2014-07-16 04:28:26'),
(3676, 2, 9, 4, 3, 4, 0.81, 0.39, 4, 60000, '2014-07-16 04:28:26'),
(3679, 1, 7, 2, 4, 13, 0.34, 0.75, 10, 290000, '2014-07-16 04:28:26'),
(3680, 1, 7, 7, 15, 19, 0.21, 0.12, 10, 140000, '2014-07-16 04:28:26'),
(3683, 1, 2, 2, 9, 16, 0.93, 0.47, 6, 144000, '2014-07-16 04:28:26'),
(3684, 2, 9, 3, 20, 4, 0.48, 0.02, 8, 0, '2014-07-16 04:28:26'),
(3685, 1, 5, 2, 12, 16, 0.84, 0.09, 5, 75000, '2014-07-16 04:28:26'),
(3686, 2, 9, 3, 4, 4, 0.08, 0.57, 9, 0, '2014-07-16 04:28:26'),
(3689, 2, 9, 3, 20, 4, 0.18, 0.58, 4, 0, '2014-07-16 04:28:26'),
(3690, 2, 9, 4, 4, 4, 0.52, 0.41, 2, 0, '2014-07-16 04:28:26'),
(3691, 1, 7, 8, 17, 20, 0.29, 0.22, 8, 56000, '2014-07-16 04:28:26'),
(3693, 1, 7, 8, 15, 20, 0.48, 0.15, 6, 84000, '2014-07-16 04:28:26'),
(3694, 1, 1, 1, 3, 15, 0.53, 0.3, 9, 468000, '2014-07-16 04:28:26'),
(3695, 1, 3, 8, 17, 20, 0.05, 0.68, 6, 42000, '2014-07-16 04:28:26'),
(3696, 2, 9, 4, 4, 4, 0.4, 0.37, 3, 0, '2014-07-16 04:28:26'),
(3697, 1, 3, 1, 2, 17, 0.21, 0.66, 1, 73000, '2014-07-16 04:28:26'),
(3698, 1, 10, 2, 18, 2, 0.49, 0.85, 7, 0, '2014-07-16 04:28:26'),
(3699, 2, 9, 4, 20, 4, 0.21, 0.8, 4, 0, '2014-07-16 04:28:26'),
(3700, 1, 5, 8, 4, 20, 0.32, 0.46, 1, 51000, '2014-07-16 04:28:27'),
(3701, 2, 9, 3, 4, 4, 0.82, 0.38, 1, 0, '2014-07-16 04:28:27'),
(3702, 2, 9, 3, 3, 4, 0.86, 0.52, 8, 120000, '2014-07-16 04:28:27'),
(3703, 2, 9, 3, 20, 4, 0.85, 0.66, 6, 0, '2014-07-16 04:28:27'),
(3704, 1, 6, 7, 7, 20, 0.23, 0.44, 6, 252000, '2014-07-16 04:28:27'),
(3705, 2, 9, 4, 4, 4, 0.26, 0.53, 1, 0, '2014-07-16 04:28:27'),
(3706, 2, 9, 4, 3, 4, 0.44, 0.69, 10, 150000, '2014-07-16 04:28:27'),
(3707, 2, 9, 3, 3, 4, 0.89, 0.34, 10, 150000, '2014-07-16 04:28:27'),
(3710, 2, 9, 4, 20, 4, 0.53, 0.97, 7, 0, '2014-07-16 04:28:27'),
(3712, 2, 9, 3, 20, 4, 0.98, 0.29, 4, 0, '2014-07-16 04:28:27'),
(3713, 2, 9, 3, 3, 4, 0.93, 0.87, 6, 90000, '2014-07-16 04:28:27'),
(3714, 2, 9, 4, 3, 4, 0.54, 0.51, 6, 90000, '2014-07-16 04:28:27'),
(3715, 2, 9, 3, 3, 4, 0.21, 0.38, 7, 105000, '2014-07-16 04:28:27'),
(3716, 1, 4, 7, 6, 13, 0.12, 0.66, 2, 44000, '2014-07-16 04:28:27'),
(3717, 2, 9, 3, 3, 4, 0.98, 0.46, 4, 60000, '2014-07-16 04:28:27'),
(3718, 2, 9, 3, 3, 4, 0.71, 0.45, 4, 60000, '2014-07-16 04:28:27'),
(3719, 2, 9, 3, 4, 4, 0.49, 0, 5, 0, '2014-07-16 04:28:27'),
(3720, 2, 9, 4, 20, 4, 0.41, 0.43, 10, 0, '2014-07-16 04:28:27'),
(3721, 1, 5, 7, 17, 20, 0.29, 0.27, 3, 21000, '2014-07-16 04:28:27'),
(3722, 1, 5, 1, 17, 20, 0.59, 0.22, 9, 63000, '2014-07-16 04:28:27'),
(3723, 1, 4, 2, 8, 19, 0.22, 0.86, 8, 312000, '2014-07-16 04:28:27'),
(3724, 1, 6, 8, 1, 4, 0.4, 0.94, 3, 120000, '2014-07-16 04:28:27'),
(3725, 2, 9, 3, 4, 4, 0.38, 0.66, 4, 0, '2014-07-16 04:28:27'),
(3726, 2, 9, 3, 20, 4, 0.52, 0.87, 8, 0, '2014-07-16 04:28:27'),
(3727, 2, 9, 3, 3, 4, 0.09, 0.41, 4, 60000, '2014-07-16 04:28:27'),
(3728, 2, 9, 3, 3, 4, 0.3, 0.91, 8, 120000, '2014-07-16 04:28:27'),
(3729, 1, 1, 1, 3, 11, 0.83, 0.5, 3, 120000, '2014-07-16 04:28:27'),
(3730, 2, 9, 3, 20, 4, 0.13, 0.82, 2, 0, '2014-07-16 04:28:27'),
(3731, 1, 1, 8, 10, 14, 0.27, 0.89, 9, 99000, '2014-07-16 04:28:27'),
(3732, 2, 9, 4, 4, 4, 0.44, 0.12, 7, 0, '2014-07-16 04:28:27'),
(3733, 1, 3, 7, 16, 19, 0.22, 0.07, 8, 72000, '2014-07-16 04:28:27'),
(3734, 1, 4, 7, 7, 15, 0.58, 0.51, 7, 196000, '2014-07-16 04:28:27'),
(3735, 2, 9, 3, 3, 4, 0.11, 0.63, 3, 45000, '2014-07-16 04:28:27'),
(3736, 1, 2, 7, 17, 20, 0.83, 0.52, 1, 7000, '2014-07-16 04:28:27'),
(3737, 1, 3, 8, 5, 14, 0.98, 0.97, 5, 150000, '2014-07-16 04:28:27'),
(3738, 1, 7, 7, 15, 18, 0.33, 0.49, 10, 110000, '2014-07-16 04:28:27'),
(3739, 2, 9, 4, 4, 4, 0.35, 0.64, 2, 0, '2014-07-16 04:28:27'),
(3740, 2, 9, 3, 20, 4, 0.61, 0.19, 3, 0, '2014-07-16 04:28:27'),
(3741, 2, 9, 4, 20, 4, 0.48, 0.81, 4, 0, '2014-07-16 04:28:27'),
(3742, 1, 6, 2, 10, 20, 0.67, 0.46, 7, 196000, '2014-07-16 04:28:27'),
(3743, 1, 2, 1, 4, 14, 0.65, 0.38, 1, 34000, '2014-07-16 04:28:27'),
(3744, 2, 9, 3, 20, 4, 0.37, 0.44, 10, 0, '2014-07-16 04:28:27'),
(3745, 1, 11, 2, 10, 16, 0.04, 0.92, 7, 133000, '2014-07-16 04:28:27'),
(3746, 2, 9, 3, 4, 4, 0.6, 0.29, 2, 0, '2014-07-16 04:28:27'),
(3747, 2, 9, 3, 20, 4, 0.72, 0.36, 10, 0, '2014-07-16 04:28:27'),
(3748, 1, 5, 1, 5, 19, 0.54, 0.19, 4, 188000, '2014-07-16 04:28:27'),
(3749, 1, 4, 8, 17, 20, 0.85, 0.52, 2, 14000, '2014-07-16 04:28:27'),
(3750, 2, 9, 4, 3, 4, 0.07, 0.84, 1, 15000, '2014-07-16 04:28:27'),
(3753, 2, 9, 3, 4, 4, 0.84, 0.58, 3, 0, '2014-07-16 04:28:27'),
(3754, 1, 4, 8, 14, 18, 0.8, 0.78, 9, 126000, '2014-07-16 04:28:27'),
(3755, 2, 9, 3, 3, 4, 0.43, 0.93, 1, 15000, '2014-07-16 04:28:27'),
(3756, 2, 9, 3, 3, 4, 0.81, 0.16, 8, 120000, '2014-07-16 04:28:27'),
(3757, 1, 5, 2, 11, 16, 0.76, 0.87, 8, 136000, '2014-07-16 04:28:27'),
(3760, 2, 9, 4, 4, 4, 0.66, 0.17, 7, 0, '2014-07-16 04:28:27'),
(3761, 1, 4, 2, 8, 12, 0.16, 0.23, 3, 45000, '2014-07-16 04:28:27'),
(3762, 2, 9, 4, 4, 4, 0.11, 0.18, 6, 0, '2014-07-16 04:28:27'),
(3763, 2, 9, 4, 4, 4, 0.2, 0.28, 7, 0, '2014-07-16 04:28:27'),
(3764, 2, 9, 3, 20, 4, 0.2, 0.92, 6, 0, '2014-07-16 04:28:27'),
(3765, 2, 9, 3, 3, 4, 0.24, 0.92, 4, 60000, '2014-07-16 04:28:27'),
(3766, 1, 7, 8, 3, 18, 0.16, 0.7, 5, 315000, '2014-07-16 04:28:27'),
(3767, 2, 9, 4, 3, 4, 0.23, 0.36, 6, 90000, '2014-07-16 04:28:27'),
(3768, 1, 4, 7, 9, 17, 0.7, 0.05, 2, 52000, '2014-07-16 04:28:27'),
(3769, 2, 9, 4, 20, 4, 0.77, 0.67, 4, 0, '2014-07-16 04:28:27'),
(3771, 2, 9, 3, 4, 4, 0.7, 0, 9, 0, '2014-07-16 04:28:27'),
(3773, 1, 7, 7, 15, 19, 0.37, 0.12, 10, 140000, '2014-07-16 04:28:27'),
(3774, 1, 6, 2, 15, 20, 0.87, 0.38, 5, 70000, '2014-07-16 04:28:27'),
(3775, 1, 7, 8, 7, 14, 0.92, 0.21, 6, 150000, '2014-07-16 04:28:27'),
(3776, 2, 9, 3, 20, 4, 0.07, 0.6, 5, 0, '2014-07-16 04:28:27'),
(3777, 2, 9, 3, 20, 4, 0.35, 0.21, 7, 0, '2014-07-16 04:28:27'),
(3778, 2, 9, 3, 3, 4, 0.88, 0.17, 8, 120000, '2014-07-16 04:28:27'),
(3779, 2, 9, 3, 20, 4, 0.31, 0.53, 8, 0, '2014-07-16 04:28:27'),
(3780, 2, 9, 4, 3, 4, 0.5, 0.28, 6, 90000, '2014-07-16 04:28:27'),
(3781, 2, 9, 4, 4, 4, 0.07, 0.15, 9, 0, '2014-07-16 04:28:27'),
(3783, 2, 9, 3, 3, 4, 0.65, 0.46, 8, 120000, '2014-07-16 04:28:27'),
(3785, 1, 6, 1, 5, 17, 0.28, 0.07, 2, 80000, '2014-07-16 04:28:27'),
(3786, 2, 9, 4, 4, 4, 0.46, 0.56, 1, 0, '2014-07-16 04:28:27'),
(3787, 1, 7, 7, 18, 2, 0.25, 0.78, 8, 0, '2014-07-16 04:28:27'),
(3788, 2, 9, 4, 4, 4, 0.69, 0.13, 8, 0, '2014-07-16 04:28:27'),
(3789, 1, 3, 1, 1, 13, 0.09, 0.24, 5, 345000, '2014-07-16 04:28:27'),
(3790, 2, 9, 4, 3, 4, 0.48, 0.98, 8, 120000, '2014-07-16 04:28:27'),
(3791, 1, 7, 7, 9, 12, 0.48, 0.2, 7, 63000, '2014-07-16 04:28:27'),
(3792, 2, 9, 3, 20, 4, 0.24, 0.95, 2, 0, '2014-07-16 04:28:27'),
(3793, 2, 9, 3, 20, 4, 0.41, 0.54, 8, 0, '2014-07-16 04:28:27'),
(3794, 2, 9, 4, 20, 4, 0.66, 0.98, 2, 0, '2014-07-16 04:28:27'),
(3796, 2, 9, 3, 3, 4, 0.18, 0.84, 10, 150000, '2014-07-16 04:28:27'),
(3797, 1, 1, 1, 4, 12, 0.55, 0.94, 1, 27000, '2014-07-16 04:28:27'),
(3798, 1, 6, 2, 18, 2, 0.24, 0.08, 7, 0, '2014-07-16 04:28:27'),
(3799, 2, 9, 3, 20, 4, 0.2, 0.09, 5, 0, '2014-07-16 04:28:27'),
(3800, 1, 4, 1, 15, 19, 0.97, 0.77, 7, 98000, '2014-07-16 04:28:27'),
(3801, 2, 9, 4, 4, 4, 0.79, 0.4, 4, 0, '2014-07-16 04:28:27'),
(3802, 1, 7, 2, 13, 20, 0.39, 0.36, 9, 198000, '2014-07-16 04:28:27'),
(3803, 1, 5, 8, 11, 18, 0.99, 0.99, 1, 23000, '2014-07-16 04:28:27'),
(3804, 1, 2, 8, 16, 19, 0.66, 0.49, 1, 9000, '2014-07-16 04:28:27'),
(3806, 2, 9, 3, 4, 4, 0.58, 0.25, 9, 0, '2014-07-16 04:28:27'),
(3808, 2, 9, 3, 4, 4, 0.77, 0.69, 8, 0, '2014-07-16 04:28:27'),
(3810, 1, 1, 8, 15, 19, 0.19, 0.7, 7, 98000, '2014-07-16 04:28:27'),
(3812, 2, 9, 4, 20, 4, 0.4, 0.1, 1, 0, '2014-07-16 04:28:27'),
(3813, 2, 9, 3, 4, 4, 0.12, 0.05, 4, 0, '2014-07-16 04:28:27'),
(3814, 1, 11, 1, 14, 17, 0.86, 0.43, 6, 60000, '2014-07-16 04:28:27'),
(3815, 2, 9, 4, 4, 4, 0.85, 0.62, 1, 0, '2014-07-16 04:28:27'),
(3816, 1, 4, 2, 17, 20, 0.42, 0.99, 3, 21000, '2014-07-16 04:28:27'),
(3817, 1, 3, 7, 7, 14, 0.88, 0.69, 6, 150000, '2014-07-16 04:28:27'),
(3818, 2, 9, 3, 20, 4, 0.76, 0.58, 7, 0, '2014-07-16 04:28:27'),
(3819, 2, 9, 3, 3, 4, 0.84, 0.7, 4, 60000, '2014-07-16 04:28:27'),
(3820, 1, 1, 2, 17, 20, 0.31, 0.19, 6, 42000, '2014-07-16 04:28:27'),
(3821, 2, 9, 4, 20, 4, 0.57, 0.62, 8, 0, '2014-07-16 04:28:27'),
(3822, 1, 11, 7, 3, 16, 0.41, 0.81, 4, 228000, '2014-07-16 04:28:27'),
(3823, 2, 9, 4, 20, 4, 0.7, 0.71, 1, 0, '2014-07-16 04:28:27'),
(3824, 2, 9, 4, 20, 4, 0.15, 0.7, 10, 0, '2014-07-16 04:28:27'),
(3825, 1, 6, 8, 2, 7, 0.6, 0.85, 6, 228000, '2014-07-16 04:28:27'),
(3826, 2, 9, 4, 20, 4, 0.48, 0.57, 1, 0, '2014-07-16 04:28:27'),
(3827, 2, 9, 3, 4, 4, 0.05, 0.43, 10, 0, '2014-07-16 04:28:27'),
(3828, 1, 4, 1, 8, 16, 0.86, 0.37, 8, 240000, '2014-07-16 04:28:27'),
(3829, 1, 4, 7, 11, 20, 0.64, 0.11, 6, 156000, '2014-07-16 04:28:27'),
(3830, 1, 10, 7, 8, 13, 0.33, 0.43, 8, 136000, '2014-07-16 04:28:27'),
(3831, 2, 9, 3, 20, 4, 0.58, 0.15, 10, 0, '2014-07-16 04:28:27'),
(3832, 2, 9, 3, 4, 4, 0.71, 0.22, 7, 0, '2014-07-16 04:28:27'),
(3833, 1, 1, 2, 1, 15, 0.29, 0.52, 10, 770000, '2014-07-16 04:28:27'),
(3835, 2, 9, 4, 4, 4, 0.82, 0.34, 9, 0, '2014-07-16 04:28:27'),
(3836, 1, 7, 2, 6, 13, 0.54, 0.94, 5, 110000, '2014-07-16 04:28:27'),
(3837, 2, 9, 3, 20, 4, 1, 0.17, 5, 0, '2014-07-16 04:28:27'),
(3838, 1, 5, 7, 16, 19, 0.93, 0.37, 10, 90000, '2014-07-16 04:28:27'),
(3840, 1, 2, 2, 14, 19, 0.25, 0.21, 3, 51000, '2014-07-16 04:28:27'),
(3842, 1, 1, 7, 10, 20, 0.19, 0.43, 2, 56000, '2014-07-16 04:28:27'),
(3843, 1, 7, 2, 2, 12, 0.02, 0.07, 9, 504000, '2014-07-16 04:28:27'),
(3845, 1, 6, 7, 3, 9, 0.99, 0.11, 5, 165000, '2014-07-16 04:28:27'),
(3846, 1, 11, 8, 1, 6, 0.35, 0.15, 4, 188000, '2014-07-16 04:28:27'),
(3848, 2, 9, 3, 4, 4, 0.56, 0.57, 2, 0, '2014-07-16 04:28:27'),
(3851, 2, 9, 4, 20, 4, 0.09, 0.78, 9, 0, '2014-07-16 04:28:27'),
(3853, 1, 3, 2, 11, 19, 0.05, 0.93, 2, 52000, '2014-07-16 04:28:27'),
(3854, 2, 9, 4, 3, 4, 0.63, 0.94, 7, 105000, '2014-07-16 04:28:27'),
(3855, 2, 9, 4, 3, 4, 0.63, 0.7, 8, 120000, '2014-07-16 04:28:27'),
(3856, 2, 9, 4, 4, 4, 0.45, 0.51, 3, 0, '2014-07-16 04:28:27'),
(3857, 2, 9, 4, 4, 4, 0.8, 0.67, 6, 0, '2014-07-16 04:28:27'),
(3859, 2, 9, 4, 3, 4, 0.58, 0.45, 9, 135000, '2014-07-16 04:28:27'),
(3860, 2, 9, 3, 3, 4, 0.92, 0.96, 2, 30000, '2014-07-16 04:28:27'),
(3861, 2, 9, 4, 4, 4, 0.32, 0.11, 7, 0, '2014-07-16 04:28:27'),
(3862, 2, 9, 4, 3, 4, 0.04, 0.72, 8, 120000, '2014-07-16 04:28:27'),
(3864, 2, 9, 4, 20, 4, 0.48, 0.39, 3, 0, '2014-07-16 04:28:27'),
(3865, 1, 1, 7, 17, 20, 0.89, 0.61, 1, 7000, '2014-07-16 04:28:27'),
(3866, 1, 2, 7, 3, 9, 0.52, 0.82, 7, 231000, '2014-07-16 04:28:27'),
(3867, 1, 2, 8, 6, 9, 0.17, 0.16, 9, 99000, '2014-07-16 04:28:27'),
(3868, 2, 9, 3, 20, 4, 0.47, 0.53, 5, 0, '2014-07-16 04:28:27'),
(3869, 2, 9, 3, 3, 4, 0, 0.97, 6, 90000, '2014-07-16 04:28:27'),
(3871, 2, 9, 4, 3, 4, 0.9, 0.57, 10, 150000, '2014-07-16 04:28:27'),
(3872, 2, 9, 3, 3, 4, 0.74, 0.22, 7, 105000, '2014-07-16 04:28:27'),
(3874, 1, 4, 2, 11, 19, 0.15, 0.98, 6, 156000, '2014-07-16 04:28:27'),
(3875, 1, 7, 2, 5, 15, 0.81, 0.15, 2, 66000, '2014-07-16 04:28:27'),
(3876, 1, 4, 8, 11, 14, 0.16, 0.25, 2, 18000, '2014-07-16 04:28:27'),
(3877, 2, 9, 3, 4, 4, 0.08, 0.21, 6, 0, '2014-07-16 04:28:27'),
(3878, 1, 4, 1, 6, 15, 0.1, 0.85, 7, 210000, '2014-07-16 04:28:27'),
(3879, 2, 9, 4, 4, 4, 0.06, 0.58, 4, 0, '2014-07-16 04:28:27'),
(3880, 1, 5, 8, 10, 18, 0.21, 0.68, 5, 125000, '2014-07-16 04:28:27'),
(3881, 1, 1, 8, 6, 10, 0.08, 0.88, 6, 96000, '2014-07-16 04:28:27'),
(3882, 1, 1, 8, 1, 6, 0.77, 0.69, 10, 470000, '2014-07-16 04:28:27'),
(3883, 2, 9, 3, 3, 4, 0.91, 0.11, 1, 15000, '2014-07-16 04:28:27'),
(3886, 1, 11, 1, 11, 19, 0.7, 0.51, 6, 156000, '2014-07-16 04:28:27'),
(3887, 1, 10, 2, 18, 2, 0.43, 0.03, 2, 0, '2014-07-16 04:28:27'),
(3888, 1, 6, 2, 14, 20, 0.84, 0.05, 4, 68000, '2014-07-16 04:28:27'),
(3889, 1, 6, 7, 14, 17, 0.81, 0.76, 6, 60000, '2014-07-16 04:28:27'),
(3890, 2, 9, 3, 4, 4, 0.67, 0.06, 8, 0, '2014-07-16 04:28:27'),
(3891, 2, 9, 4, 20, 4, 0.75, 0.43, 4, 0, '2014-07-16 04:28:27'),
(3892, 1, 7, 1, 7, 15, 0.13, 0.69, 8, 224000, '2014-07-16 04:28:27'),
(3893, 2, 9, 4, 3, 4, 0.31, 0.43, 1, 15000, '2014-07-16 04:28:27'),
(3895, 2, 9, 3, 3, 4, 0.44, 0.06, 2, 30000, '2014-07-16 04:28:27'),
(3897, 2, 9, 4, 3, 4, 0.35, 0, 5, 75000, '2014-07-16 04:28:27'),
(3898, 2, 9, 4, 20, 4, 0.31, 0.95, 1, 0, '2014-07-16 04:28:27'),
(3899, 1, 11, 7, 3, 11, 0.86, 0.31, 6, 240000, '2014-07-16 04:28:27'),
(3900, 1, 10, 2, 6, 10, 0.71, 0.35, 9, 144000, '2014-07-16 04:28:27'),
(3901, 2, 9, 4, 20, 4, 0.85, 0.57, 6, 0, '2014-07-16 04:28:27'),
(3902, 1, 6, 7, 9, 19, 0.7, 0.48, 3, 99000, '2014-07-16 04:28:27'),
(3903, 2, 9, 3, 20, 4, 0.64, 0.59, 2, 0, '2014-07-16 04:28:27'),
(3904, 2, 9, 3, 4, 4, 0.78, 0.53, 3, 0, '2014-07-16 04:28:27'),
(3906, 2, 9, 3, 4, 4, 0.51, 0.63, 4, 0, '2014-07-16 04:28:27'),
(3907, 2, 9, 3, 3, 4, 0.02, 0.04, 2, 30000, '2014-07-16 04:28:27'),
(3908, 2, 9, 4, 4, 4, 0.3, 0.68, 4, 0, '2014-07-16 04:28:27'),
(3909, 2, 9, 4, 3, 4, 0.26, 0.5, 7, 105000, '2014-07-16 04:28:27'),
(3910, 1, 5, 1, 1, 4, 0.65, 0.4, 9, 360000, '2014-07-16 04:28:27'),
(3911, 2, 9, 4, 20, 4, 0.78, 0.31, 8, 0, '2014-07-16 04:28:27'),
(3912, 1, 1, 1, 9, 15, 0.78, 0.8, 1, 19000, '2014-07-16 04:28:27'),
(3913, 2, 9, 4, 3, 4, 0.47, 0.56, 4, 60000, '2014-07-16 04:28:27'),
(3915, 2, 9, 3, 4, 4, 0.35, 0.15, 7, 0, '2014-07-16 04:28:27'),
(3916, 1, 3, 1, 15, 18, 0.95, 0.89, 10, 110000, '2014-07-16 04:28:27'),
(3917, 2, 9, 4, 3, 4, 0.4, 0.13, 4, 60000, '2014-07-16 04:28:27'),
(3918, 2, 9, 3, 20, 4, 0.28, 0.05, 9, 0, '2014-07-16 04:28:27'),
(3919, 2, 9, 3, 20, 4, 0.43, 0.97, 9, 0, '2014-07-16 04:28:27'),
(3920, 2, 9, 4, 3, 4, 0.58, 0.63, 8, 120000, '2014-07-16 04:28:27'),
(3922, 1, 5, 1, 9, 19, 0.14, 0.31, 8, 264000, '2014-07-16 04:28:27'),
(3923, 1, 6, 1, 13, 16, 1, 0.56, 8, 104000, '2014-07-16 04:28:27'),
(3925, 2, 9, 3, 4, 4, 0.16, 0.27, 6, 0, '2014-07-16 04:28:27'),
(3926, 2, 9, 3, 4, 4, 0.31, 0.19, 8, 0, '2014-07-16 04:28:27'),
(3927, 2, 9, 3, 3, 4, 0.99, 0.65, 4, 60000, '2014-07-16 04:28:27'),
(3929, 1, 4, 1, 6, 15, 0.37, 0.85, 3, 90000, '2014-07-16 04:28:27'),
(3930, 2, 9, 4, 20, 4, 0.9, 0.98, 1, 0, '2014-07-16 04:28:27'),
(3931, 1, 4, 8, 6, 13, 0.65, 0.66, 7, 154000, '2014-07-16 04:28:27'),
(3932, 2, 9, 4, 3, 4, 0.05, 0.57, 7, 105000, '2014-07-16 04:28:27'),
(3933, 1, 6, 8, 18, 2, 0.8, 0.19, 8, 0, '2014-07-16 04:28:27'),
(3934, 2, 9, 4, 3, 4, 0.98, 0.87, 10, 150000, '2014-07-16 04:28:27'),
(3935, 1, 10, 2, 15, 19, 0.89, 0.43, 3, 42000, '2014-07-16 04:28:27'),
(3936, 1, 2, 1, 12, 16, 0.71, 0.28, 7, 105000, '2014-07-16 04:28:27'),
(3938, 2, 9, 3, 4, 4, 0.34, 0.37, 6, 0, '2014-07-16 04:28:27'),
(3939, 1, 6, 2, 14, 18, 0.73, 0.99, 6, 84000, '2014-07-16 04:28:27'),
(3940, 2, 9, 3, 20, 4, 0.46, 0.69, 2, 0, '2014-07-16 04:28:27'),
(3941, 2, 9, 4, 3, 4, 0.75, 0.4, 8, 120000, '2014-07-16 04:28:27'),
(3942, 2, 9, 3, 20, 4, 0.59, 0.55, 5, 0, '2014-07-16 04:28:27'),
(3943, 1, 10, 1, 13, 18, 0.14, 0.22, 5, 95000, '2014-07-16 04:28:27'),
(3945, 1, 10, 2, 10, 17, 0.68, 0.3, 6, 126000, '2014-07-16 04:28:27'),
(3946, 2, 9, 4, 3, 4, 0.09, 0.23, 4, 60000, '2014-07-16 04:28:27'),
(3947, 2, 9, 4, 4, 4, 0.22, 0.98, 9, 0, '2014-07-16 04:28:27'),
(3948, 2, 9, 4, 4, 4, 0.18, 0.04, 2, 0, '2014-07-16 04:28:27'),
(3949, 1, 3, 7, 13, 16, 0.01, 0.19, 6, 78000, '2014-07-16 04:28:27'),
(3950, 2, 9, 3, 4, 4, 0.59, 0.96, 8, 0, '2014-07-16 04:28:27'),
(3951, 2, 9, 3, 4, 4, 0.27, 0.33, 9, 0, '2014-07-16 04:28:27'),
(3952, 2, 9, 3, 4, 4, 0.35, 0.6, 5, 0, '2014-07-16 04:28:27'),
(3953, 2, 9, 3, 3, 4, 0.35, 0.24, 9, 135000, '2014-07-16 04:28:27'),
(3955, 1, 1, 7, 12, 16, 0.02, 0.43, 1, 15000, '2014-07-16 04:28:27'),
(3958, 1, 1, 7, 9, 17, 0.39, 0.65, 1, 26000, '2014-07-16 04:28:27'),
(3960, 2, 9, 3, 3, 4, 0.47, 0.66, 6, 90000, '2014-07-16 04:28:27'),
(3961, 2, 9, 3, 4, 4, 0.89, 0.18, 1, 0, '2014-07-16 04:28:27'),
(3962, 2, 9, 4, 4, 4, 0.17, 0.62, 7, 0, '2014-07-16 04:28:27'),
(3963, 2, 9, 3, 3, 4, 0, 0.54, 2, 30000, '2014-07-16 04:28:27'),
(3964, 1, 10, 1, 7, 13, 0.75, 0.97, 1, 20000, '2014-07-16 04:28:27'),
(3965, 2, 9, 4, 4, 4, 0.71, 0.64, 2, 0, '2014-07-16 04:28:27'),
(3966, 2, 9, 4, 3, 4, 0.34, 0.46, 9, 135000, '2014-07-16 04:28:27'),
(3967, 2, 9, 4, 3, 4, 0.28, 0.15, 10, 150000, '2014-07-16 04:28:27'),
(3968, 1, 3, 2, 9, 20, 0.25, 0.56, 9, 297000, '2014-07-16 04:28:27'),
(3969, 2, 9, 3, 4, 4, 0.05, 0.81, 4, 0, '2014-07-16 04:28:27'),
(3970, 1, 5, 2, 10, 20, 0.65, 0.37, 5, 140000, '2014-07-16 04:28:27'),
(3972, 2, 9, 3, 3, 4, 0.58, 0.68, 2, 30000, '2014-07-16 04:28:27'),
(3973, 2, 9, 4, 4, 4, 0.64, 0.83, 4, 0, '2014-07-16 04:28:27'),
(3974, 1, 1, 8, 1, 15, 0.25, 0.55, 1, 77000, '2014-07-16 04:28:27'),
(3975, 1, 1, 2, 15, 19, 0.35, 0.34, 6, 84000, '2014-07-16 04:28:27'),
(3976, 2, 9, 3, 4, 4, 0.06, 0.57, 6, 0, '2014-07-16 04:28:27'),
(3977, 1, 4, 1, 6, 9, 0.89, 0.66, 3, 33000, '2014-07-16 04:28:27'),
(3978, 2, 9, 3, 4, 4, 0.83, 0.64, 2, 0, '2014-07-16 04:28:27'),
(3979, 2, 9, 4, 4, 4, 0.3, 0.02, 10, 0, '2014-07-16 04:28:27'),
(3980, 2, 9, 3, 4, 4, 0.96, 0.17, 7, 0, '2014-07-16 04:28:27'),
(3981, 1, 3, 8, 8, 12, 0.62, 0.65, 1, 15000, '2014-07-16 04:28:27'),
(3983, 1, 1, 1, 7, 14, 0.15, 0.32, 1, 25000, '2014-07-16 04:28:27'),
(3984, 2, 9, 4, 20, 4, 0.81, 0.7, 1, 0, '2014-07-16 04:28:27'),
(3987, 2, 9, 3, 20, 4, 0.72, 0.06, 3, 0, '2014-07-16 04:28:27'),
(3988, 1, 7, 2, 2, 13, 0, 0.12, 6, 348000, '2014-07-16 04:28:27'),
(3989, 2, 9, 4, 3, 4, 0.88, 0.36, 8, 120000, '2014-07-16 04:28:27'),
(3990, 2, 9, 4, 4, 4, 0.95, 0.65, 9, 0, '2014-07-16 04:28:27'),
(3991, 1, 1, 8, 4, 17, 0.95, 0.44, 2, 88000, '2014-07-16 04:28:27'),
(3992, 2, 9, 3, 20, 4, 0.39, 0.71, 5, 0, '2014-07-16 04:28:27'),
(3993, 2, 9, 3, 4, 4, 0.7, 0.37, 9, 0, '2014-07-16 04:28:27'),
(3996, 2, 9, 3, 4, 4, 0.91, 0.88, 8, 0, '2014-07-16 04:28:27'),
(3998, 2, 9, 3, 4, 4, 0.61, 0.87, 3, 0, '2014-07-16 04:28:27'),
(3999, 1, 4, 2, 9, 15, 0.37, 0.5, 1, 19000, '2014-07-16 04:28:27'),
(4000, 2, 9, 4, 4, 4, 0.38, 0.35, 10, 0, '2014-07-16 04:28:27'),
(4001, 2, 9, 3, 4, 4, 0.99, 0.86, 3, 0, '2014-07-16 04:28:27'),
(4002, 2, 9, 4, 20, 4, 0.67, 0.34, 6, 0, '2014-07-16 04:28:27'),
(4003, 1, 6, 1, 8, 20, 0.52, 0.45, 8, 312000, '2014-07-16 04:28:27'),
(4004, 1, 11, 2, 15, 19, 0.67, 0.74, 10, 140000, '2014-07-16 04:28:27'),
(4006, 1, 1, 2, 13, 19, 0.57, 0.27, 8, 176000, '2014-07-16 04:28:27'),
(4007, 1, 3, 2, 2, 18, 0.65, 0.84, 1, 77000, '2014-07-16 04:28:27'),
(4008, 2, 9, 4, 3, 4, 0.59, 0.87, 3, 45000, '2014-07-16 04:28:27'),
(4009, 2, 9, 3, 20, 4, 0.56, 0.2, 8, 0, '2014-07-16 04:28:27'),
(4010, 2, 9, 3, 4, 4, 0.75, 0.18, 2, 0, '2014-07-16 04:28:27'),
(4011, 1, 4, 2, 16, 19, 0.07, 0.89, 7, 63000, '2014-07-16 04:28:27'),
(4013, 2, 9, 3, 20, 4, 0.41, 0.07, 8, 0, '2014-07-16 04:28:27'),
(4014, 2, 9, 3, 3, 4, 0.35, 0.98, 4, 60000, '2014-07-16 04:28:27'),
(4015, 2, 9, 3, 3, 4, 0.08, 0.38, 6, 90000, '2014-07-16 04:28:27'),
(4016, 2, 9, 4, 20, 4, 0.9, 0.32, 1, 0, '2014-07-16 04:28:27'),
(4019, 2, 9, 3, 20, 4, 0.87, 0.6, 8, 0, '2014-07-16 04:28:27'),
(4020, 2, 9, 4, 20, 4, 0.28, 0.29, 6, 0, '2014-07-16 04:28:27'),
(4021, 2, 9, 3, 3, 4, 0.67, 0.51, 3, 45000, '2014-07-16 04:28:27'),
(4027, 2, 9, 4, 20, 4, 0.52, 0.39, 4, 0, '2014-07-16 04:28:27'),
(4028, 1, 7, 7, 8, 14, 0.63, 0.36, 8, 176000, '2014-07-16 04:28:27'),
(4029, 2, 9, 3, 4, 4, 0.98, 0.64, 5, 0, '2014-07-16 04:28:27'),
(4031, 2, 9, 4, 3, 4, 0.91, 0.24, 9, 135000, '2014-07-16 04:28:27'),
(4032, 2, 9, 3, 20, 4, 0.66, 0.78, 4, 0, '2014-07-16 04:28:27'),
(4033, 2, 9, 4, 3, 4, 0.53, 0.34, 3, 45000, '2014-07-16 04:28:27'),
(4034, 2, 9, 4, 3, 4, 0.31, 0.24, 5, 75000, '2014-07-16 04:28:27'),
(4035, 1, 7, 2, 16, 20, 0.54, 0.7, 4, 36000, '2014-07-16 04:28:27'),
(4036, 2, 9, 3, 20, 4, 0.15, 0.47, 4, 0, '2014-07-16 04:28:27'),
(4037, 1, 4, 2, 4, 19, 0.56, 0.41, 5, 255000, '2014-07-16 04:28:27'),
(4039, 1, 6, 8, 2, 8, 0.56, 0.41, 8, 328000, '2014-07-16 04:28:27'),
(4040, 2, 9, 4, 20, 4, 0.28, 0.58, 2, 0, '2014-07-16 04:28:27'),
(4041, 2, 9, 3, 4, 4, 0.69, 1, 8, 0, '2014-07-16 04:28:27'),
(4043, 2, 9, 4, 3, 4, 0.96, 0.57, 8, 120000, '2014-07-16 04:28:27'),
(4044, 2, 9, 3, 3, 4, 0.61, 0.78, 4, 60000, '2014-07-16 04:28:27'),
(4045, 1, 1, 8, 15, 20, 0.86, 0.48, 9, 126000, '2014-07-16 04:28:27'),
(4047, 1, 3, 7, 6, 12, 0.27, 0.1, 1, 20000, '2014-07-16 04:28:27'),
(4048, 2, 9, 4, 20, 4, 0.46, 0.63, 2, 0, '2014-07-16 04:28:27'),
(4049, 2, 9, 4, 20, 4, 0.43, 0.12, 7, 0, '2014-07-16 04:28:27'),
(4050, 2, 9, 4, 3, 4, 0.69, 0.55, 3, 45000, '2014-07-16 04:28:27'),
(4052, 2, 9, 3, 4, 4, 0.12, 0.72, 10, 0, '2014-07-16 04:28:27'),
(4053, 2, 9, 3, 3, 4, 0.4, 0.56, 7, 105000, '2014-07-16 04:28:27'),
(4056, 2, 9, 3, 20, 4, 0.88, 0.19, 2, 0, '2014-07-16 04:28:27'),
(4057, 2, 9, 3, 4, 4, 0.62, 0.31, 1, 0, '2014-07-16 04:28:27'),
(4058, 1, 7, 2, 5, 16, 0.9, 0.42, 9, 342000, '2014-07-16 04:28:27'),
(4060, 2, 9, 4, 4, 4, 0.82, 0.46, 1, 0, '2014-07-16 04:28:27'),
(4061, 1, 5, 7, 3, 8, 1, 0.14, 3, 81000, '2014-07-16 04:28:27'),
(4062, 2, 9, 3, 4, 4, 0.9, 0.2, 4, 0, '2014-07-16 04:28:27'),
(4063, 2, 9, 3, 4, 4, 0.67, 0.86, 1, 0, '2014-07-16 04:28:27'),
(4065, 1, 5, 7, 10, 16, 0.86, 0.78, 2, 38000, '2014-07-16 04:28:27'),
(4067, 2, 9, 3, 3, 4, 0.24, 0.8, 3, 45000, '2014-07-16 04:28:27'),
(4068, 2, 9, 3, 20, 4, 0.82, 0.59, 5, 0, '2014-07-16 04:28:27'),
(4069, 1, 3, 1, 15, 18, 0.82, 0.99, 5, 55000, '2014-07-16 04:28:27'),
(4070, 1, 5, 1, 4, 10, 0.21, 0.15, 8, 184000, '2014-07-16 04:28:27'),
(4071, 2, 9, 4, 4, 4, 0.3, 0.71, 5, 0, '2014-07-16 04:28:27'),
(4072, 2, 9, 4, 4, 4, 0.08, 0.11, 9, 0, '2014-07-16 04:28:27'),
(4074, 1, 2, 2, 8, 14, 0.4, 0.16, 9, 198000, '2014-07-16 04:28:27'),
(4075, 2, 9, 3, 3, 4, 0.02, 0.19, 5, 75000, '2014-07-16 04:28:27'),
(4076, 2, 9, 3, 20, 4, 0.21, 0.09, 2, 0, '2014-07-16 04:28:27'),
(4077, 1, 7, 7, 7, 13, 0.68, 0.37, 5, 100000, '2014-07-16 04:28:27'),
(4078, 2, 9, 4, 20, 4, 0.99, 0.01, 10, 0, '2014-07-16 04:28:27'),
(4079, 2, 9, 4, 4, 4, 0.86, 0.08, 2, 0, '2014-07-16 04:28:27'),
(4080, 2, 9, 3, 4, 4, 0.47, 0.5, 8, 0, '2014-07-16 04:28:27'),
(4081, 1, 2, 1, 9, 19, 0.46, 0.92, 7, 231000, '2014-07-16 04:28:27'),
(4082, 1, 7, 8, 3, 16, 0.88, 0.08, 4, 228000, '2014-07-16 04:28:27'),
(4083, 1, 7, 8, 11, 18, 0.05, 0.7, 2, 46000, '2014-07-16 04:28:27'),
(4085, 1, 5, 2, 2, 19, 0.12, 0.76, 1, 80000, '2014-07-16 04:28:27'),
(4086, 2, 9, 3, 4, 4, 0.22, 0.95, 8, 0, '2014-07-16 04:28:27'),
(4087, 2, 9, 3, 4, 4, 1, 0.74, 2, 0, '2014-07-16 04:28:27'),
(4088, 1, 3, 7, 11, 15, 0.2, 0.32, 5, 60000, '2014-07-16 04:28:27'),
(4089, 2, 9, 4, 4, 4, 0.26, 0.64, 6, 0, '2014-07-16 04:28:27'),
(4090, 2, 9, 3, 4, 4, 0.03, 0.08, 10, 0, '2014-07-16 04:28:27'),
(4091, 2, 9, 4, 3, 4, 0.3, 0.1, 5, 75000, '2014-07-16 04:28:27'),
(4092, 2, 9, 3, 3, 4, 0.36, 0.2, 9, 135000, '2014-07-16 04:28:27'),
(4093, 2, 9, 3, 4, 4, 0.04, 0.04, 9, 0, '2014-07-16 04:28:27'),
(4094, 2, 9, 3, 3, 4, 0.31, 0.82, 2, 30000, '2014-07-16 04:28:27'),
(4095, 2, 9, 3, 20, 4, 0.11, 0.5, 3, 0, '2014-07-16 04:28:27'),
(4096, 1, 5, 8, 3, 19, 0.19, 0.97, 8, 528000, '2014-07-16 04:28:27'),
(4097, 2, 9, 3, 3, 4, 0.35, 0.71, 3, 45000, '2014-07-16 04:28:27'),
(4098, 1, 11, 1, 12, 16, 0.91, 0.78, 10, 150000, '2014-07-16 04:28:27'),
(4099, 1, 10, 1, 18, 2, 0.5, 0.18, 10, 0, '2014-07-16 04:28:27'),
(4100, 1, 2, 1, 17, 20, 0.06, 0.7, 3, 21000, '2014-07-16 04:28:27'),
(4101, 1, 1, 1, 16, 19, 0.84, 0.12, 9, 81000, '2014-07-16 04:28:27'),
(4102, 2, 9, 4, 20, 4, 0.29, 0.96, 5, 0, '2014-07-16 04:28:27'),
(4104, 2, 9, 3, 20, 4, 0.1, 0.34, 6, 0, '2014-07-16 04:28:27'),
(98274, 1, 6, 3, 45, 46, 111.03, -6.74, 1, 4000, '2014-07-16 10:46:22'),
(98275, 1, 10, 7, 3, 14, 0.38, 0.69, 10, 490000, '2014-01-09 08:06:36'),
(98276, 2, 9, 4, 4, 4, 0.53, 0.6, 9, 0, '2014-05-04 06:21:55'),
(98277, 2, 9, 4, 4, 4, 0.76, 0.77, 1, 0, '2014-05-28 18:49:08'),
(98278, 1, 3, 8, 10, 16, 0.38, 0.5, 10, 190000, '2013-12-29 23:12:55'),
(98279, 1, 5, 1, 10, 13, 0.2, 0.48, 8, 48000, '2014-03-23 00:17:58'),
(98280, 1, 3, 8, 6, 12, 0.06, 0.51, 1, 20000, '2014-05-28 02:41:34'),
(98281, 1, 10, 1, 18, 2, 0.42, 0.83, 8, 0, '2014-06-05 11:45:35'),
(98282, 1, 3, 8, 5, 17, 0.24, 0.42, 3, 120000, '2014-02-24 02:31:31'),
(98283, 2, 9, 3, 20, 4, 0.29, 0.98, 3, 0, '2014-04-21 21:40:08'),
(98284, 1, 7, 7, 15, 18, 0.53, 0.95, 2, 22000, '2014-05-22 19:48:28'),
(98285, 1, 11, 2, 4, 8, 0.72, 0.95, 5, 60000, '2014-03-23 16:05:06'),
(98286, 1, 10, 7, 10, 16, 0.45, 0.57, 6, 114000, '2014-03-19 10:28:53'),
(98287, 2, 9, 4, 4, 4, 0.48, 0.1, 4, 0, '2014-04-24 17:00:41'),
(98288, 2, 9, 4, 4, 4, 0.65, 0.86, 9, 0, '2014-05-31 08:54:13'),
(98289, 2, 9, 3, 20, 4, 0.02, 0.76, 6, 0, '2014-03-28 10:12:38'),
(98290, 1, 1, 1, 12, 20, 0.56, 0.35, 5, 120000, '2014-01-13 06:21:19'),
(98291, 2, 9, 4, 4, 4, 0.86, 0.15, 6, 0, '2014-04-11 19:45:50'),
(98292, 2, 9, 3, 4, 4, 0.23, 0.78, 1, 0, '2014-02-05 07:10:41'),
(98293, 2, 9, 4, 20, 4, 0.85, 0.3, 7, 0, '2014-06-02 18:22:36'),
(98294, 2, 9, 3, 3, 4, 0.72, 0.51, 3, 45000, '2014-06-18 07:44:46'),
(98295, 1, 4, 2, 17, 20, 0.8, 0.33, 8, 56000, '2014-05-28 04:56:36'),
(98296, 2, 9, 4, 3, 4, 0.54, 0.56, 7, 105000, '2014-04-02 20:43:07'),
(98297, 1, 11, 1, 4, 17, 0.06, 0.41, 8, 352000, '2014-06-13 18:31:44'),
(98298, 1, 3, 1, 18, 2, 0.44, 0.39, 6, 0, '2014-04-24 16:56:30'),
(98299, 1, 10, 2, 18, 2, 0.9, 0.74, 3, 0, '2014-02-02 13:01:07'),
(98300, 1, 10, 8, 15, 18, 0.74, 0.9, 5, 55000, '2014-04-01 09:59:06'),
(98301, 2, 9, 3, 3, 4, 0.52, 0.88, 10, 150000, '2014-01-17 22:07:08'),
(98302, 1, 4, 7, 17, 20, 0.56, 0.29, 5, 35000, '2014-07-16 01:31:49'),
(98303, 1, 2, 1, 8, 15, 0.04, 0.24, 3, 75000, '2014-02-09 10:02:55'),
(98304, 2, 9, 4, 4, 4, 0.5, 0.74, 10, 0, '2014-03-22 07:41:39'),
(98305, 1, 10, 2, 8, 12, 0.73, 0.1, 1, 15000, '2014-02-07 19:37:56'),
(98306, 2, 9, 4, 3, 4, 0.96, 0.91, 10, 150000, '2014-03-21 05:06:29'),
(98307, 2, 9, 4, 20, 4, 0.91, 0.89, 7, 0, '2013-12-26 06:21:27'),
(98308, 1, 3, 8, 10, 16, 0.38, 0.5, 10, 190000, '2013-12-29 23:12:55'),
(98309, 1, 5, 1, 10, 13, 0.2, 0.48, 8, 48000, '2014-03-23 00:17:58'),
(98310, 1, 3, 8, 6, 12, 0.06, 0.51, 1, 20000, '2014-05-28 02:41:34'),
(98311, 1, 10, 1, 18, 2, 0.42, 0.83, 8, 0, '2014-06-05 11:45:35'),
(98312, 1, 3, 8, 5, 17, 0.24, 0.42, 3, 120000, '2014-02-24 02:31:31'),
(98313, 2, 9, 3, 20, 4, 0.29, 0.98, 3, 0, '2014-04-21 21:40:08'),
(98314, 1, 7, 7, 15, 18, 0.53, 0.95, 2, 22000, '2014-05-22 19:48:28'),
(98315, 1, 11, 2, 4, 8, 0.72, 0.95, 5, 60000, '2014-03-23 16:05:06'),
(98316, 1, 10, 7, 10, 16, 0.45, 0.57, 6, 114000, '2014-03-19 10:28:53'),
(98317, 2, 9, 4, 4, 4, 0.48, 0.1, 4, 0, '2014-04-24 17:00:41'),
(98318, 2, 9, 4, 4, 4, 0.65, 0.86, 9, 0, '2014-05-31 08:54:13'),
(98319, 2, 9, 3, 20, 4, 0.02, 0.76, 6, 0, '2014-03-28 10:12:38'),
(98320, 1, 1, 1, 12, 20, 0.56, 0.35, 5, 120000, '2014-01-13 06:21:19'),
(98321, 2, 9, 4, 4, 4, 0.86, 0.15, 6, 0, '2014-04-11 19:45:50'),
(98322, 2, 9, 3, 4, 4, 0.23, 0.78, 1, 0, '2014-02-05 07:10:41'),
(98323, 2, 9, 4, 20, 4, 0.85, 0.3, 7, 0, '2014-06-02 18:22:36'),
(98324, 2, 9, 3, 3, 4, 0.72, 0.51, 3, 45000, '2014-06-18 07:44:46'),
(98325, 1, 4, 2, 17, 20, 0.8, 0.33, 8, 56000, '2014-05-28 04:56:36'),
(98326, 2, 9, 4, 3, 4, 0.54, 0.56, 7, 105000, '2014-04-02 20:43:07'),
(98327, 1, 11, 1, 4, 17, 0.06, 0.41, 8, 352000, '2014-06-13 18:31:44'),
(98328, 1, 10, 2, 1, 8, 0.03, 0.71, 7, 364000, '2014-02-16 13:45:18'),
(98329, 1, 7, 2, 8, 13, 0.76, 0.07, 6, 102000, '2014-03-29 15:22:59'),
(98330, 1, 5, 2, 15, 18, 0.65, 0.77, 9, 99000, '2014-07-04 18:58:54'),
(98331, 2, 9, 3, 3, 4, 0.98, 0.98, 3, 45000, '2014-02-05 19:19:57'),
(98332, 1, 11, 8, 6, 20, 0.6, 0.79, 4, 176000, '2014-06-16 04:25:58'),
(98333, 2, 9, 3, 20, 4, 0.94, 0.42, 7, 0, '2014-02-09 03:15:03'),
(98334, 1, 4, 1, 1, 5, 0.01, 0.11, 9, 396000, '2014-01-30 00:02:15'),
(98335, 1, 10, 2, 6, 18, 0.35, 0.17, 1, 41000, '2014-02-12 22:09:34'),
(98336, 2, 9, 4, 4, 4, 0.01, 0.06, 5, 0, '2014-06-07 14:00:27'),
(98337, 2, 9, 3, 20, 4, 0.85, 0.37, 10, 0, '2014-07-05 14:48:05'),
(98338, 1, 1, 8, 11, 15, 0.55, 0.02, 5, 60000, '2014-02-26 08:12:15'),
(98339, 1, 6, 2, 12, 17, 0.3, 0.25, 1, 17000, '2014-05-21 14:31:17'),
(98340, 1, 1, 1, 2, 6, 0.09, 0.53, 4, 144000, '2013-12-27 08:01:38'),
(98341, 1, 7, 1, 6, 10, 0.09, 0.09, 8, 128000, '2014-02-07 19:36:33'),
(98342, 2, 9, 4, 3, 4, 0.39, 0.41, 8, 120000, '2014-06-04 20:15:35'),
(98343, 2, 9, 4, 4, 4, 0.95, 0.66, 4, 0, '2013-12-26 13:12:02'),
(98344, 2, 9, 3, 3, 4, 0.12, 0.82, 6, 90000, '2014-02-02 14:54:24'),
(98345, 2, 9, 4, 20, 4, 0.65, 0.9, 3, 0, '2014-05-22 08:31:17'),
(98346, 1, 7, 2, 2, 11, 0.47, 0.94, 9, 486000, '2014-05-17 22:33:53'),
(98347, 2, 9, 3, 3, 4, 0.93, 0.33, 1, 15000, '2014-01-21 08:46:16'),
(98348, 1, 11, 7, 13, 20, 0.41, 0.6, 10, 220000, '2014-05-18 18:11:46'),
(98349, 1, 10, 1, 18, 2, 0.71, 0.47, 3, 0, '2014-01-09 16:33:24'),
(98350, 2, 9, 4, 4, 4, 0.49, 0.71, 10, 0, '2014-05-24 20:23:02'),
(98351, 2, 9, 4, 3, 4, 0.71, 0.55, 5, 75000, '2014-04-04 01:56:02'),
(98352, 2, 9, 3, 3, 4, 0.34, 0.7, 3, 45000, '2014-03-29 12:06:41'),
(98353, 1, 7, 7, 10, 18, 0.9, 0.49, 4, 100000, '2014-07-04 21:36:29'),
(98354, 2, 9, 4, 3, 4, 0.25, 0.55, 6, 90000, '2013-12-19 05:34:59'),
(98355, 1, 1, 2, 14, 17, 0.49, 0.25, 8, 80000, '2014-06-01 09:19:55'),
(98356, 2, 9, 3, 20, 4, 0.84, 0.8, 4, 0, '2014-04-07 11:10:28'),
(98357, 2, 9, 4, 4, 4, 0.95, 0.57, 6, 0, '2014-05-01 20:54:56'),
(98358, 2, 9, 3, 3, 4, 0.2, 0.28, 2, 30000, '2014-01-30 22:47:36'),
(98359, 2, 9, 4, 4, 4, 0.32, 0.64, 1, 0, '2014-01-13 05:49:12'),
(98360, 1, 10, 2, 1, 12, 0.28, 0.89, 2, 134000, '2014-01-01 08:46:53'),
(98361, 2, 9, 4, 4, 4, 0.68, 0.62, 4, 0, '2013-12-19 22:45:05'),
(98362, 2, 9, 3, 20, 4, 0.5, 0.95, 1, 0, '2014-03-23 06:47:10'),
(98363, 1, 6, 2, 8, 12, 0.33, 0.86, 2, 30000, '2014-06-16 11:08:38'),
(98364, 1, 1, 1, 4, 18, 0.76, 0.81, 4, 192000, '2014-02-21 19:55:51'),
(98365, 1, 11, 7, 10, 18, 0.37, 0.64, 8, 200000, '2014-06-08 15:03:54'),
(98366, 1, 7, 8, 11, 20, 0.49, 0.08, 4, 104000, '2014-04-25 10:43:09'),
(98367, 1, 3, 7, 5, 13, 0.76, 0.3, 7, 175000, '2014-04-21 08:12:41'),
(98368, 1, 4, 8, 7, 19, 0.84, 0.08, 5, 210000, '2014-04-18 13:20:10'),
(98369, 1, 1, 2, 6, 11, 0.08, 0.11, 8, 144000, '2014-01-02 00:31:53'),
(98370, 2, 9, 3, 20, 4, 0.73, 0.96, 6, 0, '2014-01-11 02:52:46'),
(98371, 2, 9, 4, 20, 4, 0.14, 0.21, 3, 0, '2013-12-26 07:05:10'),
(98372, 1, 4, 2, 12, 19, 0.49, 0.99, 1, 24000, '2014-05-06 17:22:34'),
(98373, 1, 2, 2, 3, 18, 0.27, 0.62, 1, 63000, '2014-04-06 18:49:34'),
(98374, 1, 11, 1, 9, 18, 0.89, 0.19, 10, 300000, '2014-05-28 04:58:28'),
(98375, 1, 2, 1, 7, 12, 0.38, 0.84, 9, 162000, '2014-01-25 00:55:38'),
(98376, 1, 10, 2, 18, 2, 0.47, 0.42, 1, 0, '2014-02-12 22:51:54'),
(98377, 2, 9, 3, 20, 4, 0.27, 0.27, 6, 0, '2014-07-07 08:34:49'),
(98378, 1, 7, 8, 17, 20, 0.16, 0.96, 5, 35000, '2014-03-14 04:29:20'),
(98379, 1, 3, 2, 10, 17, 0.16, 0.79, 6, 126000, '2014-01-06 06:49:47'),
(98380, 1, 11, 1, 10, 18, 0.88, 0.84, 9, 225000, '2014-06-29 06:49:50'),
(98381, 1, 2, 2, 2, 9, 0.13, 0.01, 3, 141000, '2014-01-21 02:13:26'),
(98382, 1, 2, 7, 11, 17, 0.83, 0.89, 1, 19000, '2014-03-10 22:41:56'),
(98383, 1, 10, 8, 3, 7, 0.95, 0.32, 7, 168000, '2014-04-27 09:57:42'),
(98384, 1, 5, 7, 3, 14, 0.67, 0.55, 7, 343000, '2014-07-11 20:17:37'),
(98385, 2, 9, 3, 3, 4, 0.39, 0.43, 5, 75000, '2014-06-24 17:42:23'),
(98386, 1, 3, 8, 12, 17, 0.75, 0.62, 5, 85000, '2014-06-12 00:33:08'),
(98387, 2, 9, 3, 20, 4, 0.93, 0.7, 2, 0, '2014-03-29 21:14:35'),
(98388, 1, 6, 1, 7, 13, 0.76, 0.56, 2, 40000, '2014-04-15 17:58:30'),
(98389, 2, 9, 4, 3, 4, 0.26, 0.78, 6, 90000, '2014-04-20 18:39:53'),
(98390, 2, 9, 3, 4, 4, 0.87, 0.83, 10, 0, '2014-06-17 22:55:25'),
(98391, 2, 9, 4, 20, 4, 0.65, 0.35, 4, 0, '2014-07-14 06:52:08'),
(98392, 1, 11, 1, 13, 20, 0.81, 0.65, 7, 154000, '2014-05-11 08:21:30'),
(98393, 2, 9, 3, 4, 4, 0.38, 0.56, 4, 0, '2014-01-06 05:03:30'),
(98394, 1, 2, 1, 6, 20, 0.62, 0.28, 2, 88000, '2014-04-22 14:08:56'),
(98395, 2, 9, 4, 3, 4, 0.83, 0.1, 4, 60000, '2014-05-06 15:35:50'),
(98396, 2, 9, 3, 4, 4, 0.81, 0.83, 4, 0, '2014-05-31 18:22:11'),
(98397, 1, 11, 1, 6, 13, 0.3, 0.3, 7, 154000, '2014-02-03 10:28:12'),
(98398, 2, 9, 3, 4, 4, 0.93, 0.46, 8, 0, '2014-04-12 01:48:01'),
(98399, 1, 10, 8, 18, 2, 0.81, 0.3, 4, 0, '2014-05-04 19:51:40'),
(98400, 1, 2, 1, 17, 20, 0.92, 0.02, 8, 56000, '2014-02-10 12:20:25'),
(98401, 1, 1, 8, 10, 20, 0.84, 0.96, 5, 140000, '2014-05-11 18:25:34'),
(98402, 2, 9, 3, 4, 4, 0.34, 0.28, 2, 0, '2014-01-12 19:25:20'),
(98403, 1, 5, 7, 14, 19, 0.73, 0.75, 5, 85000, '2014-01-16 10:23:23'),
(98404, 2, 9, 4, 3, 4, 0.88, 0.84, 4, 60000, '2014-06-08 09:57:36'),
(98405, 2, 9, 3, 4, 4, 0.2, 0.83, 7, 0, '2014-03-14 11:03:21'),
(98406, 1, 10, 7, 6, 20, 0.03, 0.82, 8, 352000, '2014-04-21 22:10:37'),
(98407, 2, 9, 3, 3, 4, 0.52, 0.55, 1, 15000, '2014-02-22 16:26:27'),
(98408, 1, 11, 7, 5, 15, 0.98, 0.54, 10, 330000, '2014-01-19 05:19:44'),
(98409, 2, 9, 4, 20, 4, 0.65, 0.74, 3, 0, '2014-04-25 04:41:32'),
(98410, 2, 9, 3, 4, 4, 0.78, 0.42, 3, 0, '2014-06-24 12:08:40'),
(98411, 2, 9, 4, 20, 4, 0.84, 0.94, 6, 0, '2014-03-13 02:43:55'),
(98412, 2, 9, 3, 20, 4, 0.1, 0.84, 10, 0, '2013-12-25 14:19:54'),
(98413, 1, 7, 2, 2, 12, 0.32, 0.41, 9, 504000, '2014-06-29 23:10:38'),
(98414, 1, 3, 1, 2, 8, 0.05, 0.03, 5, 205000, '2014-02-23 12:17:37'),
(98415, 2, 9, 4, 20, 4, 0.92, 0.63, 4, 0, '2014-05-18 21:07:30'),
(98416, 2, 9, 4, 3, 4, 0.4, 0.05, 8, 120000, '2014-06-20 15:30:01'),
(98417, 1, 2, 7, 6, 13, 0.98, 0.52, 5, 110000, '2014-01-22 14:05:18'),
(98418, 2, 9, 4, 3, 4, 0.02, 0.75, 7, 105000, '2014-02-25 22:42:53'),
(98419, 2, 9, 4, 4, 4, 0.94, 0.08, 9, 0, '2014-05-01 00:16:23'),
(98420, 1, 11, 2, 7, 13, 0.65, 0.08, 6, 120000, '2013-12-26 08:37:21'),
(98421, 1, 1, 7, 5, 16, 0.06, 0.87, 6, 228000, '2014-03-25 01:40:48'),
(98422, 2, 9, 3, 20, 4, 0.48, 0.96, 4, 0, '2014-04-09 09:44:51'),
(98423, 2, 9, 3, 4, 4, 0.27, 0.97, 3, 0, '2014-04-11 12:12:48'),
(98424, 2, 9, 3, 4, 4, 0.23, 0.19, 7, 0, '2014-06-25 14:47:30'),
(98425, 1, 5, 2, 13, 18, 0.79, 0.88, 7, 133000, '2014-05-27 19:14:59'),
(98426, 1, 6, 1, 17, 20, 0.58, 0.27, 1, 7000, '2014-04-03 06:36:26'),
(98427, 2, 9, 4, 20, 4, 0.18, 0.22, 4, 0, '2014-04-29 06:10:58'),
(98428, 1, 5, 2, 7, 18, 0.87, 0.83, 5, 195000, '2014-02-21 22:24:19'),
(98429, 2, 9, 3, 4, 4, 0.65, 0.51, 7, 0, '2014-01-25 08:26:52'),
(98430, 1, 11, 2, 11, 17, 0.3, 0.4, 6, 114000, '2014-07-07 18:46:32'),
(98431, 2, 9, 3, 20, 4, 0.8, 0.53, 6, 0, '2014-04-14 15:38:38'),
(98432, 1, 4, 1, 13, 20, 0.42, 0.73, 4, 88000, '2014-01-17 04:44:09'),
(98433, 1, 10, 8, 11, 20, 0.66, 0.82, 6, 156000, '2014-01-05 14:54:30'),
(98434, 1, 11, 7, 2, 13, 0.36, 0.36, 8, 464000, '2014-04-11 23:48:43'),
(98435, 1, 3, 1, 13, 19, 0.46, 0.77, 5, 110000, '2014-03-20 21:23:29'),
(98436, 1, 2, 8, 7, 15, 0.68, 0.11, 1, 28000, '2014-04-30 07:40:21'),
(98437, 2, 9, 3, 3, 4, 0.14, 0.49, 1, 15000, '2014-05-11 06:39:41'),
(98438, 2, 9, 3, 4, 4, 0.75, 0.49, 4, 0, '2014-03-19 20:19:20'),
(98439, 2, 9, 4, 4, 4, 0.99, 0.2, 7, 0, '2014-03-31 15:13:57'),
(98440, 2, 9, 4, 4, 4, 0.45, 0.71, 5, 0, '2014-03-25 21:05:59'),
(98441, 2, 9, 4, 4, 4, 0.02, 1, 2, 0, '2014-05-01 21:41:07'),
(98442, 2, 9, 4, 20, 4, 0.08, 0.03, 10, 0, '2014-03-07 18:32:09'),
(98443, 1, 2, 1, 10, 13, 0.79, 0.08, 6, 36000, '2014-02-21 14:34:31'),
(98444, 2, 9, 3, 20, 4, 0.73, 0.09, 3, 0, '2014-01-17 16:43:01'),
(98445, 2, 9, 3, 3, 4, 0.05, 0.92, 2, 30000, '2014-06-27 06:24:40'),
(98446, 2, 9, 3, 20, 4, 0.13, 0.76, 1, 0, '2014-05-16 08:51:30'),
(98447, 2, 9, 4, 3, 4, 0.78, 0.93, 5, 75000, '2014-01-28 13:47:03'),
(98448, 2, 9, 3, 3, 4, 0.53, 0.06, 4, 60000, '2014-05-15 02:10:45'),
(98449, 1, 2, 8, 1, 6, 0.35, 0.38, 2, 94000, '2014-06-21 02:48:14'),
(98450, 2, 9, 4, 20, 4, 0.65, 0.08, 7, 0, '2014-01-06 03:30:20'),
(98451, 2, 9, 4, 20, 4, 0.14, 0.49, 1, 0, '2014-04-04 02:05:19'),
(98452, 1, 1, 8, 14, 17, 0.03, 0.61, 3, 30000, '2014-01-25 21:20:11'),
(98453, 2, 9, 3, 3, 4, 0.32, 0.75, 4, 60000, '2014-01-02 12:32:25'),
(98454, 1, 4, 7, 9, 14, 0.25, 0.06, 4, 64000, '2014-03-24 00:20:12'),
(98455, 1, 10, 2, 13, 20, 0.54, 0.54, 6, 132000, '2014-05-18 01:22:17'),
(98456, 2, 9, 4, 3, 4, 0.53, 0.13, 10, 150000, '2014-05-02 21:57:12'),
(98457, 1, 7, 8, 10, 14, 0.41, 0.24, 7, 77000, '2014-05-13 14:20:48'),
(98458, 1, 7, 1, 18, 2, 0.9, 0.43, 7, 0, '2014-05-25 15:55:14'),
(98459, 2, 9, 3, 3, 4, 0.54, 0.62, 5, 75000, '2014-05-13 10:07:24'),
(98460, 1, 6, 7, 15, 18, 0.44, 0.79, 7, 77000, '2014-04-16 11:31:44'),
(98461, 1, 10, 1, 17, 20, 0.88, 0.96, 4, 28000, '2014-05-29 15:56:47'),
(98462, 2, 9, 3, 4, 4, 0.54, 0.96, 4, 0, '2014-02-09 18:27:42'),
(98463, 1, 1, 7, 4, 9, 0.36, 0.89, 10, 180000, '2014-03-18 20:29:43'),
(98464, 1, 7, 1, 17, 20, 0.91, 0.09, 9, 63000, '2014-02-09 17:34:14'),
(98465, 2, 9, 4, 3, 4, 0.32, 0.13, 3, 45000, '2013-12-21 16:24:41'),
(98466, 2, 9, 3, 3, 4, 0.42, 0.68, 9, 135000, '2014-04-16 21:47:48'),
(98467, 1, 10, 7, 9, 13, 0.27, 0.52, 1, 11000, '2014-02-03 11:16:45'),
(98468, 1, 1, 1, 13, 16, 0.91, 0.26, 9, 117000, '2014-04-14 18:10:23'),
(98469, 2, 9, 4, 4, 4, 0.04, 0.01, 6, 0, '2014-05-23 18:28:32'),
(98470, 1, 3, 7, 1, 8, 0.43, 0.54, 8, 416000, '2014-04-10 22:50:23'),
(98471, 2, 9, 4, 20, 4, 0.65, 0.13, 4, 0, '2014-05-17 01:58:02'),
(98472, 1, 6, 7, 11, 15, 0.48, 0.43, 9, 108000, '2014-01-06 21:56:45'),
(98473, 1, 10, 7, 4, 11, 0.9, 0.87, 4, 100000, '2014-01-22 20:34:40'),
(98474, 1, 10, 8, 16, 20, 0.2, 0.39, 7, 63000, '2014-06-24 15:25:33'),
(98475, 1, 10, 2, 14, 20, 0.94, 0.28, 5, 85000, '2014-01-21 16:51:50'),
(98476, 2, 9, 3, 3, 4, 0.87, 0.52, 6, 90000, '2014-01-19 12:54:39'),
(98477, 1, 4, 2, 11, 19, 0.3, 0.53, 6, 156000, '2014-07-05 16:59:57'),
(98478, 2, 9, 4, 4, 4, 0.48, 0.91, 8, 0, '2014-03-01 01:12:11'),
(98479, 2, 9, 4, 20, 4, 0.73, 0.02, 7, 0, '2014-01-04 13:35:24'),
(98480, 2, 9, 4, 20, 4, 0.11, 0.51, 3, 0, '2014-06-14 22:20:35'),
(98481, 2, 9, 3, 3, 4, 0.4, 0.41, 1, 15000, '2014-03-14 05:15:01'),
(98482, 2, 9, 3, 20, 4, 0.24, 0.06, 9, 0, '2013-12-28 03:00:47'),
(98483, 2, 9, 4, 3, 4, 0.94, 0.55, 9, 135000, '2014-04-14 12:37:43'),
(98484, 2, 9, 4, 4, 4, 0.54, 0.95, 10, 0, '2013-12-18 20:46:44'),
(98485, 1, 3, 1, 14, 17, 0.1, 0.95, 5, 50000, '2014-07-06 12:46:26'),
(98486, 1, 5, 8, 5, 12, 0.7, 0.98, 2, 46000, '2014-03-28 05:58:08'),
(98487, 2, 9, 3, 4, 4, 0.66, 0.25, 10, 0, '2014-06-06 20:22:52'),
(98488, 2, 9, 4, 3, 4, 0.06, 0.91, 10, 150000, '2014-02-14 13:09:10'),
(98489, 1, 11, 7, 18, 2, 0.28, 0.79, 4, 0, '2014-04-22 01:24:27'),
(98490, 1, 3, 8, 18, 2, 0.55, 0.28, 7, 0, '2014-07-07 10:50:45'),
(98491, 2, 9, 4, 3, 4, 0.77, 0.48, 6, 90000, '2014-07-13 15:07:03'),
(98492, 2, 9, 4, 3, 4, 0.91, 0.58, 5, 75000, '2013-12-21 08:34:14'),
(98493, 2, 9, 3, 4, 4, 0.7, 0.25, 7, 0, '2014-07-01 05:16:09'),
(98494, 2, 9, 4, 3, 4, 0.58, 0.64, 7, 105000, '2014-02-24 13:15:54'),
(98495, 1, 2, 8, 8, 17, 0.34, 0.37, 6, 192000, '2014-06-07 05:26:09'),
(98496, 1, 1, 2, 6, 20, 0.5, 0.67, 5, 220000, '2014-01-31 07:57:23'),
(98497, 1, 6, 8, 6, 14, 0.88, 0.93, 2, 54000, '2014-05-30 12:10:34'),
(98498, 2, 9, 3, 3, 4, 0.58, 0.72, 7, 105000, '2014-02-10 14:13:27'),
(98499, 1, 11, 8, 16, 19, 0.88, 0.14, 6, 54000, '2014-06-09 04:09:34'),
(98500, 2, 9, 3, 3, 4, 0.88, 0.76, 10, 150000, '2014-02-21 18:25:49'),
(98501, 2, 9, 4, 4, 4, 0.35, 0.85, 2, 0, '2014-04-20 15:06:29'),
(98502, 1, 11, 1, 13, 20, 0.22, 0.47, 9, 198000, '2014-03-31 16:28:06'),
(98503, 1, 11, 1, 4, 15, 0.3, 0.39, 5, 185000, '2014-06-28 08:39:21'),
(98504, 1, 3, 8, 11, 20, 0.66, 0.1, 3, 78000, '2013-12-18 09:00:50'),
(98505, 1, 2, 1, 1, 13, 0.1, 0.26, 3, 207000, '2014-01-02 09:01:17'),
(98506, 1, 7, 8, 18, 2, 0.92, 0.05, 3, 0, '2014-04-11 09:56:15'),
(98507, 1, 6, 1, 5, 19, 0.26, 0.09, 5, 235000, '2014-01-12 00:28:44'),
(98508, 2, 9, 3, 3, 4, 0.52, 0.97, 1, 15000, '2013-12-29 05:57:11'),
(98509, 1, 3, 2, 3, 18, 0.99, 0.07, 8, 504000, '2013-12-22 12:27:37'),
(98510, 2, 9, 3, 4, 4, 0.85, 0.57, 5, 0, '2014-05-19 10:13:26'),
(98511, 2, 9, 3, 3, 4, 0.76, 0.35, 1, 15000, '2014-05-29 14:30:17'),
(98512, 2, 9, 4, 3, 4, 0.15, 0.22, 3, 45000, '2014-07-09 04:30:12'),
(98513, 1, 4, 8, 5, 12, 0.61, 0.47, 9, 207000, '2014-06-06 00:40:17'),
(98514, 1, 5, 2, 1, 8, 0.86, 0.24, 3, 156000, '2014-01-23 20:21:32'),
(98515, 2, 9, 3, 3, 4, 0.33, 0.61, 5, 75000, '2014-03-22 08:39:41'),
(98516, 2, 9, 4, 3, 4, 0.07, 0.49, 1, 15000, '2014-03-15 08:35:21'),
(98517, 1, 5, 2, 17, 20, 0.78, 0.19, 10, 70000, '2013-12-30 17:38:07'),
(98518, 1, 2, 2, 5, 9, 0.92, 0.5, 10, 140000, '2014-03-09 10:41:50'),
(98519, 2, 9, 4, 20, 4, 0.42, 0, 1, 0, '2014-02-07 23:05:19'),
(98520, 1, 5, 2, 9, 17, 0.85, 0.81, 6, 156000, '2014-05-15 08:14:32'),
(98521, 2, 9, 4, 4, 4, 0.76, 0.97, 10, 0, '2014-06-26 12:01:27'),
(98522, 2, 9, 4, 20, 4, 0.35, 0.07, 7, 0, '2014-05-02 13:49:35'),
(98523, 1, 6, 7, 14, 19, 0.18, 0.05, 3, 51000, '2014-06-03 13:15:48'),
(98524, 2, 9, 3, 4, 4, 0.04, 0.23, 3, 0, '2014-06-07 04:28:34'),
(98525, 2, 9, 4, 3, 4, 0.31, 0.73, 4, 60000, '2014-05-02 04:09:33'),
(98526, 1, 4, 2, 14, 20, 0.89, 0.4, 7, 119000, '2014-04-19 01:52:40'),
(98527, 2, 9, 4, 4, 4, 0.8, 0.71, 3, 0, '2014-03-08 17:31:59'),
(98528, 2, 9, 4, 4, 4, 0.85, 0.38, 4, 0, '2014-07-02 02:01:27'),
(98529, 2, 9, 3, 4, 4, 0.74, 0.6, 10, 0, '2014-05-05 20:11:56'),
(98530, 1, 3, 2, 2, 19, 0.06, 0.85, 3, 240000, '2014-05-15 21:57:25'),
(98531, 2, 9, 4, 20, 4, 0.46, 0.66, 3, 0, '2014-07-03 17:58:32'),
(98532, 2, 9, 3, 4, 4, 0.43, 0.74, 8, 0, '2014-04-25 14:49:11'),
(98533, 1, 3, 7, 3, 17, 0.85, 0.47, 9, 531000, '2014-05-22 08:48:14'),
(98534, 2, 9, 3, 20, 4, 1, 0.21, 4, 0, '2014-05-18 20:03:26'),
(98535, 2, 9, 3, 4, 4, 0.7, 0.94, 10, 0, '2013-12-30 07:53:27'),
(98536, 1, 7, 8, 18, 2, 0.08, 0.51, 4, 0, '2014-06-18 12:28:53'),
(98537, 1, 10, 7, 2, 10, 0.42, 0.11, 6, 312000, '2014-05-27 23:24:06'),
(98538, 1, 6, 3, 36, 41, 108.56, -6.7, 1, 17250, '2014-07-16 22:42:04'),
(98539, 1, 7, 1, 2, 5, 107.637, -6.97012, 1, 40000, '2014-07-16 23:30:35'),
(98540, 1, 7, 3, 36, 37, 108.56, -6.7, 1, 1200, '2014-07-16 23:31:52'),
(98541, 1, 6, 4, 29, 30, 109.05, -6.86, 1, 4000, '2014-07-17 01:06:34'),
(98542, 1, 6, 4, 27, 28, 110, -7.71, 2, 2000, '2014-07-17 01:09:47'),
(98543, 1, 6, 4, 27, 28, 110, -7.71, 1, 1000, '2014-07-17 01:10:03'),
(98544, 1, 7, 4, 33, 26, 112.02, -6.88, 1, 14000, '2014-07-17 01:25:42'),
(98545, 1, 7, 4, 27, 28, 110, -7.71, 1, 1000, '2014-07-17 01:26:15'),
(98546, 1, 7, 4, 27, 29, 110, -7.71, 1, 2000, '2014-07-17 03:03:00'),
(98547, 1, 7, 4, 27, 31, 110, -7.71, 2, 18000, '2014-07-17 03:03:31'),
(98548, 1, 7, 4, 27, 28, 110, -7.71, 1, 1000, '2014-07-17 03:12:05'),
(98549, 1, 7, 4, 27, 34, 110, -7.71, 2, 24000, '2014-07-17 03:12:55'),
(98550, 1, 6, 4, 27, 34, 110, -7.71, 2, 24000, '2014-07-17 03:34:59'),
(98551, 1, 7, 4, 27, 29, 110, -7.71, 2, 4000, '2014-07-23 21:23:00'),
(98553, 1, 7, 4, 27, 29, 110, -7.71, 2, 4000, '2014-07-23 22:30:08'),
(98554, 1, 7, 3, 36, 38, 108.56, -6.7, 1, 6200, '2014-09-11 23:04:13'),
(98555, 1, 7, 3, 36, 42, 108.56, -6.7, 1, 20250, '2014-09-11 23:14:13'),
(98556, 1, 7, 3, 36, 45, 108.56, -6.7, 1, 27250, '2014-09-12 02:18:11'),
(98557, 1, 7, 3, 36, 42, 108.56, -6.7, 1, 20250, '2014-09-12 02:19:44'),
(98558, 1, 7, 3, 36, 42, 108.56, -6.7, 1, 20250, '2014-09-12 02:21:12'),
(98559, 1, 7, 3, 36, 42, 108.56, -6.7, 1, 20250, '2014-09-12 02:23:05'),
(98560, 1, 7, 3, 36, 42, 108.56, -6.7, 1, 20250, '2014-09-12 02:25:36'),
(98561, 1, 7, 3, 36, 42, 108.56, -6.7, 1, 20250, '2014-09-12 02:25:44'),
(98562, 1, 6, 3, 36, 37, 108.56, -6.7, 1, 1200, '2015-06-30 22:50:00'),
(98563, 1, 4, 3, 34, 36, 107.631, -6.97624, 2, 5000, '2015-09-13 21:08:08'),
(98564, 1, 4, 3, 34, 38, 107.631, -6.97624, 2, 17400, '2015-09-13 21:25:59'),
(98565, 1, 4, 3, 34, 36, 107.631, -6.97624, 2, 5000, '2015-09-15 03:56:46');

--
-- Triggers `transaksi`
--
DELIMITER $$
CREATE TRIGGER `trigg_after_add_transaction` AFTER INSERT ON `transaksi` FOR EACH ROW update `raw_track_data` set 
`raw_track_data`.`latitude` = NEW.`latitude`,
`raw_track_data`.`longitude` = NEW.`longitude`
where `raw_track_data`.`ID_Bus` = NEW.`ID_Bus`
$$
DELIMITER ;

-- --------------------------------------------------------

--
-- Table structure for table `trayek`
--

CREATE TABLE `trayek` (
  `ID` int(11) NOT NULL,
  `nama_trayek` varchar(64) NOT NULL,
  `ID_user` int(11) NOT NULL
) ENGINE=InnoDB DEFAULT CHARSET=latin1;

--
-- Dumping data for table `trayek`
--

INSERT INTO `trayek` (`ID`, `nama_trayek`, `ID_user`) VALUES
(1, 'Start - Finish (Klinik Pajajaran)', 1),
(2, 'Finish (Klinik Pajajaran) - Start', 1),
(3, 'Bandung - Tuban', 1),
(4, 'Tuban - Bandung', 1),
(7, 'Start1 - End1', 1),
(8, 'End1 - Start1', 1),
(9, 'UIN - RS Al Islam', 1),
(10, 'RS Al Islam - UIN', 1),
(11, 'Bandung - Klaten', 1),
(12, 'Klaten - Bandung', 1);

--
-- Triggers `trayek`
--
DELIMITER $$
CREATE TRIGGER `trigg_after_add_trayek` AFTER INSERT ON `trayek` FOR EACH ROW begin
   update t_version set version=version+1 where ID_user = new.ID_user;
end
$$
DELIMITER ;
DELIMITER $$
CREATE TRIGGER `trigg_after_edit_trayek` AFTER UPDATE ON `trayek` FOR EACH ROW update `t_version` set `t_version`.`version` = `t_version`.`version` + 1
$$
DELIMITER ;

-- --------------------------------------------------------

--
-- Table structure for table `t_version`
--

CREATE TABLE `t_version` (
  `ID_user` int(11) NOT NULL,
  `version` int(11) NOT NULL
) ENGINE=InnoDB DEFAULT CHARSET=latin1;

--
-- Dumping data for table `t_version`
--

INSERT INTO `t_version` (`ID_user`, `version`) VALUES
(1, 61),
(2, 17),
(3, 17),
(4, 17),
(5, 17),
(6, 17),
(7, 17),
(8, 16);

-- --------------------------------------------------------

--
-- Table structure for table `user`
--

CREATE TABLE `user` (
  `ID` int(11) NOT NULL,
  `username` varchar(32) NOT NULL,
  `nama_po` varchar(128) NOT NULL,
  `password` varchar(32) DEFAULT NULL,
  `photo` varchar(128) DEFAULT NULL,
  `authority` int(11) DEFAULT NULL
) ENGINE=InnoDB DEFAULT CHARSET=latin1;

--
-- Dumping data for table `user`
--

INSERT INTO `user` (`ID`, `username`, `nama_po`, `password`, `photo`, `authority`) VALUES
(1, 'admin', 'PO.Sumber Abadi', 'test', NULL, 4),
(2, 'andi', 'Alam', 'password1', NULL, 1),
(3, 'spa', 'Bahagia', 'ity', '', 1),
(4, 'anon', 'Sejahtera', 'pass', '', 1),
(5, 'malla', 'Sentosa', 'juju', '', 1),
(6, 'aagu', 'Jajaya', 'uui', 'NULL', 1),
(7, 'user', 'Jayaraga', '12345', 'NULL', 2),
(8, 'tesTrig', 'PO dummy', '123dd', NULL, 1);

--
-- Triggers `user`
--
DELIMITER $$
CREATE TRIGGER `trigg_after_add_user` AFTER INSERT ON `user` FOR EACH ROW begin
   insert into t_version set ID_user=new.ID and version = 1;
end
$$
DELIMITER ;

--
-- Indexes for dumped tables
--

--
-- Indexes for table `bus`
--
ALTER TABLE `bus`
  ADD PRIMARY KEY (`ID`),
  ADD KEY `bus_ibfk_1` (`ID_user`);

--
-- Indexes for table `harga_lokasi_trayek`
--
ALTER TABLE `harga_lokasi_trayek`
  ADD PRIMARY KEY (`ID_lokasi_asal`,`ID_lokasi_tujuan`,`ID_trayek`),
  ADD KEY `ID_lokasi_asal` (`ID_lokasi_asal`) USING BTREE,
  ADD KEY `ID_lokasi_tujuan` (`ID_lokasi_tujuan`) USING BTREE,
  ADD KEY `ID_trayek` (`ID_trayek`);

--
-- Indexes for table `lokasi`
--
ALTER TABLE `lokasi`
  ADD PRIMARY KEY (`ID`),
  ADD KEY `lokasi_ibfk_1` (`ID_user`);

--
-- Indexes for table `pengemudi`
--
ALTER TABLE `pengemudi`
  ADD PRIMARY KEY (`ID`);

--
-- Indexes for table `pengemudi_bus`
--
ALTER TABLE `pengemudi_bus`
  ADD KEY `ID_bus` (`ID_bus`),
  ADD KEY `ID_pengemudi` (`ID_pengemudi`);

--
-- Indexes for table `raw_track_data`
--
ALTER TABLE `raw_track_data`
  ADD UNIQUE KEY `ID_Bus` (`ID_Bus`);

--
-- Indexes for table `tipe_akun_admin`
--
ALTER TABLE `tipe_akun_admin`
  ADD PRIMARY KEY (`ID`);

--
-- Indexes for table `transaksi`
--
ALTER TABLE `transaksi`
  ADD PRIMARY KEY (`ID`),
  ADD KEY `ID_trayek` (`ID_trayek`),
  ADD KEY `ID_lokasi_asal` (`ID_lokasi_asal`),
  ADD KEY `ID_lokasi_tujuan` (`ID_lokasi_tujuan`),
  ADD KEY `ID_bus` (`ID_bus`) USING BTREE,
  ADD KEY `transaksi_ibfk_5` (`ID_user`);

--
-- Indexes for table `trayek`
--
ALTER TABLE `trayek`
  ADD PRIMARY KEY (`ID`),
  ADD KEY `trayek_ibfk_1` (`ID_user`);

--
-- Indexes for table `t_version`
--
ALTER TABLE `t_version`
  ADD KEY `t_version_ibfk_1` (`ID_user`);

--
-- Indexes for table `user`
--
ALTER TABLE `user`
  ADD PRIMARY KEY (`ID`),
  ADD UNIQUE KEY `username` (`username`),
  ADD KEY `user_ibfk_1` (`authority`);

--
-- AUTO_INCREMENT for dumped tables
--

--
-- AUTO_INCREMENT for table `bus`
--
ALTER TABLE `bus`
  MODIFY `ID` int(11) NOT NULL AUTO_INCREMENT, AUTO_INCREMENT=12;
--
-- AUTO_INCREMENT for table `lokasi`
--
ALTER TABLE `lokasi`
  MODIFY `ID` int(11) NOT NULL AUTO_INCREMENT, AUTO_INCREMENT=52;
--
-- AUTO_INCREMENT for table `tipe_akun_admin`
--
ALTER TABLE `tipe_akun_admin`
  MODIFY `ID` int(11) NOT NULL AUTO_INCREMENT, AUTO_INCREMENT=5;
--
-- AUTO_INCREMENT for table `transaksi`
--
ALTER TABLE `transaksi`
  MODIFY `ID` int(11) NOT NULL AUTO_INCREMENT, AUTO_INCREMENT=98566;
--
-- AUTO_INCREMENT for table `trayek`
--
ALTER TABLE `trayek`
  MODIFY `ID` int(11) NOT NULL AUTO_INCREMENT, AUTO_INCREMENT=13;
--
-- AUTO_INCREMENT for table `user`
--
ALTER TABLE `user`
  MODIFY `ID` int(11) NOT NULL AUTO_INCREMENT, AUTO_INCREMENT=9;
--
-- Constraints for dumped tables
--

--
-- Constraints for table `bus`
--
ALTER TABLE `bus`
  ADD CONSTRAINT `bus_ibfk_1` FOREIGN KEY (`ID_user`) REFERENCES `user` (`ID`);

--
-- Constraints for table `harga_lokasi_trayek`
--
ALTER TABLE `harga_lokasi_trayek`
  ADD CONSTRAINT `harga_lokasi_trayek_ibfk_1` FOREIGN KEY (`ID_lokasi_asal`) REFERENCES `lokasi` (`ID`),
  ADD CONSTRAINT `harga_lokasi_trayek_ibfk_2` FOREIGN KEY (`ID_lokasi_tujuan`) REFERENCES `lokasi` (`ID`),
  ADD CONSTRAINT `harga_lokasi_trayek_ibfk_3` FOREIGN KEY (`ID_trayek`) REFERENCES `trayek` (`ID`);

--
-- Constraints for table `lokasi`
--
ALTER TABLE `lokasi`
  ADD CONSTRAINT `lokasi_ibfk_1` FOREIGN KEY (`ID_user`) REFERENCES `user` (`ID`);

--
-- Constraints for table `pengemudi_bus`
--
ALTER TABLE `pengemudi_bus`
  ADD CONSTRAINT `pengemudi_bus_ibfk_1` FOREIGN KEY (`ID_pengemudi`) REFERENCES `pengemudi` (`ID`),
  ADD CONSTRAINT `pengemudi_bus_ibfk_2` FOREIGN KEY (`ID_bus`) REFERENCES `bus` (`ID`);

--
-- Constraints for table `raw_track_data`
--
ALTER TABLE `raw_track_data`
  ADD CONSTRAINT `raw_track_data_ibfk_1` FOREIGN KEY (`ID_Bus`) REFERENCES `bus` (`ID`);

--
-- Constraints for table `transaksi`
--
ALTER TABLE `transaksi`
  ADD CONSTRAINT `transaksi_ibfk_1` FOREIGN KEY (`ID_bus`) REFERENCES `bus` (`ID`),
  ADD CONSTRAINT `transaksi_ibfk_2` FOREIGN KEY (`ID_trayek`) REFERENCES `trayek` (`ID`),
  ADD CONSTRAINT `transaksi_ibfk_3` FOREIGN KEY (`ID_lokasi_asal`) REFERENCES `lokasi` (`ID`),
  ADD CONSTRAINT `transaksi_ibfk_4` FOREIGN KEY (`ID_lokasi_tujuan`) REFERENCES `lokasi` (`ID`),
  ADD CONSTRAINT `transaksi_ibfk_5` FOREIGN KEY (`ID_user`) REFERENCES `user` (`ID`);

--
-- Constraints for table `trayek`
--
ALTER TABLE `trayek`
  ADD CONSTRAINT `trayek_ibfk_1` FOREIGN KEY (`ID_user`) REFERENCES `user` (`ID`);

--
-- Constraints for table `t_version`
--
ALTER TABLE `t_version`
  ADD CONSTRAINT `t_version_ibfk_1` FOREIGN KEY (`ID_user`) REFERENCES `user` (`ID`);

--
-- Constraints for table `user`
--
ALTER TABLE `user`
  ADD CONSTRAINT `user_ibfk_1` FOREIGN KEY (`authority`) REFERENCES `tipe_akun_admin` (`ID`);

/*!40101 SET CHARACTER_SET_CLIENT=@OLD_CHARACTER_SET_CLIENT */;
/*!40101 SET CHARACTER_SET_RESULTS=@OLD_CHARACTER_SET_RESULTS */;
/*!40101 SET COLLATION_CONNECTION=@OLD_COLLATION_CONNECTION */;
